"Title:","'ALCORT_R3_Huawei_Trunk5.401 - Lyntia CEGA Traffic'"
"Vertical Label:","'bits per second'"
"Start Date:","2026-03-27 17:00:00"
"End Date:","2026-03-27 17:00:00"
"Step:","7200"
"Total Rows:","373"
"Graph ID:","304"
"Host ID:","6"
""
"Date","Inbound","Outbound"
"2026-03-27 17:00:00","2.2368904717e+06","1.6780289099e+07"
"2026-03-27 19:00:00","1.5265868677e+06","1.0841080096e+07"
"2026-03-27 21:00:00","1.9535286749e+06","1.4480035519e+07"
"2026-03-27 23:00:00","2.4357613329e+06","2.7517886386e+07"
"2026-03-28 01:00:00","6.1820411662e+06","2.7539337150e+07"
"2026-03-28 03:00:00","1.7979197897e+06","6.4590175182e+06"
"2026-03-28 05:00:00","1.8938598088e+06","8.0047878475e+06"
"2026-03-28 07:00:00","8.3536287143e+06","7.8003315018e+06"
"2026-03-28 09:00:00","1.2784837903e+07","1.6415676107e+07"
"2026-03-28 11:00:00","1.8980143549e+07","1.5317395061e+07"
"2026-03-28 13:00:00","1.3088654761e+07","2.8345533665e+07"
"2026-03-28 15:00:00","4.2337602475e+06","1.0526944477e+07"
"2026-03-28 17:00:00","6.8058900188e+06","3.5008229859e+07"
"2026-03-28 19:00:00","6.7841283707e+06","4.4859735847e+07"
"2026-03-28 21:00:00","7.3649985769e+06","2.0914893835e+07"
"2026-03-28 23:00:00","6.0037470095e+06","3.4894824292e+07"
"2026-03-29 01:00:00","6.2529829178e+06","2.1585236087e+07"
"2026-03-29 04:00:00","3.6636190764e+06","1.8823525872e+06"
"2026-03-29 06:00:00","3.3269789954e+06","3.4085495348e+06"
"2026-03-29 08:00:00","2.6008840047e+06","4.7784851588e+06"
"2026-03-29 10:00:00","2.6227354642e+06","5.8971083794e+06"
"2026-03-29 12:00:00","3.0441426527e+06","7.0853229305e+06"
"2026-03-29 14:00:00","3.4570140961e+06","1.0035202409e+07"
"2026-03-29 16:00:00","4.0703480289e+06","1.5170471345e+07"
"2026-03-29 18:00:00","3.5701883591e+06","2.0126400738e+07"
"2026-03-29 20:00:00","4.2116732716e+06","2.4895942674e+07"
"2026-03-29 22:00:00","4.1453773674e+06","1.9085203666e+07"
"2026-03-30 00:00:00","3.7307311654e+06","2.1112261102e+07"
"2026-03-30 02:00:00","3.2503711887e+06","1.8447921778e+07"
"2026-03-30 04:00:00","2.3127097929e+06","2.2716379506e+06"
"2026-03-30 06:00:00","2.6401385591e+06","1.3788817640e+06"
"2026-03-30 08:00:00","2.4461512877e+06","2.3133960810e+06"
"2026-03-30 10:00:00","2.9119221927e+06","1.0409334467e+07"
"2026-03-30 12:00:00","3.3800587993e+06","8.4049569848e+06"
"2026-03-30 14:00:00","3.0389347418e+06","1.7037429923e+07"
"2026-03-30 16:00:00","2.4437358718e+06","1.6895381672e+07"
"2026-03-30 18:00:00","1.7670578077e+06","8.5878183959e+06"
"2026-03-30 20:00:00","1.3433562356e+06","1.1541510260e+07"
"2026-03-30 22:00:00","1.3570751796e+06","1.3013748728e+07"
"2026-03-31 00:00:00","2.0485848765e+06","1.9217832639e+07"
"2026-03-31 02:00:00","1.5860969691e+06","1.4231250594e+07"
"2026-03-31 04:00:00","7.3677158011e+05","1.5060149606e+06"
"2026-03-31 06:00:00","8.1182583007e+05","1.5656659631e+06"
"2026-03-31 08:00:00","8.5824613322e+05","3.7870630348e+06"
"2026-03-31 10:00:00","1.3300967420e+06","6.6081887728e+06"
"2026-03-31 12:00:00","2.2360526757e+06","2.0422130454e+07"
"2026-03-31 14:00:00","1.8163201125e+06","1.3875913033e+07"
"2026-03-31 16:00:00","2.8439975504e+06","1.8879807009e+07"
"2026-03-31 18:00:00","2.4591773870e+06","1.5867848835e+07"
"2026-03-31 20:00:00","1.0843440591e+06","1.5563488440e+07"
"2026-03-31 22:00:00","1.7519427319e+06","2.2091767560e+07"
"2026-04-01 00:00:00","1.8932385508e+06","2.3851096291e+07"
"2026-04-01 02:00:00","1.3112226158e+06","1.2851898544e+07"
"2026-04-01 04:00:00","8.1728948202e+05","3.2360424635e+06"
"2026-04-01 06:00:00","1.7548054988e+06","2.3310254957e+06"
"2026-04-01 08:00:00","7.7205922282e+05","3.6818124423e+06"
"2026-04-01 10:00:00","1.0505223798e+06","8.5276458351e+06"
"2026-04-01 12:00:00","1.6380176991e+06","1.4861289927e+07"
"2026-04-01 14:00:00","2.7512591953e+06","1.9578696130e+07"
"2026-04-01 16:00:00","1.4451189702e+06","2.2983070174e+07"
"2026-04-01 18:00:00","1.6463652595e+06","2.4853064334e+07"
"2026-04-01 20:00:00","1.3739909919e+06","2.5858989218e+07"
"2026-04-01 22:00:00","2.6997194815e+06","1.5210478854e+07"
"2026-04-02 00:00:00","2.2163076271e+06","1.5496164763e+07"
"2026-04-02 02:00:00","1.6803830963e+06","1.0424892341e+07"
"2026-04-02 04:00:00","1.9195415574e+06","3.9442963963e+06"
"2026-04-02 06:00:00","6.1461412009e+06","4.6909035090e+06"
"2026-04-02 08:00:00","2.6566086323e+06","5.9546873750e+06"
"2026-04-02 10:00:00","2.3986617240e+06","8.2561181683e+06"
"2026-04-02 12:00:00","2.8180073023e+06","8.3535816127e+06"
"2026-04-02 14:00:00","2.0803455111e+06","1.5065434655e+07"
"2026-04-02 16:00:00","2.8703139766e+06","1.9499411371e+07"
"2026-04-02 18:00:00","4.1713779203e+06","2.3919289746e+07"
"2026-04-02 20:00:00","2.5587879979e+06","7.4553215266e+06"
"2026-04-02 22:00:00","2.2788137114e+06","1.1503142323e+07"
"2026-04-03 00:00:00","2.8329033877e+06","3.1160283662e+07"
"2026-04-03 02:00:00","2.3421539296e+06","1.2004273105e+07"
"2026-04-03 04:00:00","1.5337022242e+06","4.3240479417e+06"
"2026-04-03 06:00:00","1.5504688356e+06","2.2114605416e+06"
"2026-04-03 08:00:00","2.1451648372e+06","4.6609066788e+06"
"2026-04-03 10:00:00","3.1572701860e+06","1.0416825742e+07"
"2026-04-03 12:00:00","3.7372344131e+06","2.9678982109e+07"
"2026-04-03 14:00:00","5.3281906433e+06","1.5651988094e+07"
"2026-04-03 16:00:00","3.2303708353e+06","1.9784339072e+07"
"2026-04-03 18:00:00","3.8179107017e+06","2.0252378783e+07"
"2026-04-03 20:00:00","2.8702491788e+06","1.3212795489e+07"
"2026-04-03 22:00:00","4.6807023553e+06","1.3412744291e+07"
"2026-04-04 00:00:00","3.5495198046e+06","4.0763725907e+07"
"2026-04-04 02:00:00","3.5626232078e+06","2.8695753836e+07"
"2026-04-04 04:00:00","2.2268292077e+06","1.4874275674e+07"
"2026-04-04 06:00:00","1.6216650056e+06","6.7941899195e+06"
"2026-04-04 08:00:00","1.6698217546e+06","9.8197285668e+06"
"2026-04-04 10:00:00","1.8642375959e+06","2.0544176512e+07"
"2026-04-04 12:00:00","6.1075373292e+06","2.2990694711e+07"
"2026-04-04 14:00:00","1.5177675299e+06","1.5014385666e+07"
"2026-04-04 16:00:00","1.6551947472e+06","1.0146093860e+07"
"2026-04-04 18:00:00","4.2431100750e+06","2.9040426738e+07"
"2026-04-04 20:00:00","1.2963401223e+06","2.0262793065e+07"
"2026-04-04 22:00:00","1.2387985817e+06","1.4016997564e+07"
"2026-04-05 00:00:00","3.9020576912e+06","3.3967583815e+07"
"2026-04-05 02:00:00","1.7718919414e+06","2.1749757920e+07"
"2026-04-05 04:00:00","8.5913258326e+05","6.5504823710e+06"
"2026-04-05 06:00:00","8.1835899485e+05","1.4914033826e+06"
"2026-04-05 08:00:00","8.0390482430e+05","1.6810681530e+06"
"2026-04-05 10:00:00","1.0964019433e+06","1.4205705944e+07"
"2026-04-05 12:00:00","1.7503514558e+06","1.4634746659e+07"
"2026-04-05 14:00:00","1.9642800986e+06","1.5298433669e+07"
"2026-04-05 16:00:00","2.0190088921e+06","2.1987661106e+07"
"2026-04-05 18:00:00","6.3890082830e+06","2.8953213975e+07"
"2026-04-05 20:00:00","2.2984477467e+06","1.3855074413e+07"
"2026-04-05 22:00:00","2.4822018055e+06","1.4558506415e+07"
"2026-04-06 00:00:00","2.7809880935e+06","2.0727135597e+07"
"2026-04-06 02:00:00","1.4861772112e+06","6.6612062617e+06"
"2026-04-06 04:00:00","1.2785482114e+06","2.1601804268e+06"
"2026-04-06 06:00:00","1.1985302306e+06","1.8879783345e+06"
"2026-04-06 08:00:00","1.5732164057e+06","6.3999661766e+06"
"2026-04-06 10:00:00","2.2076814531e+06","1.5360111803e+07"
"2026-04-06 12:00:00","3.7505708830e+06","1.3380646967e+07"
"2026-04-06 14:00:00","3.4858414765e+06","1.2397878842e+07"
"2026-04-06 16:00:00","5.1500611402e+06","1.4606855930e+07"
"2026-04-06 18:00:00","3.0243535528e+06","1.2063737607e+07"
"2026-04-06 20:00:00","3.1799588088e+06","7.9658131295e+06"
"2026-04-06 22:00:00","3.2060147560e+06","1.0683495450e+07"
"2026-04-07 00:00:00","3.3763646936e+06","1.7393032962e+07"
"2026-04-07 02:00:00","2.8297480918e+06","9.8408085124e+06"
"2026-04-07 04:00:00","2.5065281295e+06","5.4574128934e+06"
"2026-04-07 06:00:00","2.3889560462e+06","5.5903993685e+06"
"2026-04-07 08:00:00","2.8090695702e+06","6.2642515016e+06"
"2026-04-07 10:00:00","3.0350491947e+06","7.4323454689e+06"
"2026-04-07 12:00:00","3.4679192736e+06","1.4595346622e+07"
"2026-04-07 14:00:00","3.2924295910e+06","1.6010389133e+07"
"2026-04-07 16:00:00","3.4234698801e+06","1.3194596988e+07"
"2026-04-07 18:00:00","3.1347391901e+06","1.1395444502e+07"
"2026-04-07 20:00:00","3.1920021790e+06","1.2778138312e+07"
"2026-04-07 22:00:00","3.4286535787e+06","1.5109316711e+07"
"2026-04-08 00:00:00","4.0250125418e+06","1.6802810559e+07"
"2026-04-08 02:00:00","2.3887407998e+06","5.2028694941e+06"
"2026-04-08 04:00:00","2.0451382658e+06","2.4943565514e+06"
"2026-04-08 06:00:00","1.8488411373e+06","3.3668684649e+06"
"2026-04-08 08:00:00","2.1771418422e+06","6.1420722153e+06"
"2026-04-08 10:00:00","1.3989125891e+06","5.8905387561e+06"
"2026-04-08 12:00:00","1.7045975122e+06","9.7726691488e+06"
"2026-04-08 14:00:00","2.1203616993e+06","1.2767835069e+07"
"2026-04-08 16:00:00","1.8171897420e+06","1.0911362225e+07"
"2026-04-08 18:00:00","1.5597027800e+06","9.2808997295e+06"
"2026-04-08 20:00:00","1.2237105418e+06","1.0863326064e+07"
"2026-04-08 22:00:00","2.0832634436e+06","1.2081367646e+07"
"2026-04-09 00:00:00","2.0662003290e+06","1.5555044909e+07"
"2026-04-09 02:00:00","9.8211852741e+05","5.5682615188e+06"
"2026-04-09 04:00:00","9.8432035959e+05","1.9985527581e+06"
"2026-04-09 06:00:00","9.2592693984e+05","3.0704707802e+06"
"2026-04-09 08:00:00","1.0975525607e+06","8.2492246523e+06"
"2026-04-09 10:00:00","1.3316657745e+06","4.8086186172e+06"
"2026-04-09 12:00:00","1.2741049760e+06","8.6818804581e+06"
"2026-04-09 14:00:00","2.1243492392e+06","6.6813136773e+06"
"2026-04-09 16:00:00","1.4475993329e+06","1.5262992730e+07"
"2026-04-09 18:00:00","1.2057360508e+06","9.7889500507e+06"
"2026-04-09 20:00:00","1.5078526880e+06","9.3781170432e+06"
"2026-04-09 22:00:00","1.8342686757e+06","1.4292260340e+07"
"2026-04-10 00:00:00","1.8060517731e+06","1.5598722190e+07"
"2026-04-10 02:00:00","1.1587500081e+06","1.0001973291e+07"
"2026-04-10 04:00:00","1.2505654292e+06","7.8118731965e+06"
"2026-04-10 06:00:00","9.4575293848e+05","3.5651212814e+06"
"2026-04-10 08:00:00","1.0773585900e+06","6.6252866250e+06"
"2026-04-10 10:00:00","1.5009042023e+06","5.7915701927e+06"
"2026-04-10 12:00:00","1.7357854407e+06","9.0799749019e+06"
"2026-04-10 14:00:00","1.5922646005e+06","1.3434183046e+07"
"2026-04-10 16:00:00","2.1998103374e+06","1.3832951651e+07"
"2026-04-10 18:00:00","1.8432928217e+06","1.4477017716e+07"
"2026-04-10 20:00:00","2.1700956919e+06","5.1531575247e+06"
"2026-04-10 22:00:00","3.3257183341e+06","1.2003863875e+07"
"2026-04-11 00:00:00","3.1333735840e+06","3.0209859639e+07"
"2026-04-11 02:00:00","1.4212681888e+06","9.9440092871e+06"
"2026-04-11 04:00:00","1.1458441934e+06","1.9126369121e+06"
"2026-04-11 06:00:00","1.1204510861e+06","2.5890652309e+06"
"2026-04-11 08:00:00","1.1601147688e+06","5.4544669808e+06"
"2026-04-11 10:00:00","1.3775458896e+06","8.9982061509e+06"
"2026-04-11 12:00:00","1.5487765961e+06","1.0066688241e+07"
"2026-04-11 14:00:00","1.8482734462e+06","9.0800110942e+06"
"2026-04-11 16:00:00","1.6915118171e+06","2.0036563047e+07"
"2026-04-11 18:00:00","1.6502665329e+06","1.9721792159e+07"
"2026-04-11 20:00:00","3.8063266455e+06","2.4567589674e+07"
"2026-04-11 22:00:00","2.1034797323e+06","2.7098942224e+07"
"2026-04-12 00:00:00","2.1083179909e+06","2.9964719105e+07"
"2026-04-12 02:00:00","1.2154267323e+06","1.2691825113e+07"
"2026-04-12 04:00:00","1.0684747364e+06","1.9073439607e+06"
"2026-04-12 06:00:00","9.4073366528e+05","1.8314483752e+06"
"2026-04-12 08:00:00","2.8684941983e+06","3.7534435959e+06"
"2026-04-12 10:00:00","1.2218793097e+06","7.9975830109e+06"
"2026-04-12 12:00:00","1.8831738767e+06","1.2695601744e+07"
"2026-04-12 14:00:00","1.6324119099e+06","9.3509670301e+06"
"2026-04-12 16:00:00","1.7125521252e+06","1.4387773317e+07"
"2026-04-12 18:00:00","2.9334281284e+06","2.3703481060e+07"
"2026-04-12 20:00:00","1.9457892882e+06","3.6798058385e+07"
"2026-04-12 22:00:00","1.6520306971e+06","1.8342343315e+07"
"2026-04-13 00:00:00","1.5152167667e+06","1.5508921894e+07"
"2026-04-13 02:00:00","5.8116657968e+05","5.0109390549e+06"
"2026-04-13 04:00:00","5.7144586117e+05","7.9440806991e+05"
"2026-04-13 06:00:00","5.6985447308e+05","6.8562221761e+05"
"2026-04-13 08:00:00","6.3768734753e+05","3.5763497410e+06"
"2026-04-13 10:00:00","8.4044427567e+05","4.9040378868e+06"
"2026-04-13 12:00:00","1.0127153193e+06","5.2338858632e+06"
"2026-04-13 14:00:00","1.0364278926e+06","1.0388999553e+07"
"2026-04-13 16:00:00","1.2751404872e+06","1.3888154551e+07"
"2026-04-13 18:00:00","1.7356994818e+06","1.6088972621e+07"
"2026-04-13 20:00:00","9.0864026196e+05","7.0768737935e+06"
"2026-04-13 22:00:00","1.3671594431e+06","1.5444523794e+07"
"2026-04-14 00:00:00","1.6825392696e+06","1.6654554019e+07"
"2026-04-14 02:00:00","9.4845264262e+05","8.9955524176e+06"
"2026-04-14 04:00:00","6.4948094282e+05","1.8933813680e+06"
"2026-04-14 06:00:00","5.9457464913e+05","8.8995128706e+05"
"2026-04-14 08:00:00","8.1415697285e+05","5.4448214100e+06"
"2026-04-14 10:00:00","9.7971445654e+05","8.7829224169e+06"
"2026-04-14 12:00:00","1.0927765725e+06","3.9352200949e+06"
"2026-04-14 14:00:00","1.0454401314e+06","3.7529054501e+06"
"2026-04-14 16:00:00","2.8270770502e+06","1.7411149795e+07"
"2026-04-14 18:00:00","1.5246731927e+06","1.6104568953e+07"
"2026-04-14 20:00:00","1.6500555831e+06","1.8582324969e+07"
"2026-04-14 22:00:00","2.1926754722e+06","1.8886868322e+07"
"2026-04-15 00:00:00","2.5847506225e+06","2.7174290732e+07"
"2026-04-15 02:00:00","9.0112370715e+05","8.2120358460e+06"
"2026-04-15 04:00:00","1.5302327760e+06","4.5050307616e+06"
"2026-04-15 06:00:00","7.0677458892e+05","1.1275912405e+06"
"2026-04-15 08:00:00","9.2855850597e+05","5.6380304381e+06"
"2026-04-15 10:00:00","1.3266729438e+06","9.7079390609e+06"
"2026-04-15 12:00:00","1.7159833906e+06","7.8978459707e+06"
"2026-04-15 14:00:00","1.1655799635e+06","1.0159833448e+07"
"2026-04-15 16:00:00","2.0980681530e+06","1.3528438247e+07"
"2026-04-15 18:00:00","1.2117816636e+06","1.5630324142e+07"
"2026-04-15 20:00:00","9.2561935350e+05","1.3230226017e+07"
"2026-04-15 22:00:00","5.0612868240e+06","2.0528523332e+07"
"2026-04-16 00:00:00","3.6249819022e+06","2.5782976536e+07"
"2026-04-16 02:00:00","9.8483767080e+05","7.4348208922e+06"
"2026-04-16 04:00:00","1.5095484529e+06","4.9619712804e+06"
"2026-04-16 06:00:00","8.7435561535e+05","3.9668823891e+06"
"2026-04-16 08:00:00","9.8769342637e+05","8.2535327132e+06"
"2026-04-16 10:00:00","1.2056925418e+06","9.4333350710e+06"
"2026-04-16 12:00:00","1.2917664035e+06","1.0974380552e+07"
"2026-04-16 14:00:00","1.3550015059e+06","7.1963360482e+06"
"2026-04-16 16:00:00","2.2843568538e+06","1.6410920599e+07"
"2026-04-16 18:00:00","2.0170212938e+06","9.7118580839e+06"
"2026-04-16 20:00:00","9.6422916661e+05","7.1293543703e+06"
"2026-04-16 22:00:00","1.2078088031e+06","6.6659396018e+06"
"2026-04-17 00:00:00","1.4463024200e+06","9.4510967392e+06"
"2026-04-17 02:00:00","1.4094060626e+06","5.6844351197e+06"
"2026-04-17 04:00:00","1.4668547812e+06","2.5664662784e+06"
"2026-04-17 06:00:00","6.8965408502e+05","2.0255243853e+06"
"2026-04-17 08:00:00","8.0726331970e+05","4.6538092513e+06"
"2026-04-17 10:00:00","9.4745234104e+05","6.4093229646e+06"
"2026-04-17 12:00:00","1.2117832275e+06","1.0269051473e+07"
"2026-04-17 14:00:00","4.0837066116e+06","1.0429719312e+07"
"2026-04-17 16:00:00","1.4982210338e+06","1.5466036926e+07"
"2026-04-17 18:00:00","1.7865406055e+06","1.8102581819e+07"
"2026-04-17 20:00:00","1.0539345932e+06","7.6687259936e+06"
"2026-04-17 22:00:00","1.1530812212e+06","1.0279513579e+07"
"2026-04-18 00:00:00","2.5582359543e+06","2.2241067446e+07"
"2026-04-18 02:00:00","1.5673423900e+06","5.3565898101e+06"
"2026-04-18 04:00:00","8.2610476817e+05","1.9044494129e+06"
"2026-04-18 06:00:00","8.2014843594e+05","2.2055951928e+06"
"2026-04-18 08:00:00","8.2056803120e+05","2.3543940769e+06"
"2026-04-18 10:00:00","1.2182351876e+06","7.9758301288e+06"
"2026-04-18 12:00:00","1.9408565977e+06","1.1964105925e+07"
"2026-04-18 14:00:00","1.7423508465e+06","8.8459787308e+06"
"2026-04-18 16:00:00","2.6492197128e+06","1.0737287327e+07"
"2026-04-18 18:00:00","1.2150256665e+06","1.4924011996e+07"
"2026-04-18 20:00:00","1.4066192840e+06","4.5475461764e+06"
"2026-04-18 22:00:00","2.0156899101e+06","9.6603093576e+06"
"2026-04-19 00:00:00","4.6703239244e+06","2.1818286841e+07"
"2026-04-19 02:00:00","9.8682847414e+05","1.1996539331e+07"
"2026-04-19 04:00:00","9.6087046789e+05","2.6136227069e+06"
"2026-04-19 06:00:00","1.1089995282e+06","4.4061721502e+06"
"2026-04-19 08:00:00","7.3338363633e+05","2.0390706849e+06"
"2026-04-19 10:00:00","1.8646437598e+06","9.2764844064e+06"
"2026-04-19 12:00:00","2.0054458679e+06","9.3586103420e+06"
"2026-04-19 14:00:00","3.4131244342e+06","1.1049694152e+07"
"2026-04-19 16:00:00","2.4616083483e+06","1.6876830026e+07"
"2026-04-19 18:00:00","2.1118775684e+06","1.6316091017e+07"
"2026-04-19 20:00:00","2.3265848672e+06","1.5999591344e+07"
"2026-04-19 22:00:00","2.0942399878e+06","2.1401692316e+07"
"2026-04-20 00:00:00","2.7288859122e+06","1.9656617172e+07"
"2026-04-20 02:00:00","1.0045699904e+06","6.4949120820e+06"
"2026-04-20 04:00:00","7.3934914954e+05","9.7528664157e+05"
"2026-04-20 06:00:00","6.4007386042e+05","1.0294902142e+06"
"2026-04-20 08:00:00","1.5065957793e+06","5.8399651275e+06"
"2026-04-20 10:00:00","8.2437306237e+05","3.9103648343e+06"
"2026-04-20 12:00:00","1.6572073338e+06","3.2884002493e+06"
"2026-04-20 14:00:00","1.0156678025e+06","8.0524490143e+06"
"2026-04-20 16:00:00","1.5457924777e+06","1.4973970929e+07"
"2026-04-20 18:00:00","1.9120259939e+06","1.3033469443e+07"
"2026-04-20 20:00:00","1.4834528027e+06","8.2248396118e+06"
"2026-04-20 22:00:00","2.4868791142e+06","1.3109700175e+07"
"2026-04-21 00:00:00","1.4572975668e+06","1.5794487972e+07"
"2026-04-21 02:00:00","8.4228874262e+05","3.7408182730e+06"
"2026-04-21 04:00:00","8.0232666020e+05","2.1846797060e+06"
"2026-04-21 06:00:00","1.4445172796e+06","2.3207460812e+06"
"2026-04-21 08:00:00","7.7494094382e+05","3.3728515165e+06"
"2026-04-21 10:00:00","1.7797997768e+06","4.4280393760e+06"
"2026-04-21 12:00:00","2.3056024388e+06","1.1537404321e+07"
"2026-04-21 14:00:00","2.8900616886e+06","2.2031955386e+07"
"2026-04-21 16:00:00","2.3538654052e+06","2.6795790910e+07"
"2026-04-21 18:00:00","1.2653447686e+06","1.2682256139e+07"
"2026-04-21 20:00:00","9.5554206089e+05","1.0700889568e+07"
"2026-04-21 22:00:00","2.5672233109e+06","1.4341910826e+07"
"2026-04-22 00:00:00","5.5453365007e+06","2.9326863596e+07"
"2026-04-22 02:00:00","8.4757981324e+05","6.0212344817e+06"
"2026-04-22 04:00:00","1.6291940959e+06","3.0758976237e+06"
"2026-04-22 06:00:00","7.4655785925e+05","1.9378447729e+06"
"2026-04-22 08:00:00","1.7327101690e+06","5.7053384974e+06"
"2026-04-22 10:00:00","1.2291947458e+06","8.3112528216e+06"
"2026-04-22 12:00:00","1.1101084958e+06","1.1710470692e+07"
"2026-04-22 14:00:00","1.9643745009e+06","1.1642423678e+07"
"2026-04-22 16:00:00","1.2565333617e+06","1.3881553142e+07"
"2026-04-22 18:00:00","1.2849049970e+06","1.4793409705e+07"
"2026-04-22 20:00:00","2.1083084394e+06","1.0926977654e+07"
"2026-04-22 22:00:00","2.2412745853e+06","1.5171013836e+07"
"2026-04-23 00:00:00","1.7399004499e+06","2.3900879444e+07"
"2026-04-23 02:00:00","1.4904861191e+06","5.4060348003e+06"
"2026-04-23 04:00:00","8.2197475522e+05","1.5895583762e+06"
"2026-04-23 06:00:00","6.9958884919e+05","8.6323267530e+05"
"2026-04-23 08:00:00","1.4661990647e+06","4.8286037585e+06"
"2026-04-23 10:00:00","1.0645310384e+06","8.7567514854e+06"
"2026-04-23 12:00:00","1.9405983520e+06","1.6176454962e+07"
"2026-04-23 14:00:00","1.2368876340e+06","1.5861937423e+07"
"2026-04-23 16:00:00","1.1460481422e+06","1.4373615782e+07"
"2026-04-23 18:00:00","1.4014215781e+06","8.9087869033e+06"
"2026-04-23 20:00:00","1.5866433764e+06","1.4366361143e+07"
"2026-04-23 22:00:00","1.5099825318e+06","1.4954974915e+07"
"2026-04-24 00:00:00","2.4585342239e+06","2.9502275869e+07"
"2026-04-24 02:00:00","8.2506433742e+05","1.0042466664e+07"
"2026-04-24 04:00:00","7.9793380198e+05","4.7210755822e+06"
"2026-04-24 06:00:00","1.4167103029e+06","2.6762182693e+06"
"2026-04-24 08:00:00","9.7524413154e+05","3.3301651699e+06"
"2026-04-24 10:00:00","2.0397593155e+06","1.2682092915e+07"
"2026-04-24 12:00:00","1.5040751648e+06","1.3764118607e+07"
"2026-04-24 14:00:00","1.3116523589e+06","8.9127898099e+06"
"2026-04-24 16:00:00","1.6368781601e+06","1.2993578256e+07"
"2026-04-24 18:00:00","2.1959665425e+06","1.9142841731e+07"
"2026-04-24 20:00:00","1.9570478377e+06","1.1291488901e+07"
"2026-04-24 22:00:00","2.2471741574e+06","1.6082940801e+07"
"2026-04-25 00:00:00","3.1041083128e+06","3.1862435664e+07"
"2026-04-25 02:00:00","9.6676932849e+05","9.9713851586e+06"
"2026-04-25 04:00:00","8.9005716191e+05","4.0469221959e+06"
"2026-04-25 06:00:00","3.5193579725e+06","3.8185907740e+06"
"2026-04-25 08:00:00","1.3955929967e+06","3.0165361350e+06"
"2026-04-25 10:00:00","1.2796698129e+06","1.1493098662e+07"
"2026-04-25 12:00:00","1.1594893136e+06","1.8746627988e+07"
"2026-04-25 14:00:00","1.9027281195e+06","1.5771145299e+07"
"2026-04-25 16:00:00","2.1453218454e+06","2.0207649689e+07"
"2026-04-25 18:00:00","3.3792630093e+06","1.3820792898e+07"
"2026-04-25 20:00:00","3.8987932887e+06","1.2568325897e+07"
"2026-04-25 22:00:00","1.5658444238e+06","2.3201096230e+07"
"2026-04-26 00:00:00","2.2420130021e+06","3.5258942174e+07"
"2026-04-26 02:00:00","1.1832735363e+06","7.5424830435e+06"
"2026-04-26 04:00:00","1.9913367722e+06","3.8287562009e+06"
"2026-04-26 06:00:00","2.4792171031e+06","1.8557509748e+06"
"2026-04-26 08:00:00","7.4568097637e+05","2.0492765611e+06"
"2026-04-26 10:00:00","1.0738015281e+06","1.0337437994e+07"
"2026-04-26 12:00:00","1.0583848359e+06","8.4591906475e+06"
"2026-04-26 14:00:00","1.9863494852e+06","1.2931480040e+07"
"2026-04-26 16:00:00","3.2817579178e+06","2.3566072250e+07"
"2026-04-26 18:00:00","1.7696967801e+06","1.8532515363e+07"
"2026-04-26 20:00:00","1.2852293097e+06","7.3884270280e+06"
"2026-04-26 22:00:00","1.5739669244e+06","7.4477240254e+06"
"2026-04-27 00:00:00","2.8582184986e+06","1.5959566517e+07"
"2026-04-27 02:00:00","2.0794424745e+06","8.7755221835e+06"
"2026-04-27 04:00:00","1.8233182856e+06","2.5301992186e+06"
"2026-04-27 06:00:00","9.6826938157e+05","1.7519949992e+06"
"2026-04-27 08:00:00","1.0844188780e+06","3.9107758972e+06"
"2026-04-27 10:00:00","1.3733636044e+06","1.0175505139e+07"
"2026-04-27 12:00:00","1.6609507298e+06","1.1278351761e+07"
"2026-04-27 14:00:00","2.9565418693e+06","1.1028370061e+07"
"2026-04-27 16:00:00","1.5782772540e+06","1.0337833826e+07"
"2026-04-27 18:00:00","NaN","NaN"
