"Title:","'ALCORT_R3_Huawei_GE-0/3/3 - Trafico Orange 10G Conil'"
"Vertical Label:","'bits per second'"
"Start Date:","2026-03-27 17:00:00"
"End Date:","2026-03-27 17:00:00"
"Step:","7200"
"Total Rows:","373"
"Graph ID:","194"
"Host ID:","6"
""
"Date","Inbound","Outbound"
"2026-03-27 17:00:00","3.6231107958e+07","3.3896117297e+09"
"2026-03-27 19:00:00","3.6226159744e+07","3.4759914067e+09"
"2026-03-27 21:00:00","3.6020894950e+07","3.4234625987e+09"
"2026-03-27 23:00:00","3.5592183241e+07","4.4141865076e+09"
"2026-03-28 01:00:00","3.6230105756e+07","4.2595566289e+09"
"2026-03-28 03:00:00","3.6231884616e+07","2.1817288086e+09"
"2026-03-28 05:00:00","3.6230060278e+07","9.6083524405e+08"
"2026-03-28 07:00:00","3.0057920519e+07","6.2725250415e+08"
"2026-03-28 09:00:00","3.6233522306e+07","1.4425709357e+09"
"2026-03-28 11:00:00","3.6229616537e+07","2.2622142551e+09"
"2026-03-28 13:00:00","3.6229624314e+07","2.6565051901e+09"
"2026-03-28 15:00:00","3.6227755768e+07","3.2535558332e+09"
"2026-03-28 17:00:00","3.6227412945e+07","3.8346875914e+09"
"2026-03-28 19:00:00","3.6233283532e+07","3.6973747118e+09"
"2026-03-28 21:00:00","3.6225940306e+07","3.5178430033e+09"
"2026-03-28 23:00:00","3.5798927267e+07","4.2795190238e+09"
"2026-03-29 01:00:00","3.6233932292e+07","3.7610199090e+09"
"2026-03-29 04:00:00","3.6226403166e+07","2.2273537065e+09"
"2026-03-29 06:00:00","3.0712778295e+07","1.1516348562e+09"
"2026-03-29 08:00:00","3.5895607421e+07","7.2337523864e+08"
"2026-03-29 10:00:00","3.6225271942e+07","1.4021231869e+09"
"2026-03-29 12:00:00","3.6229491428e+07","2.6266642542e+09"
"2026-03-29 14:00:00","3.6230725719e+07","3.0870514719e+09"
"2026-03-29 16:00:00","3.6229748441e+07","3.3706805397e+09"
"2026-03-29 18:00:00","3.6230974568e+07","3.7572910688e+09"
"2026-03-29 20:00:00","3.6227796042e+07","3.5655302314e+09"
"2026-03-29 22:00:00","3.6233064212e+07","3.5919720651e+09"
"2026-03-30 00:00:00","3.6229504149e+07","4.8913036834e+09"
"2026-03-30 02:00:00","3.6224661119e+07","3.5226484698e+09"
"2026-03-30 04:00:00","3.6229542684e+07","1.4615068314e+09"
"2026-03-30 06:00:00","3.6232098444e+07","6.6774637069e+08"
"2026-03-30 08:00:00","3.5751665645e+07","7.3556984145e+08"
"2026-03-30 10:00:00","3.6229062563e+07","1.5186899516e+09"
"2026-03-30 12:00:00","3.6227383851e+07","2.5654351089e+09"
"2026-03-30 14:00:00","3.6231147299e+07","2.6085842235e+09"
"2026-03-30 16:00:00","3.6238465899e+07","3.2436829953e+09"
"2026-03-30 18:00:00","3.6220642296e+07","3.8537000942e+09"
"2026-03-30 20:00:00","3.6228840822e+07","3.3548366172e+09"
"2026-03-30 22:00:00","3.6227430842e+07","3.9731390937e+09"
"2026-03-31 00:00:00","3.6232290429e+07","5.5494180019e+09"
"2026-03-31 02:00:00","3.6228202123e+07","3.6941849777e+09"
"2026-03-31 04:00:00","3.6231358567e+07","1.4407208569e+09"
"2026-03-31 06:00:00","3.6225368348e+07","7.7891358486e+08"
"2026-03-31 08:00:00","3.6232835822e+07","8.1463177977e+08"
"2026-03-31 10:00:00","3.6225895083e+07","1.7331632040e+09"
"2026-03-31 12:00:00","3.6233802643e+07","2.6842280030e+09"
"2026-03-31 14:00:00","3.6229025502e+07","2.8466087422e+09"
"2026-03-31 16:00:00","3.6229224795e+07","3.5188117496e+09"
"2026-03-31 18:00:00","3.6229559630e+07","3.7936802332e+09"
"2026-03-31 20:00:00","3.6227038957e+07","3.4913551445e+09"
"2026-03-31 22:00:00","3.6232200877e+07","4.0756850346e+09"
"2026-04-01 00:00:00","3.6227951438e+07","5.8442573719e+09"
"2026-04-01 02:00:00","3.6229525301e+07","3.4723204088e+09"
"2026-04-01 04:00:00","3.6228130901e+07","1.8039761386e+09"
"2026-04-01 06:00:00","3.6229731028e+07","8.6874320799e+08"
"2026-04-01 08:00:00","3.6231597640e+07","7.9341859446e+08"
"2026-04-01 10:00:00","3.6227352228e+07","1.8771780208e+09"
"2026-04-01 12:00:00","3.6229914070e+07","3.1544626789e+09"
"2026-04-01 14:00:00","3.6229053859e+07","3.4069516879e+09"
"2026-04-01 16:00:00","3.6229331934e+07","4.0303425561e+09"
"2026-04-01 18:00:00","3.6232785600e+07","4.4451551507e+09"
"2026-04-01 20:00:00","3.6231165058e+07","3.5691236622e+09"
"2026-04-01 22:00:00","3.6226520472e+07","3.3722180083e+09"
"2026-04-02 00:00:00","3.6230870685e+07","4.2501827936e+09"
"2026-04-02 02:00:00","3.6228527862e+07","3.6119212371e+09"
"2026-04-02 04:00:00","3.6227583518e+07","1.9449769687e+09"
"2026-04-02 06:00:00","3.6231844081e+07","9.5103550879e+08"
"2026-04-02 08:00:00","3.6227774155e+07","8.6503014059e+08"
"2026-04-02 10:00:00","3.6228649305e+07","1.5859560285e+09"
"2026-04-02 12:00:00","3.6231384851e+07","2.6687975710e+09"
"2026-04-02 14:00:00","3.6228566902e+07","3.2556005907e+09"
"2026-04-02 16:00:00","3.6228479957e+07","3.8311188377e+09"
"2026-04-02 18:00:00","3.6233699482e+07","4.5051509807e+09"
"2026-04-02 20:00:00","3.6228513405e+07","4.5352891134e+09"
"2026-04-02 22:00:00","3.6229732237e+07","3.8778688542e+09"
"2026-04-03 00:00:00","3.6229641010e+07","4.2544882723e+09"
"2026-04-03 02:00:00","3.6228663976e+07","3.3839733288e+09"
"2026-04-03 04:00:00","3.6230108256e+07","1.9463930435e+09"
"2026-04-03 06:00:00","3.6229303628e+07","1.2751031557e+09"
"2026-04-03 08:00:00","3.6230651347e+07","9.3896776355e+08"
"2026-04-03 10:00:00","3.6230170765e+07","1.7807842460e+09"
"2026-04-03 12:00:00","3.6228727533e+07","2.8330760411e+09"
"2026-04-03 14:00:00","3.6230272209e+07","3.1946256302e+09"
"2026-04-03 16:00:00","3.6228396379e+07","3.6168152644e+09"
"2026-04-03 18:00:00","3.6227226715e+07","4.2197475292e+09"
"2026-04-03 20:00:00","3.5616703471e+07","4.2720209865e+09"
"2026-04-03 22:00:00","3.6232204973e+07","3.9068960443e+09"
"2026-04-04 00:00:00","3.6225611637e+07","4.8208478493e+09"
"2026-04-04 02:00:00","3.6230078092e+07","3.7047861117e+09"
"2026-04-04 04:00:00","3.6232831026e+07","2.1245421440e+09"
"2026-04-04 06:00:00","3.6227701673e+07","1.0765060596e+09"
"2026-04-04 08:00:00","3.6229106370e+07","9.9631601225e+08"
"2026-04-04 10:00:00","3.6232092000e+07","1.8530831879e+09"
"2026-04-04 12:00:00","3.6228492824e+07","2.8833907430e+09"
"2026-04-04 14:00:00","3.6228819229e+07","2.9350999502e+09"
"2026-04-04 16:00:00","3.6231130687e+07","4.0518550565e+09"
"2026-04-04 18:00:00","3.6227748688e+07","5.4639946718e+09"
"2026-04-04 20:00:00","3.6229732988e+07","5.2431272744e+09"
"2026-04-04 22:00:00","3.6230127902e+07","5.3838649989e+09"
"2026-04-05 00:00:00","3.6228860413e+07","6.6347796891e+09"
"2026-04-05 02:00:00","3.6228613244e+07","4.3393667688e+09"
"2026-04-05 04:00:00","3.6231087959e+07","2.2861767254e+09"
"2026-04-05 06:00:00","3.6229205156e+07","1.1374070458e+09"
"2026-04-05 08:00:00","3.6229322734e+07","9.6038341199e+08"
"2026-04-05 10:00:00","3.6230421368e+07","1.9092790042e+09"
"2026-04-05 12:00:00","3.6227409551e+07","3.0128635242e+09"
"2026-04-05 14:00:00","3.6231447876e+07","3.0705802748e+09"
"2026-04-05 16:00:00","3.6229682518e+07","3.6754941245e+09"
"2026-04-05 18:00:00","3.6228829321e+07","4.3890487860e+09"
"2026-04-05 20:00:00","3.6232537540e+07","4.5967581240e+09"
"2026-04-05 22:00:00","3.6227012170e+07","4.8834266514e+09"
"2026-04-06 00:00:00","3.6228941579e+07","5.5795796590e+09"
"2026-04-06 02:00:00","3.6230232429e+07","3.0916866173e+09"
"2026-04-06 04:00:00","3.6228228576e+07","1.3984972497e+09"
"2026-04-06 06:00:00","3.6233147484e+07","9.0461748478e+08"
"2026-04-06 08:00:00","3.6229554693e+07","1.0758496530e+09"
"2026-04-06 10:00:00","3.6229415776e+07","1.7116396183e+09"
"2026-04-06 12:00:00","3.6225891222e+07","2.1378121718e+09"
"2026-04-06 14:00:00","3.6230935343e+07","1.8273029298e+09"
"2026-04-06 16:00:00","3.6228319203e+07","2.9229464926e+09"
"2026-04-06 18:00:00","3.6230291177e+07","3.6809532520e+09"
"2026-04-06 20:00:00","3.6229161770e+07","3.4675654906e+09"
"2026-04-06 22:00:00","3.6232331699e+07","4.5371006307e+09"
"2026-04-07 00:00:00","3.6229476851e+07","5.2264033334e+09"
"2026-04-07 02:00:00","3.6227041281e+07","2.8365011739e+09"
"2026-04-07 04:00:00","3.6230211191e+07","1.2387366591e+09"
"2026-04-07 06:00:00","3.6229659051e+07","7.6894835946e+08"
"2026-04-07 08:00:00","3.6231175803e+07","9.1201178405e+08"
"2026-04-07 10:00:00","3.6231375225e+07","1.6433280302e+09"
"2026-04-07 12:00:00","3.6225596422e+07","1.7888036641e+09"
"2026-04-07 14:00:00","3.6233263886e+07","2.1824628398e+09"
"2026-04-07 16:00:00","3.6226728891e+07","3.3758197239e+09"
"2026-04-07 18:00:00","3.6228409565e+07","3.8019442593e+09"
"2026-04-07 20:00:00","3.6230205787e+07","4.1916129257e+09"
"2026-04-07 22:00:00","3.6232991039e+07","5.9953656830e+09"
"2026-04-08 00:00:00","3.6228858027e+07","6.8065366703e+09"
"2026-04-08 02:00:00","3.6227690233e+07","3.0517107640e+09"
"2026-04-08 04:00:00","3.6228821957e+07","1.4400815973e+09"
"2026-04-08 06:00:00","3.6229728256e+07","8.8961746110e+08"
"2026-04-08 08:00:00","3.6233233728e+07","9.5662933759e+08"
"2026-04-08 10:00:00","3.6227431944e+07","1.5407366292e+09"
"2026-04-08 12:00:00","3.6228295470e+07","1.7790546080e+09"
"2026-04-08 14:00:00","3.6229085665e+07","2.1462263956e+09"
"2026-04-08 16:00:00","3.6231047226e+07","3.1705528515e+09"
"2026-04-08 18:00:00","3.6229930425e+07","3.4534629303e+09"
"2026-04-08 20:00:00","3.6226005311e+07","3.0705409499e+09"
"2026-04-08 22:00:00","3.6231829891e+07","4.7122981743e+09"
"2026-04-09 00:00:00","3.6231880470e+07","6.0103223240e+09"
"2026-04-09 02:00:00","3.6228242848e+07","3.0619355514e+09"
"2026-04-09 04:00:00","3.6230812784e+07","1.3275403872e+09"
"2026-04-09 06:00:00","3.6226212768e+07","9.5092167684e+08"
"2026-04-09 08:00:00","3.6229481384e+07","9.1967894664e+08"
"2026-04-09 10:00:00","3.6228508654e+07","1.5337626130e+09"
"2026-04-09 12:00:00","3.6230740748e+07","1.7305009930e+09"
"2026-04-09 14:00:00","3.6230724818e+07","1.8401571183e+09"
"2026-04-09 16:00:00","3.6228384026e+07","2.9568839915e+09"
"2026-04-09 18:00:00","3.6231686341e+07","3.6787307262e+09"
"2026-04-09 20:00:00","3.6231391823e+07","3.3696653272e+09"
"2026-04-09 22:00:00","3.6227846909e+07","4.0761533746e+09"
"2026-04-10 00:00:00","3.6226352744e+07","5.0589397300e+09"
"2026-04-10 02:00:00","3.6231115493e+07","3.2783163782e+09"
"2026-04-10 04:00:00","3.6228865480e+07","1.3414097554e+09"
"2026-04-10 06:00:00","3.6229779581e+07","7.0031772419e+08"
"2026-04-10 08:00:00","3.6231971619e+07","9.3373814250e+08"
"2026-04-10 10:00:00","3.6228697301e+07","1.5493042223e+09"
"2026-04-10 12:00:00","3.6229911934e+07","1.6026438595e+09"
"2026-04-10 14:00:00","3.6230350627e+07","1.9127376420e+09"
"2026-04-10 16:00:00","3.6228698144e+07","2.6402687423e+09"
"2026-04-10 18:00:00","3.6228285663e+07","3.3759466427e+09"
"2026-04-10 20:00:00","3.6230233211e+07","3.1841168104e+09"
"2026-04-10 22:00:00","3.6227077834e+07","4.0432036283e+09"
"2026-04-11 00:00:00","3.6232423172e+07","5.1390455484e+09"
"2026-04-11 02:00:00","3.6230844299e+07","3.3483757829e+09"
"2026-04-11 04:00:00","3.5986815699e+07","1.6806285825e+09"
"2026-04-11 06:00:00","3.6230644137e+07","8.9363179108e+08"
"2026-04-11 08:00:00","3.6227648467e+07","8.2090218684e+08"
"2026-04-11 10:00:00","3.6229826436e+07","1.8039745798e+09"
"2026-04-11 12:00:00","3.6233061838e+07","2.7392080146e+09"
"2026-04-11 14:00:00","3.6225419806e+07","2.6765445351e+09"
"2026-04-11 16:00:00","3.6230292714e+07","3.1255896971e+09"
"2026-04-11 18:00:00","3.6232306899e+07","3.9430026749e+09"
"2026-04-11 20:00:00","3.6230832779e+07","4.3245930412e+09"
"2026-04-11 22:00:00","3.6226198383e+07","4.4912018462e+09"
"2026-04-12 00:00:00","3.6229077771e+07","5.2734569780e+09"
"2026-04-12 02:00:00","3.6229204860e+07","3.4212322352e+09"
"2026-04-12 04:00:00","3.6230982823e+07","1.7042360356e+09"
"2026-04-12 06:00:00","3.6228931372e+07","8.6944331782e+08"
"2026-04-12 08:00:00","3.6235172479e+07","8.7000755591e+08"
"2026-04-12 10:00:00","3.6226457760e+07","1.6133053582e+09"
"2026-04-12 12:00:00","3.6228918042e+07","2.7331167728e+09"
"2026-04-12 14:00:00","3.6229011900e+07","3.1186776148e+09"
"2026-04-12 16:00:00","3.6230695875e+07","3.5475747956e+09"
"2026-04-12 18:00:00","3.6228111087e+07","4.3789061428e+09"
"2026-04-12 20:00:00","3.6229710444e+07","4.3022410650e+09"
"2026-04-12 22:00:00","3.6227321454e+07","4.6821652420e+09"
"2026-04-13 00:00:00","3.6232206507e+07","5.2709243587e+09"
"2026-04-13 02:00:00","3.6228794019e+07","3.3617536720e+09"
"2026-04-13 04:00:00","3.6228846194e+07","1.2704137774e+09"
"2026-04-13 06:00:00","3.6232918524e+07","7.4008300280e+08"
"2026-04-13 08:00:00","3.6225418762e+07","9.1848629399e+08"
"2026-04-13 10:00:00","3.6228965369e+07","1.5008746855e+09"
"2026-04-13 12:00:00","3.6229199955e+07","1.7285769532e+09"
"2026-04-13 14:00:00","3.6230180517e+07","1.9552290694e+09"
"2026-04-13 16:00:00","3.6230634446e+07","3.1191341588e+09"
"2026-04-13 18:00:00","3.6229794035e+07","3.2274594127e+09"
"2026-04-13 20:00:00","3.6231372573e+07","2.9815643812e+09"
"2026-04-13 22:00:00","3.6229043389e+07","3.9004774233e+09"
"2026-04-14 00:00:00","3.6229786688e+07","4.9410706392e+09"
"2026-04-14 02:00:00","3.6228692583e+07","2.6009120544e+09"
"2026-04-14 04:00:00","3.6230106055e+07","1.0846458486e+09"
"2026-04-14 06:00:00","3.6229020929e+07","7.3577021994e+08"
"2026-04-14 08:00:00","3.6230023412e+07","8.9913782991e+08"
"2026-04-14 10:00:00","3.6229382903e+07","1.6453124270e+09"
"2026-04-14 12:00:00","3.6229856012e+07","1.7194358147e+09"
"2026-04-14 14:00:00","3.6225989449e+07","1.9156765070e+09"
"2026-04-14 16:00:00","3.6233921509e+07","2.8857148148e+09"
"2026-04-14 18:00:00","3.6228569774e+07","3.4308885522e+09"
"2026-04-14 20:00:00","3.6227661339e+07","3.2374031977e+09"
"2026-04-14 22:00:00","3.6230461333e+07","5.2692905782e+09"
"2026-04-15 00:00:00","3.6227762098e+07","6.6661550958e+09"
"2026-04-15 02:00:00","3.6232074184e+07","3.1151633633e+09"
"2026-04-15 04:00:00","3.6230786045e+07","1.4192855133e+09"
"2026-04-15 06:00:00","3.6228703839e+07","9.5943291941e+08"
"2026-04-15 08:00:00","3.6229623385e+07","1.1166038439e+09"
"2026-04-15 10:00:00","3.6231033114e+07","2.0498941443e+09"
"2026-04-15 12:00:00","3.6225872791e+07","1.8510977142e+09"
"2026-04-15 14:00:00","3.6232820807e+07","1.8496109989e+09"
"2026-04-15 16:00:00","3.6226009536e+07","2.9614277312e+09"
"2026-04-15 18:00:00","3.6228722559e+07","3.5500801602e+09"
"2026-04-15 20:00:00","3.6229997573e+07","2.8387327402e+09"
"2026-04-15 22:00:00","3.6229377373e+07","4.6262950353e+09"
"2026-04-16 00:00:00","3.6231030907e+07","5.7310767386e+09"
"2026-04-16 02:00:00","3.6227101673e+07","2.9534621670e+09"
"2026-04-16 04:00:00","3.6234086021e+07","1.3191680075e+09"
"2026-04-16 06:00:00","3.6227100718e+07","7.4647164348e+08"
"2026-04-16 08:00:00","3.6232245908e+07","1.1130845150e+09"
"2026-04-16 10:00:00","3.6226785518e+07","1.7544571337e+09"
"2026-04-16 12:00:00","3.6232158674e+07","2.0076893224e+09"
"2026-04-16 14:00:00","3.6227844237e+07","2.1229435058e+09"
"2026-04-16 16:00:00","3.6231547238e+07","3.3415468200e+09"
"2026-04-16 18:00:00","3.6228776621e+07","3.5711478305e+09"
"2026-04-16 20:00:00","3.6228911203e+07","3.3208904239e+09"
"2026-04-16 22:00:00","3.6229880105e+07","4.2067032769e+09"
"2026-04-17 00:00:00","3.6229791384e+07","5.3223107618e+09"
"2026-04-17 02:00:00","3.6229414066e+07","2.8660523561e+09"
"2026-04-17 04:00:00","3.6229803754e+07","1.1966242321e+09"
"2026-04-17 06:00:00","3.6227496606e+07","8.0235274413e+08"
"2026-04-17 08:00:00","3.6228465386e+07","1.0610241848e+09"
"2026-04-17 10:00:00","9.1479515213e+06","1.6844115731e+09"
"2026-04-17 12:00:00","2.9474487160e+07","1.7200778342e+09"
"2026-04-17 14:00:00","3.6229595042e+07","1.8157951121e+09"
"2026-04-17 16:00:00","3.6228422668e+07","3.1985438000e+09"
"2026-04-17 18:00:00","3.6232494501e+07","3.9288464317e+09"
"2026-04-17 20:00:00","3.6227450173e+07","3.0001038992e+09"
"2026-04-17 22:00:00","3.6230641791e+07","3.5248096316e+09"
"2026-04-18 00:00:00","3.6228531992e+07","4.7856349116e+09"
"2026-04-18 02:00:00","3.6230113672e+07","3.1953826009e+09"
"2026-04-18 04:00:00","3.6226535605e+07","1.4323585602e+09"
"2026-04-18 06:00:00","3.6232003745e+07","7.7533619178e+08"
"2026-04-18 08:00:00","3.6229667377e+07","8.9447502403e+08"
"2026-04-18 10:00:00","3.6230356316e+07","1.8380889707e+09"
"2026-04-18 12:00:00","3.6228739162e+07","2.7792228505e+09"
"2026-04-18 14:00:00","3.6229687803e+07","2.6353893909e+09"
"2026-04-18 16:00:00","3.6230377289e+07","3.0254137862e+09"
"2026-04-18 18:00:00","3.6228322613e+07","4.1517820657e+09"
"2026-04-18 20:00:00","3.6230299141e+07","3.4041127513e+09"
"2026-04-18 22:00:00","3.6229904509e+07","3.4036725869e+09"
"2026-04-19 00:00:00","3.6228764023e+07","4.4032667264e+09"
"2026-04-19 02:00:00","3.6231730735e+07","3.4842945712e+09"
"2026-04-19 04:00:00","3.6227123844e+07","1.6734923085e+09"
"2026-04-19 06:00:00","3.6228604346e+07","9.5342200692e+08"
"2026-04-19 08:00:00","3.6230321942e+07","9.1203065034e+08"
"2026-04-19 10:00:00","3.6228601865e+07","1.7499497196e+09"
"2026-04-19 12:00:00","1.4630943285e+07","2.7193182634e+09"
"2026-04-19 14:00:00","3.6231199072e+07","3.2084592445e+09"
"2026-04-19 16:00:00","3.6226543055e+07","3.4764179098e+09"
"2026-04-19 18:00:00","3.6230913765e+07","4.4398322384e+09"
"2026-04-19 20:00:00","3.6228060172e+07","4.1513647542e+09"
"2026-04-19 22:00:00","3.6232208890e+07","4.2489810477e+09"
"2026-04-20 00:00:00","3.6225699262e+07","5.2796311984e+09"
"2026-04-20 02:00:00","3.6230124314e+07","3.0907991429e+09"
"2026-04-20 04:00:00","3.6229449451e+07","1.2424090091e+09"
"2026-04-20 06:00:00","3.6232317120e+07","6.9639286725e+08"
"2026-04-20 08:00:00","3.6226032984e+07","8.9141471465e+08"
"2026-04-20 10:00:00","3.6233524789e+07","1.5418767478e+09"
"2026-04-20 12:00:00","3.6227295105e+07","1.9728348275e+09"
"2026-04-20 14:00:00","3.6230740749e+07","1.9560180642e+09"
"2026-04-20 16:00:00","3.6229736456e+07","2.8588129463e+09"
"2026-04-20 18:00:00","3.6226260086e+07","3.4696691893e+09"
"2026-04-20 20:00:00","3.6231170936e+07","2.9428808897e+09"
"2026-04-20 22:00:00","3.6227918358e+07","3.9890232785e+09"
"2026-04-21 00:00:00","3.6232697857e+07","4.9472332001e+09"
"2026-04-21 02:00:00","3.6227822554e+07","2.7690810341e+09"
"2026-04-21 04:00:00","3.6229402265e+07","1.1911251197e+09"
"2026-04-21 06:00:00","3.6230081412e+07","7.7279068530e+08"
"2026-04-21 08:00:00","3.6229558694e+07","9.7732444957e+08"
"2026-04-21 10:00:00","3.6229219252e+07","1.6001417261e+09"
"2026-04-21 12:00:00","3.6229572503e+07","1.6534497397e+09"
"2026-04-21 14:00:00","3.6229546775e+07","1.8580844862e+09"
"2026-04-21 16:00:00","3.6231641827e+07","3.0037108582e+09"
"2026-04-21 18:00:00","3.6226788352e+07","3.9502610821e+09"
"2026-04-21 20:00:00","3.6231257610e+07","3.2355398214e+09"
"2026-04-21 22:00:00","3.6231400262e+07","4.5152234142e+09"
"2026-04-22 00:00:00","3.6230373867e+07","5.9193642687e+09"
"2026-04-22 02:00:00","3.6225379107e+07","2.8075643656e+09"
"2026-04-22 04:00:00","3.6232652057e+07","1.4890489839e+09"
"2026-04-22 06:00:00","3.6226426100e+07","7.3772677029e+08"
"2026-04-22 08:00:00","3.6234857700e+07","9.8924064282e+08"
"2026-04-22 10:00:00","3.6224141881e+07","1.5148651771e+09"
"2026-04-22 12:00:00","3.6229946428e+07","1.6641808429e+09"
"2026-04-22 14:00:00","3.6232984660e+07","1.6825739206e+09"
"2026-04-22 16:00:00","3.6227343365e+07","3.1673821962e+09"
"2026-04-22 18:00:00","3.6232338468e+07","3.4151395313e+09"
"2026-04-22 20:00:00","3.6226233571e+07","2.8818292323e+09"
"2026-04-22 22:00:00","3.6228836311e+07","4.0984382931e+09"
"2026-04-23 00:00:00","3.6228807730e+07","5.9196720367e+09"
"2026-04-23 02:00:00","3.6234653875e+07","3.0141204570e+09"
"2026-04-23 04:00:00","3.6228028246e+07","1.3786952324e+09"
"2026-04-23 06:00:00","3.6226807679e+07","7.8976347548e+08"
"2026-04-23 08:00:00","3.6230110416e+07","9.9610391249e+08"
"2026-04-23 10:00:00","3.6232369419e+07","1.6513215598e+09"
"2026-04-23 12:00:00","3.6227085409e+07","1.8224768069e+09"
"2026-04-23 14:00:00","3.6228605907e+07","1.9991382421e+09"
"2026-04-23 16:00:00","3.6231060363e+07","3.4551071480e+09"
"2026-04-23 18:00:00","3.6231025765e+07","3.5026530543e+09"
"2026-04-23 20:00:00","3.6230975761e+07","3.3309536088e+09"
"2026-04-23 22:00:00","3.6225261131e+07","4.2715104311e+09"
"2026-04-24 00:00:00","3.6230575669e+07","5.4989381866e+09"
"2026-04-24 02:00:00","3.6231024838e+07","2.9534087089e+09"
"2026-04-24 04:00:00","3.6229218080e+07","1.3717080280e+09"
"2026-04-24 06:00:00","3.6227187198e+07","8.1060725928e+08"
"2026-04-24 08:00:00","3.6231879493e+07","1.0744987063e+09"
"2026-04-24 10:00:00","3.6229056625e+07","1.7176808463e+09"
"2026-04-24 12:00:00","3.6229671117e+07","2.1309428207e+09"
"2026-04-24 14:00:00","3.6227210510e+07","2.3362189342e+09"
"2026-04-24 16:00:00","3.6229903645e+07","3.4936323599e+09"
"2026-04-24 18:00:00","3.6231538597e+07","4.4252965565e+09"
"2026-04-24 20:00:00","3.6227154616e+07","4.1735075346e+09"
"2026-04-24 22:00:00","3.6231030436e+07","4.6596498345e+09"
"2026-04-25 00:00:00","3.6228544962e+07","5.7365677955e+09"
"2026-04-25 02:00:00","3.6229181300e+07","3.7555183176e+09"
"2026-04-25 04:00:00","3.6233929320e+07","1.9139709061e+09"
"2026-04-25 06:00:00","3.6228353326e+07","9.7477545162e+08"
"2026-04-25 08:00:00","3.6229639894e+07","9.8116745203e+08"
"2026-04-25 10:00:00","3.6228208948e+07","2.1301902197e+09"
"2026-04-25 12:00:00","3.6229449098e+07","3.1098971770e+09"
"2026-04-25 14:00:00","3.6231882756e+07","3.1342377490e+09"
"2026-04-25 16:00:00","3.6225988002e+07","3.6380498163e+09"
"2026-04-25 18:00:00","3.6232778114e+07","4.5675150145e+09"
"2026-04-25 20:00:00","3.6225743369e+07","4.1167858029e+09"
"2026-04-25 22:00:00","3.6229083415e+07","3.9665511005e+09"
"2026-04-26 00:00:00","3.6233039472e+07","5.1670032690e+09"
"2026-04-26 02:00:00","3.6232268114e+07","3.8087943461e+09"
"2026-04-26 04:00:00","3.6224039460e+07","1.8726556276e+09"
"2026-04-26 06:00:00","3.6232274110e+07","8.9545171739e+08"
"2026-04-26 08:00:00","3.6226132449e+07","8.4750064861e+08"
"2026-04-26 10:00:00","3.6232870833e+07","1.8577801487e+09"
"2026-04-26 12:00:00","3.6229994371e+07","2.7978999065e+09"
"2026-04-26 14:00:00","3.6228342231e+07","3.3807623032e+09"
"2026-04-26 16:00:00","3.6230770356e+07","3.7057557698e+09"
"2026-04-26 18:00:00","3.6226661584e+07","4.4294234939e+09"
"2026-04-26 20:00:00","3.6232085972e+07","4.3074255549e+09"
"2026-04-26 22:00:00","3.6226848810e+07","4.7353183366e+09"
"2026-04-27 00:00:00","3.6232361887e+07","5.3709608235e+09"
"2026-04-27 02:00:00","3.6230379361e+07","2.9289374656e+09"
"2026-04-27 04:00:00","3.6225137361e+07","1.2302435169e+09"
"2026-04-27 06:00:00","3.6234088530e+07","7.6365386476e+08"
"2026-04-27 08:00:00","3.6226087948e+07","1.2027003313e+09"
"2026-04-27 10:00:00","3.6231392000e+07","1.8425921468e+09"
"2026-04-27 12:00:00","3.6230337812e+07","1.9552762960e+09"
"2026-04-27 14:00:00","3.6230063847e+07","1.9418655129e+09"
"2026-04-27 16:00:00","3.6229947407e+07","3.1800948046e+09"
"2026-04-27 18:00:00","NaN","NaN"
