"Title:","'ALCORT_R3_Huawei_GE-0/6/2.512 - Traffic Aire Pozoblanco'"
"Vertical Label:","'bits per second'"
"Start Date:","2026-04-20 18:00:00"
"End Date:","2026-04-20 18:00:00"
"Step:","1800"
"Total Rows:","337"
"Graph ID:","120"
"Host ID:","6"
""
"Date","Inbound","Outbound"
"2026-04-20 18:00:00","6.2123337238e+08","2.0657102885e+09"
"2026-04-20 18:30:00","5.7444911744e+08","1.7972788640e+09"
"2026-04-20 19:00:00","5.8311697397e+08","1.9700222384e+09"
"2026-04-20 19:30:00","6.8604618851e+08","2.4140579114e+09"
"2026-04-20 20:00:00","5.6936586844e+08","2.0282319909e+09"
"2026-04-20 20:30:00","4.5386772249e+08","1.7807070370e+09"
"2026-04-20 21:00:00","4.8323973958e+08","2.0296539537e+09"
"2026-04-20 21:30:00","3.8670814064e+08","2.2502607858e+09"
"2026-04-20 22:00:00","4.7174514597e+08","2.5712700733e+09"
"2026-04-20 22:30:00","6.4821953447e+08","3.1491584859e+09"
"2026-04-20 23:00:00","7.3162422076e+08","3.4836911679e+09"
"2026-04-20 23:30:00","5.0845566057e+08","3.3178598049e+09"
"2026-04-21 00:00:00","7.1305954085e+08","2.7342580682e+09"
"2026-04-21 00:30:00","6.9879205589e+08","2.2131604897e+09"
"2026-04-21 01:00:00","4.2239567784e+08","1.6276174140e+09"
"2026-04-21 01:30:00","3.3253607220e+08","1.1806576077e+09"
"2026-04-21 02:00:00","3.4088392167e+08","8.9113185448e+08"
"2026-04-21 02:30:00","2.7879561269e+08","6.5961489504e+08"
"2026-04-21 03:00:00","2.9104420607e+08","6.0929557262e+08"
"2026-04-21 03:30:00","2.5622845135e+08","5.2163458466e+08"
"2026-04-21 04:00:00","2.0066230941e+08","5.1347424636e+08"
"2026-04-21 04:30:00","1.8963872520e+08","4.4895061550e+08"
"2026-04-21 05:00:00","1.8471456313e+08","4.2778370248e+08"
"2026-04-21 05:30:00","2.0620324489e+08","3.9574165877e+08"
"2026-04-21 06:00:00","2.3947183514e+08","4.1148655389e+08"
"2026-04-21 06:30:00","2.2395755097e+08","4.5989779439e+08"
"2026-04-21 07:00:00","2.3889881231e+08","5.2283482770e+08"
"2026-04-21 07:30:00","3.0947574482e+08","8.0634654849e+08"
"2026-04-21 08:00:00","3.3461924241e+08","1.0288802547e+09"
"2026-04-21 08:30:00","3.3526602264e+08","1.0623589763e+09"
"2026-04-21 09:00:00","4.9922990694e+08","9.6213029088e+08"
"2026-04-21 09:30:00","4.4207996117e+08","1.0287871693e+09"
"2026-04-21 10:00:00","4.3377948975e+08","1.1502373532e+09"
"2026-04-21 10:30:00","2.5532430883e+08","1.0472943496e+09"
"2026-04-21 11:00:00","4.0987714353e+08","1.1550680188e+09"
"2026-04-21 11:30:00","4.5730555245e+08","1.1386366072e+09"
"2026-04-21 12:00:00","5.6457875769e+08","1.0398637102e+09"
"2026-04-21 12:30:00","7.3576608307e+08","1.1385872040e+09"
"2026-04-21 13:00:00","6.5936138230e+08","1.2799981160e+09"
"2026-04-21 13:30:00","4.6515740676e+08","1.2773270067e+09"
"2026-04-21 14:00:00","4.9178110378e+08","1.2873554810e+09"
"2026-04-21 14:30:00","5.7918055694e+08","1.6173249283e+09"
"2026-04-21 15:00:00","5.9857302128e+08","2.0981611573e+09"
"2026-04-21 15:30:00","6.1725618980e+08","2.4479830917e+09"
"2026-04-21 16:00:00","6.8139190558e+08","2.6700959177e+09"
"2026-04-21 16:30:00","6.4487248508e+08","2.6150733663e+09"
"2026-04-21 17:00:00","5.9761285631e+08","2.5559386265e+09"
"2026-04-21 17:30:00","7.1010058885e+08","2.2840040039e+09"
"2026-04-21 18:00:00","7.8453322112e+08","2.2141086125e+09"
"2026-04-21 18:30:00","9.2868727576e+08","2.2553109472e+09"
"2026-04-21 19:00:00","8.4536914616e+08","2.4771224167e+09"
"2026-04-21 19:30:00","8.4130168302e+08","2.2337319779e+09"
"2026-04-21 20:00:00","7.1938064133e+08","2.2462250704e+09"
"2026-04-21 20:30:00","5.3522840277e+08","2.4109379341e+09"
"2026-04-21 21:00:00","5.6522571488e+08","2.3808993473e+09"
"2026-04-21 21:30:00","5.3313514631e+08","2.8154734796e+09"
"2026-04-21 22:00:00","6.8885691777e+08","3.5010071009e+09"
"2026-04-21 22:30:00","7.5946031914e+08","3.9782496137e+09"
"2026-04-21 23:00:00","7.6428257968e+08","4.1875452463e+09"
"2026-04-21 23:30:00","5.2721670043e+08","4.0764558423e+09"
"2026-04-22 00:00:00","3.3805123532e+08","3.0568328085e+09"
"2026-04-22 00:30:00","3.4162228056e+08","2.3072665019e+09"
"2026-04-22 01:00:00","3.0603076711e+08","1.6720620222e+09"
"2026-04-22 01:30:00","4.1401275544e+08","1.1682155953e+09"
"2026-04-22 02:00:00","2.4075094093e+08","9.2192915056e+08"
"2026-04-22 02:30:00","2.2870899985e+08","8.0620571196e+08"
"2026-04-22 03:00:00","2.9938495533e+08","6.0503291979e+08"
"2026-04-22 03:30:00","1.8337991909e+08","5.0510219653e+08"
"2026-04-22 04:00:00","2.0507133059e+08","5.1471192795e+08"
"2026-04-22 04:30:00","2.0172129006e+08","4.2867190689e+08"
"2026-04-22 05:00:00","2.3383404944e+08","4.0270623356e+08"
"2026-04-22 05:30:00","2.2677453258e+08","4.2251982399e+08"
"2026-04-22 06:00:00","2.1900671473e+08","4.2630434703e+08"
"2026-04-22 06:30:00","1.8617002031e+08","4.9526259746e+08"
"2026-04-22 07:00:00","1.9640050481e+08","6.1303943085e+08"
"2026-04-22 07:30:00","2.7001155294e+08","8.6443867291e+08"
"2026-04-22 08:00:00","2.2296459313e+08","9.9192127251e+08"
"2026-04-22 08:30:00","2.8025903779e+08","1.1633786712e+09"
"2026-04-22 09:00:00","3.5236980794e+08","1.0559684330e+09"
"2026-04-22 09:30:00","4.1839568265e+08","1.1107398676e+09"
"2026-04-22 10:00:00","3.8627870798e+08","1.1638435931e+09"
"2026-04-22 10:30:00","3.7337762442e+08","1.1015495348e+09"
"2026-04-22 11:00:00","3.8899775246e+08","1.0092345996e+09"
"2026-04-22 11:30:00","3.8028428263e+08","1.0694982875e+09"
"2026-04-22 12:00:00","4.3574655071e+08","9.7345791218e+08"
"2026-04-22 12:30:00","4.0927649446e+08","1.0432432214e+09"
"2026-04-22 13:00:00","2.4324588878e+08","1.1891610070e+09"
"2026-04-22 13:30:00","4.4062370396e+08","1.3065389915e+09"
"2026-04-22 14:00:00","5.2009461574e+08","1.3594205689e+09"
"2026-04-22 14:30:00","5.2316980916e+08","1.5278886055e+09"
"2026-04-22 15:00:00","6.3975469804e+08","2.0719221154e+09"
"2026-04-22 15:30:00","5.6386115786e+08","2.4222648655e+09"
"2026-04-22 16:00:00","5.6380405203e+08","2.7524371495e+09"
"2026-04-22 16:30:00","5.8347819095e+08","2.5356331681e+09"
"2026-04-22 17:00:00","5.6162021362e+08","2.3390802418e+09"
"2026-04-22 17:30:00","5.2912250749e+08","2.3049427875e+09"
"2026-04-22 18:00:00","5.2434297961e+08","2.0576222818e+09"
"2026-04-22 18:30:00","4.7613393763e+08","2.0064674626e+09"
"2026-04-22 19:00:00","6.1828306125e+08","2.0116805543e+09"
"2026-04-22 19:30:00","6.7135413603e+08","2.2156805273e+09"
"2026-04-22 20:00:00","6.4561510563e+08","2.0940111576e+09"
"2026-04-22 20:30:00","5.3375662354e+08","1.9980357589e+09"
"2026-04-22 21:00:00","4.4553204302e+08","2.1245001242e+09"
"2026-04-22 21:30:00","3.8010774599e+08","2.4936149468e+09"
"2026-04-22 22:00:00","4.5887559920e+08","3.1431203340e+09"
"2026-04-22 22:30:00","6.1167993041e+08","3.2785549645e+09"
"2026-04-22 23:00:00","6.4814073911e+08","3.5369484773e+09"
"2026-04-22 23:30:00","4.5177480574e+08","3.6955218351e+09"
"2026-04-23 00:00:00","3.9463088447e+08","3.2878116029e+09"
"2026-04-23 00:30:00","3.1170105479e+08","2.3710529543e+09"
"2026-04-23 01:00:00","3.2595645815e+08","1.9148016439e+09"
"2026-04-23 01:30:00","3.1015520844e+08","1.4414356011e+09"
"2026-04-23 02:00:00","2.0461033741e+08","1.0602089607e+09"
"2026-04-23 02:30:00","1.8860438255e+08","7.5510587431e+08"
"2026-04-23 03:00:00","2.1434714664e+08","6.1785422243e+08"
"2026-04-23 03:30:00","2.0429086459e+08","5.7278505079e+08"
"2026-04-23 04:00:00","1.8244167290e+08","4.9009403049e+08"
"2026-04-23 04:30:00","1.5405902126e+08","4.5615148252e+08"
"2026-04-23 05:00:00","1.5337100038e+08","4.9375371606e+08"
"2026-04-23 05:30:00","1.5868141835e+08","3.7663703374e+08"
"2026-04-23 06:00:00","1.6967685716e+08","4.0284077265e+08"
"2026-04-23 06:30:00","1.6648283489e+08","4.7220335723e+08"
"2026-04-23 07:00:00","1.8154530302e+08","5.6535454846e+08"
"2026-04-23 07:30:00","2.5117581590e+08","8.2281009878e+08"
"2026-04-23 08:00:00","3.4622362808e+08","1.0162054407e+09"
"2026-04-23 08:30:00","6.3194067472e+08","1.3788082412e+09"
"2026-04-23 09:00:00","6.9143361320e+08","1.0414728454e+09"
"2026-04-23 09:30:00","7.8063293138e+08","1.0251613864e+09"
"2026-04-23 10:00:00","5.4233830043e+08","1.0936409497e+09"
"2026-04-23 10:30:00","7.0968566556e+08","1.0263225674e+09"
"2026-04-23 11:00:00","7.4115622811e+08","1.1403484054e+09"
"2026-04-23 11:30:00","4.8729993508e+08","1.0733534586e+09"
"2026-04-23 12:00:00","4.8980971867e+08","1.3699495741e+09"
"2026-04-23 12:30:00","6.5672617530e+08","1.3641720217e+09"
"2026-04-23 13:00:00","7.3609039571e+08","1.3644814834e+09"
"2026-04-23 13:30:00","9.1321713975e+08","1.3319156052e+09"
"2026-04-23 14:00:00","8.9349080455e+08","1.2734362598e+09"
"2026-04-23 14:30:00","8.8998675187e+08","1.4149359275e+09"
"2026-04-23 15:00:00","5.5114172174e+08","1.9032177422e+09"
"2026-04-23 15:30:00","5.7360250652e+08","2.3342361319e+09"
"2026-04-23 16:00:00","5.3212344702e+08","2.6044241120e+09"
"2026-04-23 16:30:00","6.1277092390e+08","2.5832501113e+09"
"2026-04-23 17:00:00","5.4495697142e+08","2.3373595544e+09"
"2026-04-23 17:30:00","4.4152914762e+08","2.2039138535e+09"
"2026-04-23 18:00:00","5.3374829592e+08","2.0687600536e+09"
"2026-04-23 18:30:00","5.3565261688e+08","2.0305031656e+09"
"2026-04-23 19:00:00","5.2927451275e+08","2.5669115922e+09"
"2026-04-23 19:30:00","6.5293947073e+08","2.0945454828e+09"
"2026-04-23 20:00:00","5.4741524923e+08","2.1289441147e+09"
"2026-04-23 20:30:00","5.7302883333e+08","2.1937584785e+09"
"2026-04-23 21:00:00","4.1196583676e+08","2.2837154243e+09"
"2026-04-23 21:30:00","4.3856680555e+08","2.6235553457e+09"
"2026-04-23 22:00:00","4.8056350557e+08","3.2321646965e+09"
"2026-04-23 22:30:00","6.2034577322e+08","3.2338405358e+09"
"2026-04-23 23:00:00","6.4189108968e+08","3.5537046985e+09"
"2026-04-23 23:30:00","5.4594102221e+08","3.5070626723e+09"
"2026-04-24 00:00:00","3.1591790569e+08","2.9106405550e+09"
"2026-04-24 00:30:00","3.0902003046e+08","2.2809751633e+09"
"2026-04-24 01:00:00","2.7711158490e+08","1.7418287793e+09"
"2026-04-24 01:30:00","2.7736497184e+08","1.4139281406e+09"
"2026-04-24 02:00:00","3.0808723338e+08","1.0567822758e+09"
"2026-04-24 02:30:00","2.5402871224e+08","8.3901622426e+08"
"2026-04-24 03:00:00","2.5741382403e+08","6.6864635157e+08"
"2026-04-24 03:30:00","2.9603113439e+08","6.9631280023e+08"
"2026-04-24 04:00:00","2.3826434822e+08","5.9080049481e+08"
"2026-04-24 04:30:00","2.3917184523e+08","5.3824618466e+08"
"2026-04-24 05:00:00","2.1312312535e+08","5.2981023516e+08"
"2026-04-24 05:30:00","2.1684812139e+08","4.6979792238e+08"
"2026-04-24 06:00:00","2.1596169613e+08","5.3612341755e+08"
"2026-04-24 06:30:00","2.0203408065e+08","5.1002648391e+08"
"2026-04-24 07:00:00","2.2036632343e+08","5.8530400353e+08"
"2026-04-24 07:30:00","3.0691116582e+08","8.3855350132e+08"
"2026-04-24 08:00:00","4.5623146858e+08","1.0740366141e+09"
"2026-04-24 08:30:00","4.3490468900e+08","1.2446886431e+09"
"2026-04-24 09:00:00","3.6805896061e+08","1.0749641350e+09"
"2026-04-24 09:30:00","5.2526185424e+08","1.0605492131e+09"
"2026-04-24 10:00:00","3.8483080043e+08","1.0927274287e+09"
"2026-04-24 10:30:00","7.9425655242e+08","1.1061279010e+09"
"2026-04-24 11:00:00","7.7241601553e+08","9.9722644808e+08"
"2026-04-24 11:30:00","5.9404879218e+08","1.0561896256e+09"
"2026-04-24 12:00:00","5.0131766831e+08","1.1706794740e+09"
"2026-04-24 12:30:00","5.3073504889e+08","1.1693077641e+09"
"2026-04-24 13:00:00","5.2067450305e+08","1.3590742582e+09"
"2026-04-24 13:30:00","5.4753304124e+08","1.4683666338e+09"
"2026-04-24 14:00:00","5.3836216274e+08","1.2917819147e+09"
"2026-04-24 14:30:00","3.5338238557e+08","1.5953358407e+09"
"2026-04-24 15:00:00","4.8119646292e+08","2.0973155280e+09"
"2026-04-24 15:30:00","5.6751875480e+08","2.2676130581e+09"
"2026-04-24 16:00:00","6.0056245289e+08","2.5230518014e+09"
"2026-04-24 16:30:00","6.0528996451e+08","2.5824505160e+09"
"2026-04-24 17:00:00","4.8957634860e+08","2.4226001024e+09"
"2026-04-24 17:30:00","4.8936266925e+08","2.4023321742e+09"
"2026-04-24 18:00:00","5.9092715866e+08","2.3128411027e+09"
"2026-04-24 18:30:00","6.2584144963e+08","2.3377378474e+09"
"2026-04-24 19:00:00","4.9129629851e+08","1.9220783505e+09"
"2026-04-24 19:30:00","4.1433991345e+08","1.8273569069e+09"
"2026-04-24 20:00:00","3.3045679931e+08","2.2774358948e+09"
"2026-04-24 20:30:00","3.7581171447e+08","2.3051668333e+09"
"2026-04-24 21:00:00","4.6095127566e+08","2.4540390013e+09"
"2026-04-24 21:30:00","4.6051798692e+08","3.3274425059e+09"
"2026-04-24 22:00:00","4.7452645904e+08","3.4951286726e+09"
"2026-04-24 22:30:00","7.1708752395e+08","3.4540472942e+09"
"2026-04-24 23:00:00","1.0553717492e+09","3.6455972852e+09"
"2026-04-24 23:30:00","6.7180414426e+08","3.2858591262e+09"
"2026-04-25 00:00:00","3.8550820989e+08","3.1159954311e+09"
"2026-04-25 00:30:00","4.2709627778e+08","2.5569632318e+09"
"2026-04-25 01:00:00","3.5455123596e+08","1.9916857743e+09"
"2026-04-25 01:30:00","2.8083622257e+08","1.5953545720e+09"
"2026-04-25 02:00:00","2.3470521524e+08","1.1857553390e+09"
"2026-04-25 02:30:00","2.1117209504e+08","1.0188032039e+09"
"2026-04-25 03:00:00","2.6816703368e+08","8.1437496022e+08"
"2026-04-25 03:30:00","5.0156343843e+08","7.0193244580e+08"
"2026-04-25 04:00:00","2.0313128057e+08","4.9760277978e+08"
"2026-04-25 04:30:00","1.4391980167e+08","4.8934224094e+08"
"2026-04-25 05:00:00","1.5345882241e+08","4.9528480215e+08"
"2026-04-25 05:30:00","1.6167753482e+08","5.1542459327e+08"
"2026-04-25 06:00:00","1.5366254828e+08","5.0087076917e+08"
"2026-04-25 06:30:00","1.4152952551e+08","4.5062964268e+08"
"2026-04-25 07:00:00","1.5026835354e+08","4.1230007168e+08"
"2026-04-25 07:30:00","2.0795938936e+08","5.0861261190e+08"
"2026-04-25 08:00:00","1.8819710944e+08","6.5084112324e+08"
"2026-04-25 08:30:00","2.1425362891e+08","8.1047096604e+08"
"2026-04-25 09:00:00","2.2529391619e+08","1.0788905084e+09"
"2026-04-25 09:30:00","2.3235440718e+08","1.4405025703e+09"
"2026-04-25 10:00:00","2.7814225759e+08","1.7171094373e+09"
"2026-04-25 10:30:00","2.6625791997e+08","1.8039004242e+09"
"2026-04-25 11:00:00","3.0053343461e+08","1.7393128417e+09"
"2026-04-25 11:30:00","3.5009483381e+08","1.7468986668e+09"
"2026-04-25 12:00:00","3.5316848993e+08","1.8444757505e+09"
"2026-04-25 12:30:00","4.2203469058e+08","1.7256301446e+09"
"2026-04-25 13:00:00","3.9512181344e+08","1.8055590424e+09"
"2026-04-25 13:30:00","3.8181785288e+08","1.6636506059e+09"
"2026-04-25 14:00:00","4.7519548832e+08","1.9688189837e+09"
"2026-04-25 14:30:00","7.0261476973e+08","1.8658685383e+09"
"2026-04-25 15:00:00","6.2795790012e+08","2.1016032638e+09"
"2026-04-25 15:30:00","4.8046846504e+08","2.2782837039e+09"
"2026-04-25 16:00:00","4.4919565324e+08","2.3728659665e+09"
"2026-04-25 16:30:00","4.2342888344e+08","2.4782409390e+09"
"2026-04-25 17:00:00","3.8209071448e+08","2.3877344250e+09"
"2026-04-25 17:30:00","4.0732908414e+08","2.4745910456e+09"
"2026-04-25 18:00:00","4.7856137720e+08","2.3853658672e+09"
"2026-04-25 18:30:00","3.2995171792e+08","2.0125718454e+09"
"2026-04-25 19:00:00","3.5937358458e+08","2.0265857794e+09"
"2026-04-25 19:30:00","3.3932996848e+08","2.0877936622e+09"
"2026-04-25 20:00:00","5.0710092677e+08","2.3046480867e+09"
"2026-04-25 20:30:00","3.3595686271e+08","2.0304577718e+09"
"2026-04-25 21:00:00","4.0992974168e+08","2.0399185163e+09"
"2026-04-25 21:30:00","3.6740930191e+08","2.1952280637e+09"
"2026-04-25 22:00:00","4.0689323634e+08","2.3636864793e+09"
"2026-04-25 22:30:00","3.9263864565e+08","2.6851237603e+09"
"2026-04-25 23:00:00","3.9287982593e+08","3.2769373512e+09"
"2026-04-25 23:30:00","3.9414720047e+08","3.0565826979e+09"
"2026-04-26 00:00:00","3.2388655408e+08","2.8172842522e+09"
"2026-04-26 00:30:00","3.3267859615e+08","2.3495216238e+09"
"2026-04-26 01:00:00","3.2054589920e+08","2.1390338498e+09"
"2026-04-26 01:30:00","2.5008962523e+08","1.7247650525e+09"
"2026-04-26 02:00:00","3.1439996877e+08","1.2755551072e+09"
"2026-04-26 02:30:00","3.6304150211e+08","1.3711144891e+09"
"2026-04-26 03:00:00","1.9372216749e+08","9.3831659625e+08"
"2026-04-26 03:30:00","2.3243633841e+08","7.3901300562e+08"
"2026-04-26 04:00:00","1.9061670138e+08","6.6695165268e+08"
"2026-04-26 04:30:00","1.9665001940e+08","5.3565598821e+08"
"2026-04-26 05:00:00","1.5769202453e+08","4.8471332373e+08"
"2026-04-26 05:30:00","1.6002475530e+08","4.4534245519e+08"
"2026-04-26 06:00:00","2.0226398132e+08","4.3500155375e+08"
"2026-04-26 06:30:00","1.6277650015e+08","4.2391869575e+08"
"2026-04-26 07:00:00","1.4980596794e+08","4.2491951095e+08"
"2026-04-26 07:30:00","1.6277467198e+08","4.2574990743e+08"
"2026-04-26 08:00:00","1.6360121794e+08","5.4291812568e+08"
"2026-04-26 08:30:00","1.7984869677e+08","7.6287188028e+08"
"2026-04-26 09:00:00","2.1015815882e+08","9.6634087848e+08"
"2026-04-26 09:30:00","2.6812671716e+08","1.2002208324e+09"
"2026-04-26 10:00:00","3.2520903293e+08","1.4666435937e+09"
"2026-04-26 10:30:00","3.9988908428e+08","1.5466220696e+09"
"2026-04-26 11:00:00","4.0259930306e+08","1.6409291742e+09"
"2026-04-26 11:30:00","4.0458195302e+08","1.6653176804e+09"
"2026-04-26 12:00:00","4.1417875996e+08","1.8831712257e+09"
"2026-04-26 12:30:00","4.6218238045e+08","1.9513480187e+09"
"2026-04-26 13:00:00","3.1163797702e+08","1.9261446118e+09"
"2026-04-26 13:30:00","2.8084715801e+08","1.7410383263e+09"
"2026-04-26 14:00:00","2.8758404366e+08","1.9864909984e+09"
"2026-04-26 14:30:00","3.2421095902e+08","2.1539924471e+09"
"2026-04-26 15:00:00","4.8242812255e+08","2.4381584601e+09"
"2026-04-26 15:30:00","4.0784972500e+08","2.4914695085e+09"
"2026-04-26 16:00:00","3.8297659176e+08","2.6723313879e+09"
"2026-04-26 16:30:00","4.1102575893e+08","2.5931249280e+09"
"2026-04-26 17:00:00","3.9958294610e+08","2.5081803422e+09"
"2026-04-26 17:30:00","4.1074328297e+08","2.6617825389e+09"
"2026-04-26 18:00:00","4.4206498617e+08","2.7378066139e+09"
"2026-04-26 18:30:00","4.2239974055e+08","2.4700731787e+09"
"2026-04-26 19:00:00","5.6341617196e+08","2.3942261243e+09"
"2026-04-26 19:30:00","5.1085134547e+08","2.4582111191e+09"
"2026-04-26 20:00:00","4.2215039199e+08","2.4510441768e+09"
"2026-04-26 20:30:00","3.5310668390e+08","2.1992491083e+09"
"2026-04-26 21:00:00","3.8863696056e+08","2.6003389299e+09"
"2026-04-26 21:30:00","4.4760474474e+08","2.7768793648e+09"
"2026-04-26 22:00:00","5.4950706530e+08","3.1055692753e+09"
"2026-04-26 22:30:00","4.7021132269e+08","3.5118016359e+09"
"2026-04-26 23:00:00","5.7308646178e+08","3.9709454140e+09"
"2026-04-26 23:30:00","4.8662552124e+08","3.6493891062e+09"
"2026-04-27 00:00:00","4.2764643277e+08","3.0916652779e+09"
"2026-04-27 00:30:00","3.6364597629e+08","2.2695335206e+09"
"2026-04-27 01:00:00","3.7730811319e+08","1.7091240997e+09"
"2026-04-27 01:30:00","3.5863938706e+08","1.2200648626e+09"
"2026-04-27 02:00:00","3.3057627005e+08","9.3728129483e+08"
"2026-04-27 02:30:00","3.8430142239e+08","7.3406988563e+08"
"2026-04-27 03:00:00","2.8065705859e+08","5.7368495382e+08"
"2026-04-27 03:30:00","2.1506721362e+08","4.9757357668e+08"
"2026-04-27 04:00:00","1.8728578512e+08","4.9490353443e+08"
"2026-04-27 04:30:00","1.5867489472e+08","4.8401031027e+08"
"2026-04-27 05:00:00","1.7483538805e+08","4.2445868819e+08"
"2026-04-27 05:30:00","1.8514895039e+08","3.8622368780e+08"
"2026-04-27 06:00:00","3.0582411185e+08","3.9732384498e+08"
"2026-04-27 06:30:00","3.4933222179e+08","4.2862657000e+08"
"2026-04-27 07:00:00","1.8883506968e+08","5.6104836829e+08"
"2026-04-27 07:30:00","2.3260774178e+08","6.8771705285e+08"
"2026-04-27 08:00:00","2.6480070472e+08","1.0467050291e+09"
"2026-04-27 08:30:00","3.4361306549e+08","1.2044988018e+09"
"2026-04-27 09:00:00","4.9034091502e+08","1.4258041358e+09"
"2026-04-27 09:30:00","9.0286781126e+08","1.3916908589e+09"
"2026-04-27 10:00:00","6.8945650923e+08","1.3035968778e+09"
"2026-04-27 10:30:00","8.6198900171e+08","1.2451821770e+09"
"2026-04-27 11:00:00","7.8046563420e+08","1.3160832150e+09"
"2026-04-27 11:30:00","7.7486552458e+08","1.0851334793e+09"
"2026-04-27 12:00:00","6.2893499709e+08","1.2018132555e+09"
"2026-04-27 12:30:00","7.7397128250e+08","2.4254557584e+09"
"2026-04-27 13:00:00","8.4587358277e+08","1.2799250133e+09"
"2026-04-27 13:30:00","8.2089882046e+08","1.2605098177e+09"
"2026-04-27 14:00:00","6.6526881243e+08","1.3131363459e+09"
"2026-04-27 14:30:00","5.8610610795e+08","1.9841471734e+09"
"2026-04-27 15:00:00","7.0644209481e+08","2.2536868476e+09"
"2026-04-27 15:30:00","8.2037510509e+08","2.5127496847e+09"
"2026-04-27 16:00:00","8.0252894258e+08","2.7402227417e+09"
"2026-04-27 16:30:00","8.4536877295e+08","2.8173141826e+09"
"2026-04-27 17:00:00","8.6261617207e+08","2.5045157642e+09"
"2026-04-27 17:30:00","7.2364892888e+08","2.2294420142e+09"
"2026-04-27 18:00:00","NaN","NaN"
