"Title:","'ALCORT_R3_Huawei_GE-0/5/1.97_Xtra 10G Conil'"
"Vertical Label:","'bits per second'"
"Start Date:","2026-03-27 17:00:00"
"End Date:","2026-03-27 17:00:00"
"Step:","7200"
"Total Rows:","373"
"Graph ID:","166"
"Host ID:","6"
""
"Date","Inbound","Outbound"
"2026-03-27 17:00:00","9.6881563972e+08","4.2325170544e+09"
"2026-03-27 19:00:00","8.9899846831e+08","3.9457939484e+09"
"2026-03-27 21:00:00","9.4906307449e+08","3.7334279618e+09"
"2026-03-27 23:00:00","9.7422968714e+08","5.5142361925e+09"
"2026-03-28 01:00:00","1.0764259484e+09","5.0010869415e+09"
"2026-03-28 03:00:00","8.4217923665e+08","2.7338040109e+09"
"2026-03-28 05:00:00","4.6908159583e+08","1.3665696617e+09"
"2026-03-28 07:00:00","4.4516320924e+08","1.0020311573e+09"
"2026-03-28 09:00:00","5.3308684902e+08","1.8114298752e+09"
"2026-03-28 11:00:00","7.9621410515e+08","3.2059352592e+09"
"2026-03-28 13:00:00","8.1269993848e+08","3.0307922735e+09"
"2026-03-28 15:00:00","8.5360003774e+08","3.1635454422e+09"
"2026-03-28 17:00:00","9.3471000021e+08","4.3663841394e+09"
"2026-03-28 19:00:00","9.1873392274e+08","4.4456230501e+09"
"2026-03-28 21:00:00","1.0129223562e+09","4.1248499992e+09"
"2026-03-28 23:00:00","1.1040854148e+09","5.7204236002e+09"
"2026-03-29 01:00:00","9.9652146084e+08","5.2922723536e+09"
"2026-03-29 04:00:00","7.7137422697e+08","3.0140419860e+09"
"2026-03-29 06:00:00","4.2328080563e+08","1.3716045140e+09"
"2026-03-29 08:00:00","3.9065974600e+08","9.6900640520e+08"
"2026-03-29 10:00:00","5.6429155607e+08","1.7598566117e+09"
"2026-03-29 12:00:00","8.3971047398e+08","3.7349220499e+09"
"2026-03-29 14:00:00","8.7823436956e+08","4.3571038760e+09"
"2026-03-29 16:00:00","9.2825651459e+08","4.4390219973e+09"
"2026-03-29 18:00:00","9.5383430904e+08","5.1058690678e+09"
"2026-03-29 20:00:00","1.0733296115e+09","4.8178818427e+09"
"2026-03-29 22:00:00","9.7116227427e+08","4.5246292636e+09"
"2026-03-30 00:00:00","1.1606270775e+09","6.0385126710e+09"
"2026-03-30 02:00:00","9.6603805481e+08","4.8123023891e+09"
"2026-03-30 04:00:00","5.6719154404e+08","2.1394948980e+09"
"2026-03-30 06:00:00","3.3917963780e+08","1.1266306985e+09"
"2026-03-30 08:00:00","3.2579201157e+08","9.5386347146e+08"
"2026-03-30 10:00:00","5.5288732073e+08","1.8658790619e+09"
"2026-03-30 12:00:00","8.2533429081e+08","2.5817949301e+09"
"2026-03-30 14:00:00","7.7397242411e+08","2.9581276708e+09"
"2026-03-30 16:00:00","7.9668674215e+08","4.0539269643e+09"
"2026-03-30 18:00:00","8.5870662262e+08","4.2577358677e+09"
"2026-03-30 20:00:00","8.9320738467e+08","3.6401398216e+09"
"2026-03-30 22:00:00","1.0377018057e+09","4.5573780001e+09"
"2026-03-31 00:00:00","1.4682526291e+09","6.7837908014e+09"
"2026-03-31 02:00:00","1.0969253127e+09","4.5963670547e+09"
"2026-03-31 04:00:00","8.0955282685e+08","2.1083226704e+09"
"2026-03-31 06:00:00","4.1070398124e+08","1.1630803661e+09"
"2026-03-31 08:00:00","3.3817884183e+08","1.0008342430e+09"
"2026-03-31 10:00:00","5.1729801943e+08","1.8280724655e+09"
"2026-03-31 12:00:00","7.5763559336e+08","2.6534528185e+09"
"2026-03-31 14:00:00","7.9424096143e+08","3.0506351657e+09"
"2026-03-31 16:00:00","9.0820637342e+08","4.0284861709e+09"
"2026-03-31 18:00:00","1.0076390706e+09","4.3752885125e+09"
"2026-03-31 20:00:00","9.1505772514e+08","3.7010170341e+09"
"2026-03-31 22:00:00","9.9178146688e+08","4.3442668829e+09"
"2026-04-01 00:00:00","1.2311690901e+09","6.7706293839e+09"
"2026-04-01 02:00:00","9.5965466123e+08","4.9571409069e+09"
"2026-04-01 04:00:00","6.6331035878e+08","2.4621482239e+09"
"2026-04-01 06:00:00","4.3399843888e+08","1.2845428743e+09"
"2026-04-01 08:00:00","3.6450170303e+08","1.0835953418e+09"
"2026-04-01 10:00:00","6.0841412073e+08","2.2349607693e+09"
"2026-04-01 12:00:00","8.9884450705e+08","3.3220267620e+09"
"2026-04-01 14:00:00","8.9233710073e+08","3.5848248459e+09"
"2026-04-01 16:00:00","9.1433069954e+08","4.5757057795e+09"
"2026-04-01 18:00:00","1.0424476555e+09","5.0649649410e+09"
"2026-04-01 20:00:00","9.6843446264e+08","4.1954906945e+09"
"2026-04-01 22:00:00","9.1649115765e+08","3.9976131938e+09"
"2026-04-02 00:00:00","1.0073962550e+09","5.6935748443e+09"
"2026-04-02 02:00:00","1.0130050066e+09","4.5503848559e+09"
"2026-04-02 04:00:00","8.4121928664e+08","2.6611374472e+09"
"2026-04-02 06:00:00","5.6603945465e+08","1.3880762159e+09"
"2026-04-02 08:00:00","4.3550258399e+08","9.8284438511e+08"
"2026-04-02 10:00:00","6.2300900655e+08","1.9525748829e+09"
"2026-04-02 12:00:00","8.8730703515e+08","3.1236989139e+09"
"2026-04-02 14:00:00","9.6768740983e+08","3.5032317974e+09"
"2026-04-02 16:00:00","1.0485995612e+09","4.4822579227e+09"
"2026-04-02 18:00:00","1.1057138303e+09","5.3179170080e+09"
"2026-04-02 20:00:00","1.1265280381e+09","5.3849477440e+09"
"2026-04-02 22:00:00","1.1655866636e+09","4.3090013954e+09"
"2026-04-03 00:00:00","1.0829912306e+09","4.8160988105e+09"
"2026-04-03 02:00:00","1.1209328486e+09","4.1156735110e+09"
"2026-04-03 04:00:00","8.5798459292e+08","2.6192095362e+09"
"2026-04-03 06:00:00","6.8266772895e+08","1.6468296380e+09"
"2026-04-03 08:00:00","4.4772350815e+08","1.2837909849e+09"
"2026-04-03 10:00:00","6.5902367894e+08","2.0697897302e+09"
"2026-04-03 12:00:00","9.2851375498e+08","3.4707986716e+09"
"2026-04-03 14:00:00","9.1999934821e+08","3.6938030121e+09"
"2026-04-03 16:00:00","9.2121094344e+08","4.0726703362e+09"
"2026-04-03 18:00:00","1.0412441731e+09","5.4521604709e+09"
"2026-04-03 20:00:00","1.2140336315e+09","4.9572266532e+09"
"2026-04-03 22:00:00","1.1759416200e+09","4.4048159569e+09"
"2026-04-04 00:00:00","1.1800905111e+09","5.4493971792e+09"
"2026-04-04 02:00:00","1.1343612288e+09","4.9365571015e+09"
"2026-04-04 04:00:00","8.4451814352e+08","3.0127796194e+09"
"2026-04-04 06:00:00","5.5865660539e+08","1.5156226594e+09"
"2026-04-04 08:00:00","4.6948263577e+08","1.2962796198e+09"
"2026-04-04 10:00:00","7.0273777559e+08","2.2082096819e+09"
"2026-04-04 12:00:00","9.1642965391e+08","3.3386539522e+09"
"2026-04-04 14:00:00","9.5177445240e+08","3.5497789125e+09"
"2026-04-04 16:00:00","9.2426800598e+08","4.6486097739e+09"
"2026-04-04 18:00:00","1.2298958960e+09","5.8121871078e+09"
"2026-04-04 20:00:00","1.0965039491e+09","5.5191715665e+09"
"2026-04-04 22:00:00","1.4007210043e+09","5.4304796849e+09"
"2026-04-05 00:00:00","1.4332353536e+09","7.1296522886e+09"
"2026-04-05 02:00:00","1.0551736758e+09","5.7025632759e+09"
"2026-04-05 04:00:00","7.0712620927e+08","3.0851227068e+09"
"2026-04-05 06:00:00","5.3425433008e+08","1.4316924209e+09"
"2026-04-05 08:00:00","4.1350792634e+08","1.0637078823e+09"
"2026-04-05 10:00:00","6.5472467484e+08","2.0655461740e+09"
"2026-04-05 12:00:00","8.9304744112e+08","3.4565402091e+09"
"2026-04-05 14:00:00","9.1660983746e+08","3.8459732789e+09"
"2026-04-05 16:00:00","9.1496836403e+08","4.4839352875e+09"
"2026-04-05 18:00:00","1.0242466812e+09","5.5080772177e+09"
"2026-04-05 20:00:00","1.1656899785e+09","5.7155416617e+09"
"2026-04-05 22:00:00","1.2089714051e+09","6.4038866623e+09"
"2026-04-06 00:00:00","1.2976824147e+09","7.3817473630e+09"
"2026-04-06 02:00:00","9.5663826012e+08","4.2802637337e+09"
"2026-04-06 04:00:00","5.4463021459e+08","1.8840510515e+09"
"2026-04-06 06:00:00","4.1865087802e+08","1.0329767312e+09"
"2026-04-06 08:00:00","4.4813133225e+08","1.1546168093e+09"
"2026-04-06 10:00:00","6.0343902625e+08","2.0022751978e+09"
"2026-04-06 12:00:00","7.3268857103e+08","2.0833560889e+09"
"2026-04-06 14:00:00","7.6490935239e+08","2.3740054527e+09"
"2026-04-06 16:00:00","8.1166165068e+08","3.7841052793e+09"
"2026-04-06 18:00:00","9.0617867258e+08","4.7274519904e+09"
"2026-04-06 20:00:00","8.8075992792e+08","4.0531022515e+09"
"2026-04-06 22:00:00","1.0118291510e+09","5.0619854527e+09"
"2026-04-07 00:00:00","1.1142498738e+09","6.6523750332e+09"
"2026-04-07 02:00:00","7.3720775269e+08","3.8207740408e+09"
"2026-04-07 04:00:00","4.4138957582e+08","1.7339449612e+09"
"2026-04-07 06:00:00","3.6406942463e+08","9.8775553422e+08"
"2026-04-07 08:00:00","3.6955742913e+08","1.1425002972e+09"
"2026-04-07 10:00:00","5.4454472021e+08","1.7616616482e+09"
"2026-04-07 12:00:00","6.8338479688e+08","1.9308082958e+09"
"2026-04-07 14:00:00","7.2698735287e+08","2.6721586520e+09"
"2026-04-07 16:00:00","7.9011538753e+08","3.7691472231e+09"
"2026-04-07 18:00:00","8.6911324363e+08","4.4283932452e+09"
"2026-04-07 20:00:00","1.0461243322e+09","4.6601031559e+09"
"2026-04-07 22:00:00","1.4239277159e+09","5.6222886300e+09"
"2026-04-08 00:00:00","1.2823694086e+09","6.6082105755e+09"
"2026-04-08 02:00:00","7.7733696642e+08","3.6781508851e+09"
"2026-04-08 04:00:00","5.0930770074e+08","1.8919040713e+09"
"2026-04-08 06:00:00","4.0131670176e+08","9.4685259862e+08"
"2026-04-08 08:00:00","4.4045595285e+08","1.1051323456e+09"
"2026-04-08 10:00:00","5.9063714563e+08","1.7469155424e+09"
"2026-04-08 12:00:00","6.9757869859e+08","1.8500764983e+09"
"2026-04-08 14:00:00","7.0878360607e+08","2.0165279007e+09"
"2026-04-08 16:00:00","8.2530226093e+08","3.5527340562e+09"
"2026-04-08 18:00:00","8.0374607809e+08","4.0660035322e+09"
"2026-04-08 20:00:00","8.3610680049e+08","3.3237374167e+09"
"2026-04-08 22:00:00","1.2048938958e+09","4.6809742871e+09"
"2026-04-09 00:00:00","1.2604789494e+09","6.5652402146e+09"
"2026-04-09 02:00:00","8.2209259908e+08","3.6940757016e+09"
"2026-04-09 04:00:00","4.5531702139e+08","1.5745427857e+09"
"2026-04-09 06:00:00","3.5736965247e+08","9.3286240155e+08"
"2026-04-09 08:00:00","3.9295299438e+08","1.0824706714e+09"
"2026-04-09 10:00:00","5.5910903750e+08","1.6760341591e+09"
"2026-04-09 12:00:00","6.3525636876e+08","1.7591605126e+09"
"2026-04-09 14:00:00","6.7837146038e+08","1.9589280217e+09"
"2026-04-09 16:00:00","7.2037067571e+08","3.7361216061e+09"
"2026-04-09 18:00:00","8.5411560219e+08","4.1744289505e+09"
"2026-04-09 20:00:00","8.4101191672e+08","3.5985454036e+09"
"2026-04-09 22:00:00","1.0206973301e+09","5.0222048658e+09"
"2026-04-10 00:00:00","1.0739238125e+09","6.2592192089e+09"
"2026-04-10 02:00:00","8.3104020081e+08","3.6789302461e+09"
"2026-04-10 04:00:00","4.8446996349e+08","1.6596436426e+09"
"2026-04-10 06:00:00","3.7455631265e+08","9.4806017887e+08"
"2026-04-10 08:00:00","4.1532869526e+08","1.2426496251e+09"
"2026-04-10 10:00:00","6.2171004078e+08","1.7559979516e+09"
"2026-04-10 12:00:00","6.8064523944e+08","1.7497207266e+09"
"2026-04-10 14:00:00","7.3020860639e+08","1.9175107439e+09"
"2026-04-10 16:00:00","7.7805033261e+08","3.3366579109e+09"
"2026-04-10 18:00:00","8.3451386446e+08","4.3695582385e+09"
"2026-04-10 20:00:00","8.3435525813e+08","3.6077638155e+09"
"2026-04-10 22:00:00","1.0496074030e+09","4.2398455220e+09"
"2026-04-11 00:00:00","1.1931041735e+09","6.0577436717e+09"
"2026-04-11 02:00:00","9.1253842699e+08","4.3553778184e+09"
"2026-04-11 04:00:00","6.0488149459e+08","2.2949818023e+09"
"2026-04-11 06:00:00","4.4135268785e+08","1.3125178467e+09"
"2026-04-11 08:00:00","4.1886952598e+08","1.1964967167e+09"
"2026-04-11 10:00:00","6.2080890561e+08","2.2289225198e+09"
"2026-04-11 12:00:00","7.8252333971e+08","3.0996673504e+09"
"2026-04-11 14:00:00","8.2492317979e+08","3.0959251473e+09"
"2026-04-11 16:00:00","9.3069614815e+08","4.0886970737e+09"
"2026-04-11 18:00:00","1.0327601295e+09","4.7465711367e+09"
"2026-04-11 20:00:00","1.0957034536e+09","4.6874596999e+09"
"2026-04-11 22:00:00","1.0870840824e+09","4.8698324975e+09"
"2026-04-12 00:00:00","1.0773884210e+09","6.1466463125e+09"
"2026-04-12 02:00:00","8.3027264266e+08","4.5666771954e+09"
"2026-04-12 04:00:00","6.1534944080e+08","2.4959584480e+09"
"2026-04-12 06:00:00","4.0104574122e+08","1.1161457215e+09"
"2026-04-12 08:00:00","3.7781643972e+08","8.8458217889e+08"
"2026-04-12 10:00:00","6.0042739520e+08","2.1024383944e+09"
"2026-04-12 12:00:00","8.3583326418e+08","3.1741975530e+09"
"2026-04-12 14:00:00","8.1455875442e+08","3.3577695036e+09"
"2026-04-12 16:00:00","9.5601241591e+08","4.0869121097e+09"
"2026-04-12 18:00:00","9.8141038435e+08","5.0413488119e+09"
"2026-04-12 20:00:00","1.0322291677e+09","5.1756804226e+09"
"2026-04-12 22:00:00","1.1850022909e+09","5.7200209880e+09"
"2026-04-13 00:00:00","1.1159800492e+09","6.9496915757e+09"
"2026-04-13 02:00:00","8.1115383394e+08","3.8996437159e+09"
"2026-04-13 04:00:00","4.4424313118e+08","1.5647646482e+09"
"2026-04-13 06:00:00","3.2774740617e+08","8.4744363902e+08"
"2026-04-13 08:00:00","3.9608679361e+08","1.0333936476e+09"
"2026-04-13 10:00:00","5.5778480366e+08","1.7666316969e+09"
"2026-04-13 12:00:00","6.6056013282e+08","1.7676774695e+09"
"2026-04-13 14:00:00","7.9516232132e+08","2.0484693537e+09"
"2026-04-13 16:00:00","7.7900686922e+08","3.6103122285e+09"
"2026-04-13 18:00:00","8.8194389577e+08","3.9326633210e+09"
"2026-04-13 20:00:00","8.5314717967e+08","3.6444992018e+09"
"2026-04-13 22:00:00","9.8741692517e+08","4.7205125699e+09"
"2026-04-14 00:00:00","1.1302895590e+09","6.1867364085e+09"
"2026-04-14 02:00:00","7.1976342504e+08","3.6943433246e+09"
"2026-04-14 04:00:00","4.5062618581e+08","1.6228182261e+09"
"2026-04-14 06:00:00","3.2460708969e+08","1.0379854758e+09"
"2026-04-14 08:00:00","3.6506234529e+08","1.1544634943e+09"
"2026-04-14 10:00:00","5.1724872816e+08","1.7649349731e+09"
"2026-04-14 12:00:00","6.3976029225e+08","1.6685776131e+09"
"2026-04-14 14:00:00","7.0274523513e+08","2.2734456388e+09"
"2026-04-14 16:00:00","7.8017798566e+08","3.7205276713e+09"
"2026-04-14 18:00:00","8.8746648105e+08","3.9663540779e+09"
"2026-04-14 20:00:00","8.7239234665e+08","3.5905421573e+09"
"2026-04-14 22:00:00","1.1433866028e+09","4.9835882228e+09"
"2026-04-15 00:00:00","1.2271079630e+09","6.3769103297e+09"
"2026-04-15 02:00:00","8.5449988255e+08","3.6656159962e+09"
"2026-04-15 04:00:00","5.0382321299e+08","1.7257087148e+09"
"2026-04-15 06:00:00","3.6701171159e+08","9.3432645191e+08"
"2026-04-15 08:00:00","4.6190140131e+08","1.2228526062e+09"
"2026-04-15 10:00:00","6.5397964458e+08","1.9163030602e+09"
"2026-04-15 12:00:00","7.1376316880e+08","1.8574505011e+09"
"2026-04-15 14:00:00","7.4874293865e+08","2.0264216919e+09"
"2026-04-15 16:00:00","8.1759814137e+08","3.4710917627e+09"
"2026-04-15 18:00:00","8.9600964232e+08","4.1361127862e+09"
"2026-04-15 20:00:00","8.7732829989e+08","3.4356519443e+09"
"2026-04-15 22:00:00","1.3616722723e+09","4.8784968938e+09"
"2026-04-16 00:00:00","1.4629409000e+09","6.4910941673e+09"
"2026-04-16 02:00:00","8.4587265398e+08","3.5361879650e+09"
"2026-04-16 04:00:00","5.4576306676e+08","1.6161216258e+09"
"2026-04-16 06:00:00","3.9953066499e+08","9.2746095880e+08"
"2026-04-16 08:00:00","4.3865954743e+08","1.2079396541e+09"
"2026-04-16 10:00:00","5.7415304345e+08","1.8991899743e+09"
"2026-04-16 12:00:00","6.4556386435e+08","2.1601501584e+09"
"2026-04-16 14:00:00","7.2813269622e+08","2.2726217857e+09"
"2026-04-16 16:00:00","7.9456543043e+08","4.1514714858e+09"
"2026-04-16 18:00:00","8.1130576315e+08","4.2320437689e+09"
"2026-04-16 20:00:00","8.5113717647e+08","3.9908727561e+09"
"2026-04-16 22:00:00","1.0187396930e+09","4.2495870372e+09"
"2026-04-17 00:00:00","1.1712313565e+09","6.4201649003e+09"
"2026-04-17 02:00:00","8.5391376068e+08","3.7571079814e+09"
"2026-04-17 04:00:00","4.6815068189e+08","1.5883528750e+09"
"2026-04-17 06:00:00","3.5388881449e+08","9.3304176758e+08"
"2026-04-17 08:00:00","3.9405057025e+08","1.1739140014e+09"
"2026-04-17 10:00:00","6.0796834356e+08","1.7482960182e+09"
"2026-04-17 12:00:00","6.8302895849e+08","1.8505068640e+09"
"2026-04-17 14:00:00","7.3709224860e+08","2.3737409025e+09"
"2026-04-17 16:00:00","7.9094897466e+08","3.5670664501e+09"
"2026-04-17 18:00:00","8.6528127823e+08","4.5600628813e+09"
"2026-04-17 20:00:00","7.9646881621e+08","3.7492068303e+09"
"2026-04-17 22:00:00","8.8522381759e+08","4.0368474368e+09"
"2026-04-18 00:00:00","9.5529886662e+08","5.5057500072e+09"
"2026-04-18 02:00:00","8.7734407563e+08","4.1151193822e+09"
"2026-04-18 04:00:00","5.5502923640e+08","1.9693152805e+09"
"2026-04-18 06:00:00","3.7586763024e+08","1.1153153546e+09"
"2026-04-18 08:00:00","3.7692823437e+08","1.1346751469e+09"
"2026-04-18 10:00:00","5.8912346831e+08","2.3251450712e+09"
"2026-04-18 12:00:00","8.3395596956e+08","2.9957558867e+09"
"2026-04-18 14:00:00","8.7794760665e+08","3.2948658524e+09"
"2026-04-18 16:00:00","7.5361304688e+08","3.8258914438e+09"
"2026-04-18 18:00:00","8.2027186329e+08","4.2536240370e+09"
"2026-04-18 20:00:00","8.7092570340e+08","3.9907796648e+09"
"2026-04-18 22:00:00","9.5330103937e+08","4.3383449162e+09"
"2026-04-19 00:00:00","9.8162462421e+08","5.2623768755e+09"
"2026-04-19 02:00:00","9.1922751248e+08","4.3953480764e+09"
"2026-04-19 04:00:00","6.2627933121e+08","2.1376883303e+09"
"2026-04-19 06:00:00","3.8347857581e+08","1.1774114316e+09"
"2026-04-19 08:00:00","3.4509734961e+08","9.5537648686e+08"
"2026-04-19 10:00:00","5.4227155233e+08","2.1367841281e+09"
"2026-04-19 12:00:00","8.2565212278e+08","3.3635351532e+09"
"2026-04-19 14:00:00","9.1159858039e+08","3.7178461376e+09"
"2026-04-19 16:00:00","8.5260722527e+08","3.8849143331e+09"
"2026-04-19 18:00:00","9.0617835773e+08","5.2967670527e+09"
"2026-04-19 20:00:00","9.5129228153e+08","4.7089373271e+09"
"2026-04-19 22:00:00","1.1163945295e+09","5.3030947150e+09"
"2026-04-20 00:00:00","1.1097460374e+09","6.7529799479e+09"
"2026-04-20 02:00:00","8.0449465082e+08","3.9738026206e+09"
"2026-04-20 04:00:00","5.4317264046e+08","1.7087264951e+09"
"2026-04-20 06:00:00","3.5298717155e+08","8.8526231076e+08"
"2026-04-20 08:00:00","4.1399723807e+08","1.0815203312e+09"
"2026-04-20 10:00:00","6.1527764962e+08","1.7108118054e+09"
"2026-04-20 12:00:00","7.2085667938e+08","2.0346536186e+09"
"2026-04-20 14:00:00","7.2297418607e+08","1.9554579553e+09"
"2026-04-20 16:00:00","7.9232158062e+08","3.7254655154e+09"
"2026-04-20 18:00:00","9.1288611788e+08","4.2814555094e+09"
"2026-04-20 20:00:00","9.3641663756e+08","3.5926279497e+09"
"2026-04-20 22:00:00","1.0337504114e+09","4.5353634911e+09"
"2026-04-21 00:00:00","1.0500204973e+09","6.6385222765e+09"
"2026-04-21 02:00:00","7.4150069019e+08","3.4977067844e+09"
"2026-04-21 04:00:00","5.4880679419e+08","1.5856032490e+09"
"2026-04-21 06:00:00","4.3646887178e+08","1.0078672794e+09"
"2026-04-21 08:00:00","4.2327398898e+08","1.3162388248e+09"
"2026-04-21 10:00:00","5.8058876652e+08","1.8125952719e+09"
"2026-04-21 12:00:00","6.8278334982e+08","1.8838469271e+09"
"2026-04-21 14:00:00","7.6163755390e+08","2.1495341730e+09"
"2026-04-21 16:00:00","7.6724368618e+08","3.7666641634e+09"
"2026-04-21 18:00:00","9.0377484354e+08","4.6896327136e+09"
"2026-04-21 20:00:00","8.5268499794e+08","3.8881888448e+09"
"2026-04-21 22:00:00","1.0288417034e+09","4.9580998722e+09"
"2026-04-22 00:00:00","1.2001199083e+09","6.8671351184e+09"
"2026-04-22 02:00:00","7.6393613190e+08","3.5931178166e+09"
"2026-04-22 04:00:00","5.0159001118e+08","1.5876074860e+09"
"2026-04-22 06:00:00","3.6093650615e+08","1.0198549474e+09"
"2026-04-22 08:00:00","3.9458255370e+08","1.1619164227e+09"
"2026-04-22 10:00:00","5.8539350449e+08","1.6784893932e+09"
"2026-04-22 12:00:00","6.6631337033e+08","1.7272196221e+09"
"2026-04-22 14:00:00","7.1376353251e+08","1.9673672568e+09"
"2026-04-22 16:00:00","7.7203853825e+08","3.8584459139e+09"
"2026-04-22 18:00:00","9.0506054351e+08","4.1580849085e+09"
"2026-04-22 20:00:00","8.4234756800e+08","3.7397266794e+09"
"2026-04-22 22:00:00","1.0979481161e+09","4.6945474738e+09"
"2026-04-23 00:00:00","1.2853207893e+09","6.5573057414e+09"
"2026-04-23 02:00:00","7.8165894329e+08","3.7046826428e+09"
"2026-04-23 04:00:00","5.1103361886e+08","1.5797999912e+09"
"2026-04-23 06:00:00","4.0306901979e+08","1.0606175456e+09"
"2026-04-23 08:00:00","4.0696598316e+08","1.2121696093e+09"
"2026-04-23 10:00:00","6.1823680511e+08","1.8272950682e+09"
"2026-04-23 12:00:00","7.0654620776e+08","1.8407158979e+09"
"2026-04-23 14:00:00","7.5585004392e+08","2.0143182402e+09"
"2026-04-23 16:00:00","8.5637272642e+08","4.0290197892e+09"
"2026-04-23 18:00:00","9.6809269509e+08","4.2624817296e+09"
"2026-04-23 20:00:00","9.6091829601e+08","3.9784824183e+09"
"2026-04-23 22:00:00","1.0694632175e+09","5.1789390247e+09"
"2026-04-24 00:00:00","1.1578451477e+09","6.8872708314e+09"
"2026-04-24 02:00:00","8.6445587741e+08","4.1063246746e+09"
"2026-04-24 04:00:00","5.7900918176e+08","1.8334817415e+09"
"2026-04-24 06:00:00","4.1447188379e+08","1.1200530109e+09"
"2026-04-24 08:00:00","4.2064268885e+08","1.4377894969e+09"
"2026-04-24 10:00:00","6.6740630810e+08","2.0734167361e+09"
"2026-04-24 12:00:00","7.7696740953e+08","2.3440732823e+09"
"2026-04-24 14:00:00","8.6321702673e+08","2.7738555209e+09"
"2026-04-24 16:00:00","8.7055597069e+08","4.3059278324e+09"
"2026-04-24 18:00:00","9.5711350662e+08","5.2090952015e+09"
"2026-04-24 20:00:00","1.0245135626e+09","4.5996773883e+09"
"2026-04-24 22:00:00","1.3051363540e+09","5.3675984317e+09"
"2026-04-25 00:00:00","1.2527486017e+09","6.8629829510e+09"
"2026-04-25 02:00:00","1.0260193337e+09","5.0089894513e+09"
"2026-04-25 04:00:00","7.9703925646e+08","2.5576937171e+09"
"2026-04-25 06:00:00","5.6307858989e+08","1.1552298090e+09"
"2026-04-25 08:00:00","5.9007276248e+08","1.1848290882e+09"
"2026-04-25 10:00:00","6.7872290337e+08","2.4734896125e+09"
"2026-04-25 12:00:00","8.3734740431e+08","3.6473709589e+09"
"2026-04-25 14:00:00","8.4724120210e+08","3.7183875625e+09"
"2026-04-25 16:00:00","9.2930560083e+08","4.1305929203e+09"
"2026-04-25 18:00:00","1.0430962206e+09","5.0589557759e+09"
"2026-04-25 20:00:00","1.0684428973e+09","4.5657738273e+09"
"2026-04-25 22:00:00","1.1332950140e+09","4.4702750649e+09"
"2026-04-26 00:00:00","1.2413450545e+09","6.0147587186e+09"
"2026-04-26 02:00:00","1.1735473957e+09","4.8676642647e+09"
"2026-04-26 04:00:00","8.0241914405e+08","2.2502692287e+09"
"2026-04-26 06:00:00","5.4466312137e+08","1.1553281064e+09"
"2026-04-26 08:00:00","5.7071795866e+08","9.5521300748e+08"
"2026-04-26 10:00:00","6.8680871730e+08","2.1844230250e+09"
"2026-04-26 12:00:00","8.4516215917e+08","3.3505572280e+09"
"2026-04-26 14:00:00","9.1131199444e+08","3.8176403671e+09"
"2026-04-26 16:00:00","8.5992807333e+08","4.0888081809e+09"
"2026-04-26 18:00:00","1.0608988233e+09","5.6015613488e+09"
"2026-04-26 20:00:00","1.0862320465e+09","5.7508838003e+09"
"2026-04-26 22:00:00","1.2385399064e+09","5.7780506769e+09"
"2026-04-27 00:00:00","1.2210959798e+09","6.8039689224e+09"
"2026-04-27 02:00:00","9.6418297067e+08","4.4037429399e+09"
"2026-04-27 04:00:00","5.5726502458e+08","1.6649630904e+09"
"2026-04-27 06:00:00","3.5915557928e+08","9.3217281483e+08"
"2026-04-27 08:00:00","4.1470156090e+08","1.1023664178e+09"
"2026-04-27 10:00:00","6.5716714084e+08","1.7632132041e+09"
"2026-04-27 12:00:00","7.0889816348e+08","1.8969891820e+09"
"2026-04-27 14:00:00","6.8773912268e+08","2.2171413396e+09"
"2026-04-27 16:00:00","8.4464176675e+08","3.8787402551e+09"
"2026-04-27 18:00:00","NaN","NaN"
