"Title:","'ALCORT_R3_Huawei_Trunk5 - Lyntia Trafico Agregado [LAG 20G]'"
"Vertical Label:","'bits per second'"
"Start Date:","2026-03-27 17:00:00"
"End Date:","2026-03-27 17:00:00"
"Step:","7200"
"Total Rows:","373"
"Graph ID:","303"
"Host ID:","6"
""
"Date","Inbound","Outbound"
"2026-03-27 17:00:00","1.1029304591e+09","9.0511806346e+09"
"2026-03-27 19:00:00","1.1315982361e+09","7.7180138916e+09"
"2026-03-27 21:00:00","1.1102282649e+09","7.9783984676e+09"
"2026-03-27 23:00:00","1.2258108329e+09","1.0841052858e+10"
"2026-03-28 01:00:00","1.0441434168e+09","1.0048550244e+10"
"2026-03-28 03:00:00","9.6923194399e+08","4.9472518373e+09"
"2026-03-28 05:00:00","9.4016896521e+08","2.3969218357e+09"
"2026-03-28 07:00:00","9.9211012626e+08","1.7060268377e+09"
"2026-03-28 09:00:00","7.7491622645e+08","3.3977422622e+09"
"2026-03-28 11:00:00","1.0100248604e+09","6.3927844384e+09"
"2026-03-28 13:00:00","1.0714333371e+09","6.8042251422e+09"
"2026-03-28 15:00:00","9.7439785037e+08","7.7601388581e+09"
"2026-03-28 17:00:00","1.1415326465e+09","9.1880308066e+09"
"2026-03-28 19:00:00","1.1693233262e+09","8.4297027586e+09"
"2026-03-28 21:00:00","1.2420935455e+09","8.2442538099e+09"
"2026-03-28 23:00:00","1.3032764550e+09","1.1758491155e+10"
"2026-03-29 01:00:00","1.3049822326e+09","1.0094801561e+10"
"2026-03-29 04:00:00","1.2515759819e+09","5.0770529175e+09"
"2026-03-29 06:00:00","8.1817189607e+08","2.4955518229e+09"
"2026-03-29 08:00:00","7.6099991669e+08","2.1108456340e+09"
"2026-03-29 10:00:00","8.0802664645e+08","3.4665125338e+09"
"2026-03-29 12:00:00","1.0912608711e+09","6.3740615824e+09"
"2026-03-29 14:00:00","1.1562618823e+09","7.2230481167e+09"
"2026-03-29 16:00:00","1.1519351958e+09","7.8696887504e+09"
"2026-03-29 18:00:00","1.1980566902e+09","8.7960747767e+09"
"2026-03-29 20:00:00","1.1507338333e+09","8.5399373455e+09"
"2026-03-29 22:00:00","1.3080366028e+09","1.1206963879e+10"
"2026-03-30 00:00:00","1.3116392518e+09","1.4379984942e+10"
"2026-03-30 02:00:00","9.7835423588e+08","8.4165440253e+09"
"2026-03-30 04:00:00","7.9921526178e+08","3.4799386924e+09"
"2026-03-30 06:00:00","6.3382068886e+08","1.6344678561e+09"
"2026-03-30 08:00:00","6.2873158246e+08","1.8108109314e+09"
"2026-03-30 10:00:00","7.5673100402e+08","3.7740369622e+09"
"2026-03-30 12:00:00","1.0924627802e+09","5.5159152683e+09"
"2026-03-30 14:00:00","1.3229479059e+09","6.1815673006e+09"
"2026-03-30 16:00:00","1.2095346300e+09","7.9952242312e+09"
"2026-03-30 18:00:00","1.1766435170e+09","8.7722059949e+09"
"2026-03-30 20:00:00","1.1154774090e+09","7.4314781512e+09"
"2026-03-30 22:00:00","1.2406061937e+09","8.3550332500e+09"
"2026-03-31 00:00:00","1.4705194948e+09","1.2685554454e+10"
"2026-03-31 02:00:00","1.1751170891e+09","8.2106938473e+09"
"2026-03-31 04:00:00","1.2221499478e+09","3.3691692299e+09"
"2026-03-31 06:00:00","7.9582399765e+08","1.8033893259e+09"
"2026-03-31 08:00:00","8.0891032852e+08","2.0281161092e+09"
"2026-03-31 10:00:00","9.6325009836e+08","3.4614471119e+09"
"2026-03-31 12:00:00","1.0695433775e+09","5.5383115651e+09"
"2026-03-31 14:00:00","1.0900017792e+09","7.1174890311e+09"
"2026-03-31 16:00:00","1.0809908962e+09","8.8292995822e+09"
"2026-03-31 18:00:00","1.2471863476e+09","8.8863680867e+09"
"2026-03-31 20:00:00","1.1043876399e+09","7.3765860967e+09"
"2026-03-31 22:00:00","1.2960109579e+09","8.0072078626e+09"
"2026-04-01 00:00:00","1.3411165859e+09","1.1784947088e+10"
"2026-04-01 02:00:00","9.9175304165e+08","8.6126436831e+09"
"2026-04-01 04:00:00","1.1079639980e+09","3.6161484186e+09"
"2026-04-01 06:00:00","7.4910389273e+08","1.7632365797e+09"
"2026-04-01 08:00:00","5.7995280325e+08","1.9682210899e+09"
"2026-04-01 10:00:00","7.9094934702e+08","3.5986875796e+09"
"2026-04-01 12:00:00","1.3018430617e+09","6.5355998773e+09"
"2026-04-01 14:00:00","1.1830483052e+09","7.7105946931e+09"
"2026-04-01 16:00:00","1.2094270196e+09","8.7241671476e+09"
"2026-04-01 18:00:00","1.1105161136e+09","9.0754246371e+09"
"2026-04-01 20:00:00","1.1223349339e+09","7.5190149368e+09"
"2026-04-01 22:00:00","1.2157699284e+09","8.1584933459e+09"
"2026-04-02 00:00:00","1.2429476409e+09","1.2500502374e+10"
"2026-04-02 02:00:00","1.1158094664e+09","9.3608014065e+09"
"2026-04-02 04:00:00","1.2640728264e+09","4.2970148310e+09"
"2026-04-02 06:00:00","7.8430377528e+08","2.2533666845e+09"
"2026-04-02 08:00:00","7.3859540032e+08","1.8607542187e+09"
"2026-04-02 10:00:00","7.8376425837e+08","3.5518388769e+09"
"2026-04-02 12:00:00","1.0048829328e+09","6.2002803854e+09"
"2026-04-02 14:00:00","1.0946305248e+09","6.5011475124e+09"
"2026-04-02 16:00:00","1.1498142815e+09","8.3401105411e+09"
"2026-04-02 18:00:00","1.1728790362e+09","9.0072576657e+09"
"2026-04-02 20:00:00","1.2907155901e+09","7.6097234011e+09"
"2026-04-02 22:00:00","1.2663783208e+09","8.1995427224e+09"
"2026-04-03 00:00:00","1.1226199978e+09","1.0167607465e+10"
"2026-04-03 02:00:00","1.0347650583e+09","8.4328607134e+09"
"2026-04-03 04:00:00","1.3930504142e+09","4.5381997946e+09"
"2026-04-03 06:00:00","7.6449892592e+08","2.5180088061e+09"
"2026-04-03 08:00:00","6.4368690241e+08","1.9156812319e+09"
"2026-04-03 10:00:00","7.6227460504e+08","3.3657486940e+09"
"2026-04-03 12:00:00","1.1368301503e+09","6.4390484981e+09"
"2026-04-03 14:00:00","9.4833535145e+08","6.6898755565e+09"
"2026-04-03 16:00:00","1.0298186156e+09","8.0139047174e+09"
"2026-04-03 18:00:00","1.0330031810e+09","9.0434287238e+09"
"2026-04-03 20:00:00","1.1792713743e+09","7.6642380981e+09"
"2026-04-03 22:00:00","1.0973777827e+09","7.3958014807e+09"
"2026-04-04 00:00:00","1.1796189617e+09","1.0104108556e+10"
"2026-04-04 02:00:00","1.1122365298e+09","8.4350625112e+09"
"2026-04-04 04:00:00","9.2358616885e+08","4.3400209018e+09"
"2026-04-04 06:00:00","1.1320815470e+09","2.0259494903e+09"
"2026-04-04 08:00:00","7.4667726563e+08","1.7707993728e+09"
"2026-04-04 10:00:00","6.7542600065e+08","3.2033436645e+09"
"2026-04-04 12:00:00","7.9381287841e+08","5.3320052959e+09"
"2026-04-04 14:00:00","9.4516301346e+08","6.5604159686e+09"
"2026-04-04 16:00:00","1.0488807635e+09","8.0019874533e+09"
"2026-04-04 18:00:00","1.2792450182e+09","9.5968224501e+09"
"2026-04-04 20:00:00","1.1085139488e+09","8.3251821188e+09"
"2026-04-04 22:00:00","1.3172517872e+09","9.1825154793e+09"
"2026-04-05 00:00:00","1.3660038771e+09","1.1666910232e+10"
"2026-04-05 02:00:00","1.1718310037e+09","9.2587904922e+09"
"2026-04-05 04:00:00","1.2068701756e+09","4.3214459609e+09"
"2026-04-05 06:00:00","1.0488348480e+09","2.2839455874e+09"
"2026-04-05 08:00:00","7.3019881487e+08","1.8741157754e+09"
"2026-04-05 10:00:00","8.6746235700e+08","2.9861880145e+09"
"2026-04-05 12:00:00","1.1435457259e+09","5.8634200526e+09"
"2026-04-05 14:00:00","1.1894699357e+09","6.7883429720e+09"
"2026-04-05 16:00:00","1.1980724196e+09","7.7058344669e+09"
"2026-04-05 18:00:00","1.3582517855e+09","1.0553822701e+10"
"2026-04-05 20:00:00","1.3479748756e+09","9.8638671554e+09"
"2026-04-05 22:00:00","1.3837724013e+09","1.0578805650e+10"
"2026-04-06 00:00:00","1.5005074170e+09","1.2754570462e+10"
"2026-04-06 02:00:00","1.1275862503e+09","8.0829620255e+09"
"2026-04-06 04:00:00","9.0852128402e+08","3.2476316281e+09"
"2026-04-06 06:00:00","8.7346552935e+08","1.8957977072e+09"
"2026-04-06 08:00:00","1.0809526296e+09","2.2012402278e+09"
"2026-04-06 10:00:00","1.2004291391e+09","3.9946469146e+09"
"2026-04-06 12:00:00","1.1381450518e+09","4.7284284150e+09"
"2026-04-06 14:00:00","1.1536849902e+09","5.3897081667e+09"
"2026-04-06 16:00:00","1.3665040993e+09","8.1423914798e+09"
"2026-04-06 18:00:00","1.3827777242e+09","9.0079158766e+09"
"2026-04-06 20:00:00","1.6691519106e+09","7.9040103013e+09"
"2026-04-06 22:00:00","1.5590947400e+09","1.0791305556e+10"
"2026-04-07 00:00:00","1.3880013154e+09","1.3251386066e+10"
"2026-04-07 02:00:00","1.0662497671e+09","6.7122067115e+09"
"2026-04-07 04:00:00","1.1969431867e+09","2.8954378779e+09"
"2026-04-07 06:00:00","8.1586393351e+08","1.5869600744e+09"
"2026-04-07 08:00:00","7.7812558909e+08","2.4060426997e+09"
"2026-04-07 10:00:00","1.1501795820e+09","3.3733581670e+09"
"2026-04-07 12:00:00","1.4923492575e+09","3.6580183333e+09"
"2026-04-07 14:00:00","1.4289454871e+09","4.5116386735e+09"
"2026-04-07 16:00:00","1.1896561030e+09","7.5491028839e+09"
"2026-04-07 18:00:00","1.4542083084e+09","9.8384895702e+09"
"2026-04-07 20:00:00","1.7549495788e+09","8.8810816970e+09"
"2026-04-07 22:00:00","1.7924254737e+09","1.2342127634e+10"
"2026-04-08 00:00:00","1.8100658789e+09","1.4579530452e+10"
"2026-04-08 02:00:00","1.1375598360e+09","6.7508135981e+09"
"2026-04-08 04:00:00","1.0139009948e+09","2.8615069177e+09"
"2026-04-08 06:00:00","6.3856340643e+08","1.6509919777e+09"
"2026-04-08 08:00:00","6.8252099890e+08","2.3892000210e+09"
"2026-04-08 10:00:00","7.8874721183e+08","3.4777037858e+09"
"2026-04-08 12:00:00","1.0024432328e+09","3.9682464098e+09"
"2026-04-08 14:00:00","1.1677605764e+09","4.4642162721e+09"
"2026-04-08 16:00:00","1.3735061421e+09","7.1509418087e+09"
"2026-04-08 18:00:00","1.2143190536e+09","8.2193206861e+09"
"2026-04-08 20:00:00","1.3073322371e+09","8.1933184089e+09"
"2026-04-08 22:00:00","1.6381473357e+09","1.1631704280e+10"
"2026-04-09 00:00:00","1.4237809379e+09","1.4162348239e+10"
"2026-04-09 02:00:00","9.0468235624e+08","7.5147402304e+09"
"2026-04-09 04:00:00","1.1267473480e+09","3.0920523393e+09"
"2026-04-09 06:00:00","5.8634034285e+08","1.7007077962e+09"
"2026-04-09 08:00:00","6.9595905922e+08","2.4702352488e+09"
"2026-04-09 10:00:00","7.1744231924e+08","3.3133723912e+09"
"2026-04-09 12:00:00","1.4231726463e+09","3.4085082441e+09"
"2026-04-09 14:00:00","9.8567110916e+08","4.1197748950e+09"
"2026-04-09 16:00:00","1.1551121325e+09","6.9327204506e+09"
"2026-04-09 18:00:00","1.1371579424e+09","8.1208147684e+09"
"2026-04-09 20:00:00","1.1596507191e+09","7.4162212130e+09"
"2026-04-09 22:00:00","1.3742300437e+09","9.9418460240e+09"
"2026-04-10 00:00:00","1.3783896064e+09","1.3056391857e+10"
"2026-04-10 02:00:00","9.1386912510e+08","6.9178933354e+09"
"2026-04-10 04:00:00","1.0261456420e+09","3.2424475015e+09"
"2026-04-10 06:00:00","6.1713421166e+08","1.8961613109e+09"
"2026-04-10 08:00:00","6.8207639762e+08","2.6590959297e+09"
"2026-04-10 10:00:00","8.6182336578e+08","3.5096774160e+09"
"2026-04-10 12:00:00","1.0354953847e+09","3.3511922711e+09"
"2026-04-10 14:00:00","1.7306592582e+09","4.2920652832e+09"
"2026-04-10 16:00:00","1.3338310035e+09","7.4463372521e+09"
"2026-04-10 18:00:00","1.4345891729e+09","9.0294264570e+09"
"2026-04-10 20:00:00","1.1628595392e+09","7.1346397075e+09"
"2026-04-10 22:00:00","1.5575743889e+09","9.1202048747e+09"
"2026-04-11 00:00:00","1.8629877617e+09","1.2347920399e+10"
"2026-04-11 02:00:00","1.4980109524e+09","8.8623829270e+09"
"2026-04-11 04:00:00","1.1440208273e+09","4.0199166166e+09"
"2026-04-11 06:00:00","1.1305131773e+09","2.1061897643e+09"
"2026-04-11 08:00:00","1.0208965499e+09","1.9861297917e+09"
"2026-04-11 10:00:00","9.0625725481e+08","3.9714919845e+09"
"2026-04-11 12:00:00","1.0047610925e+09","6.0936735345e+09"
"2026-04-11 14:00:00","1.0570847235e+09","6.4211849892e+09"
"2026-04-11 16:00:00","1.0754161444e+09","8.9325765978e+09"
"2026-04-11 18:00:00","1.1902881262e+09","9.8937237410e+09"
"2026-04-11 20:00:00","1.1931914496e+09","8.5982162090e+09"
"2026-04-11 22:00:00","1.2036387085e+09","9.8207510019e+09"
"2026-04-12 00:00:00","1.2646630564e+09","1.2201409915e+10"
"2026-04-12 02:00:00","1.1290914744e+09","9.2980164225e+09"
"2026-04-12 04:00:00","1.0393378166e+09","4.0579052568e+09"
"2026-04-12 06:00:00","7.4695364602e+08","2.0333615715e+09"
"2026-04-12 08:00:00","1.1139446565e+09","1.6220486737e+09"
"2026-04-12 10:00:00","9.7730865086e+08","3.8648871946e+09"
"2026-04-12 12:00:00","1.0685870679e+09","6.9111074770e+09"
"2026-04-12 14:00:00","1.1389134303e+09","7.8378174212e+09"
"2026-04-12 16:00:00","1.2931719386e+09","1.0152890634e+10"
"2026-04-12 18:00:00","1.4141463195e+09","1.1349727187e+10"
"2026-04-12 20:00:00","1.3628469244e+09","1.0508878976e+10"
"2026-04-12 22:00:00","1.4176572987e+09","1.2202187482e+10"
"2026-04-13 00:00:00","1.3337548325e+09","1.3304070770e+10"
"2026-04-13 02:00:00","1.0359090856e+09","7.0078536473e+09"
"2026-04-13 04:00:00","7.8339003260e+08","2.6553334464e+09"
"2026-04-13 06:00:00","6.1911168665e+08","1.4657836684e+09"
"2026-04-13 08:00:00","8.0610428141e+08","2.1033326090e+09"
"2026-04-13 10:00:00","9.9574801331e+08","3.4850117163e+09"
"2026-04-13 12:00:00","8.7304166778e+08","3.6503846533e+09"
"2026-04-13 14:00:00","1.0450312997e+09","4.6002968057e+09"
"2026-04-13 16:00:00","1.0204644566e+09","7.7291337373e+09"
"2026-04-13 18:00:00","1.5622218675e+09","8.4122570451e+09"
"2026-04-13 20:00:00","1.1125571837e+09","7.8265205245e+09"
"2026-04-13 22:00:00","1.2362990185e+09","1.0263800995e+10"
"2026-04-14 00:00:00","1.1685967930e+09","1.2622685125e+10"
"2026-04-14 02:00:00","8.2375606277e+08","6.1789384188e+09"
"2026-04-14 04:00:00","9.6659740758e+08","2.7455582261e+09"
"2026-04-14 06:00:00","5.7210636163e+08","1.5109059352e+09"
"2026-04-14 08:00:00","6.2876699754e+08","2.2304383389e+09"
"2026-04-14 10:00:00","8.8644353898e+08","3.3468701965e+09"
"2026-04-14 12:00:00","8.9299396275e+08","3.6367221368e+09"
"2026-04-14 14:00:00","1.1190430462e+09","4.2418775818e+09"
"2026-04-14 16:00:00","1.1059756159e+09","7.0384870648e+09"
"2026-04-14 18:00:00","1.0513844955e+09","8.3072366054e+09"
"2026-04-14 20:00:00","1.0212253456e+09","7.1642603620e+09"
"2026-04-14 22:00:00","1.3696197101e+09","1.1195022992e+10"
"2026-04-15 00:00:00","1.4202479064e+09","1.4784904456e+10"
"2026-04-15 02:00:00","9.1855483283e+08","7.3090093121e+09"
"2026-04-15 04:00:00","1.0223676969e+09","3.2875529129e+09"
"2026-04-15 06:00:00","6.6344331296e+08","1.7979942375e+09"
"2026-04-15 08:00:00","6.3213392494e+08","2.4913663537e+09"
"2026-04-15 10:00:00","7.8985500656e+08","3.8068626134e+09"
"2026-04-15 12:00:00","8.4927239130e+08","3.6690656076e+09"
"2026-04-15 14:00:00","9.1612964288e+08","4.4972890579e+09"
"2026-04-15 16:00:00","1.0147378936e+09","7.5897748640e+09"
"2026-04-15 18:00:00","1.0521108618e+09","8.6010926567e+09"
"2026-04-15 20:00:00","1.2725712733e+09","7.4907536598e+09"
"2026-04-15 22:00:00","1.3108594857e+09","1.0797466503e+10"
"2026-04-16 00:00:00","1.4330789906e+09","1.4172673864e+10"
"2026-04-16 02:00:00","8.1173712713e+08","6.9049899262e+09"
"2026-04-16 04:00:00","8.8674850476e+08","2.7207586291e+09"
"2026-04-16 06:00:00","5.3675220613e+08","1.4944138978e+09"
"2026-04-16 08:00:00","5.9055360778e+08","2.3778587222e+09"
"2026-04-16 10:00:00","6.8945510610e+08","3.5297013324e+09"
"2026-04-16 12:00:00","8.7516794969e+08","4.1488359429e+09"
"2026-04-16 14:00:00","8.8028836661e+08","4.8233795187e+09"
"2026-04-16 16:00:00","1.0570625184e+09","8.1305189130e+09"
"2026-04-16 18:00:00","1.1367860150e+09","9.5780309283e+09"
"2026-04-16 20:00:00","1.2232142095e+09","8.3825490014e+09"
"2026-04-16 22:00:00","1.3927416950e+09","1.0116828135e+10"
"2026-04-17 00:00:00","1.4389184317e+09","1.2680385332e+10"
"2026-04-17 02:00:00","9.0815830320e+08","6.9829034315e+09"
"2026-04-17 04:00:00","1.0138776713e+09","3.1895744584e+09"
"2026-04-17 06:00:00","5.6216648289e+08","1.8446266435e+09"
"2026-04-17 08:00:00","6.0383478757e+08","2.5826632277e+09"
"2026-04-17 10:00:00","7.3588977614e+08","3.6861127713e+09"
"2026-04-17 12:00:00","8.1265338960e+08","3.6807743236e+09"
"2026-04-17 14:00:00","1.3219058101e+09","3.9207844797e+09"
"2026-04-17 16:00:00","1.3217924955e+09","7.6126158394e+09"
"2026-04-17 18:00:00","1.1271792748e+09","8.5383840950e+09"
"2026-04-17 20:00:00","1.1904928885e+09","7.8286343263e+09"
"2026-04-17 22:00:00","1.2855103334e+09","8.3857743429e+09"
"2026-04-18 00:00:00","1.2818304913e+09","1.1524104474e+10"
"2026-04-18 02:00:00","1.0466584435e+09","8.4486535684e+09"
"2026-04-18 04:00:00","1.1394294287e+09","3.5833685047e+09"
"2026-04-18 06:00:00","8.5011694424e+08","1.8838995432e+09"
"2026-04-18 08:00:00","7.4322543939e+08","1.7904186041e+09"
"2026-04-18 10:00:00","9.6344690402e+08","4.3353199439e+09"
"2026-04-18 12:00:00","9.0285430943e+08","6.5981455410e+09"
"2026-04-18 14:00:00","9.9305532777e+08","7.0025832347e+09"
"2026-04-18 16:00:00","1.0669226620e+09","8.3547120729e+09"
"2026-04-18 18:00:00","1.1284590831e+09","9.1821407786e+09"
"2026-04-18 20:00:00","1.0727569887e+09","7.6590242106e+09"
"2026-04-18 22:00:00","1.1837066150e+09","8.3965208960e+09"
"2026-04-19 00:00:00","1.2739115625e+09","1.0334879592e+10"
"2026-04-19 02:00:00","1.0780974446e+09","8.5398694665e+09"
"2026-04-19 04:00:00","8.9591378121e+08","3.9839525045e+09"
"2026-04-19 06:00:00","1.0672624713e+09","1.9719955217e+09"
"2026-04-19 08:00:00","7.6408919424e+08","1.6778491510e+09"
"2026-04-19 10:00:00","8.4277133138e+08","3.8042662995e+09"
"2026-04-19 12:00:00","1.2345693824e+09","6.3870623907e+09"
"2026-04-19 14:00:00","1.0663253351e+09","7.3893108256e+09"
"2026-04-19 16:00:00","1.2493657801e+09","8.8588524975e+09"
"2026-04-19 18:00:00","1.1787280256e+09","1.0090670580e+10"
"2026-04-19 20:00:00","1.2701963308e+09","9.5527733568e+09"
"2026-04-19 22:00:00","1.2814990637e+09","1.0331580013e+10"
"2026-04-20 00:00:00","1.3850372659e+09","1.2476555914e+10"
"2026-04-20 02:00:00","9.7977642204e+08","6.9305300635e+09"
"2026-04-20 04:00:00","7.8313528061e+08","2.5261223109e+09"
"2026-04-20 06:00:00","6.8721026352e+08","1.4602970344e+09"
"2026-04-20 08:00:00","7.2650773442e+08","2.2077291656e+09"
"2026-04-20 10:00:00","8.5188031166e+08","3.5584547779e+09"
"2026-04-20 12:00:00","1.0866759674e+09","3.8623172106e+09"
"2026-04-20 14:00:00","1.0821029587e+09","4.5345123284e+09"
"2026-04-20 16:00:00","1.2691061315e+09","7.2050490634e+09"
"2026-04-20 18:00:00","1.4100872110e+09","8.4675455752e+09"
"2026-04-20 20:00:00","1.2926438342e+09","7.7365011001e+09"
"2026-04-20 22:00:00","1.2114729021e+09","9.1858450515e+09"
"2026-04-21 00:00:00","1.2305059649e+09","1.1928396265e+10"
"2026-04-21 02:00:00","8.4788654819e+08","6.4110401743e+09"
"2026-04-21 04:00:00","8.5307776891e+08","2.6407603653e+09"
"2026-04-21 06:00:00","5.8056341180e+08","1.5933442026e+09"
"2026-04-21 08:00:00","6.4198391410e+08","2.3278377083e+09"
"2026-04-21 10:00:00","7.7686092750e+08","3.3898549757e+09"
"2026-04-21 12:00:00","9.2690907389e+08","3.9084884708e+09"
"2026-04-21 14:00:00","9.7848337864e+08","4.5325911514e+09"
"2026-04-21 16:00:00","1.1603095207e+09","7.5620055046e+09"
"2026-04-21 18:00:00","1.0857390888e+09","8.9693066001e+09"
"2026-04-21 20:00:00","1.1165302213e+09","7.6219504124e+09"
"2026-04-21 22:00:00","1.3819013440e+09","1.1571093929e+10"
"2026-04-22 00:00:00","1.6358180992e+09","1.4785288512e+10"
"2026-04-22 02:00:00","9.5303516581e+08","6.2447435991e+09"
"2026-04-22 04:00:00","9.7527897744e+08","2.6304656442e+09"
"2026-04-22 06:00:00","5.9794349249e+08","1.4608797982e+09"
"2026-04-22 08:00:00","5.9541818287e+08","2.4521050529e+09"
"2026-04-22 10:00:00","7.0759790442e+08","3.5700301859e+09"
"2026-04-22 12:00:00","7.8492847329e+08","3.5798124251e+09"
"2026-04-22 14:00:00","9.2436250001e+08","4.7355357248e+09"
"2026-04-22 16:00:00","1.0612834405e+09","8.0460152585e+09"
"2026-04-22 18:00:00","1.1646467761e+09","8.6222406438e+09"
"2026-04-22 20:00:00","1.1722854949e+09","7.1911037716e+09"
"2026-04-22 22:00:00","1.3666014475e+09","9.6392916367e+09"
"2026-04-23 00:00:00","1.5815798955e+09","1.3774215477e+10"
"2026-04-23 02:00:00","9.4068799784e+08","6.7550979530e+09"
"2026-04-23 04:00:00","1.0455525624e+09","2.8355903732e+09"
"2026-04-23 06:00:00","6.6734226085e+08","1.6131705133e+09"
"2026-04-23 08:00:00","7.0773729866e+08","2.4283702512e+09"
"2026-04-23 10:00:00","8.2139384927e+08","3.2613847197e+09"
"2026-04-23 12:00:00","9.9707114734e+08","3.8133308480e+09"
"2026-04-23 14:00:00","1.0533837372e+09","4.1673395914e+09"
"2026-04-23 16:00:00","1.0450157490e+09","7.4042848937e+09"
"2026-04-23 18:00:00","1.2115528806e+09","8.8362288775e+09"
"2026-04-23 20:00:00","1.2431943640e+09","8.2542817156e+09"
"2026-04-23 22:00:00","1.5143938400e+09","1.0329650132e+10"
"2026-04-24 00:00:00","1.3609108507e+09","1.2912318946e+10"
"2026-04-24 02:00:00","9.2279669534e+08","6.8172212067e+09"
"2026-04-24 04:00:00","1.0472214238e+09","2.8566065759e+09"
"2026-04-24 06:00:00","6.6312000202e+08","1.7360778900e+09"
"2026-04-24 08:00:00","7.0254876811e+08","2.6864415445e+09"
"2026-04-24 10:00:00","9.3037137174e+08","3.7256595264e+09"
"2026-04-24 12:00:00","1.0763432934e+09","3.8815581568e+09"
"2026-04-24 14:00:00","1.0772083705e+09","4.7231091204e+09"
"2026-04-24 16:00:00","1.1988195821e+09","7.8031591756e+09"
"2026-04-24 18:00:00","1.3445095866e+09","9.5641425021e+09"
"2026-04-24 20:00:00","1.2217020209e+09","7.5540047430e+09"
"2026-04-24 22:00:00","1.3938941015e+09","9.5997873604e+09"
"2026-04-25 00:00:00","1.4492011964e+09","1.2971082798e+10"
"2026-04-25 02:00:00","9.5891003017e+08","8.3702506003e+09"
"2026-04-25 04:00:00","1.0259497597e+09","3.4935505527e+09"
"2026-04-25 06:00:00","6.4587556628e+08","1.8714456447e+09"
"2026-04-25 08:00:00","6.4057522690e+08","1.9302395844e+09"
"2026-04-25 10:00:00","6.9794824442e+08","4.1546759572e+09"
"2026-04-25 12:00:00","8.4725471381e+08","6.6776105013e+09"
"2026-04-25 14:00:00","9.4467181180e+08","7.2002530511e+09"
"2026-04-25 16:00:00","1.0702633068e+09","8.4101785460e+09"
"2026-04-25 18:00:00","1.3752223081e+09","9.6547484082e+09"
"2026-04-25 20:00:00","1.2326470966e+09","8.5746798337e+09"
"2026-04-25 22:00:00","1.2066376870e+09","8.9419639555e+09"
"2026-04-26 00:00:00","1.1902306934e+09","1.2023893480e+10"
"2026-04-26 02:00:00","9.7193857372e+08","8.3967672991e+09"
"2026-04-26 04:00:00","8.2419841647e+08","3.8592575139e+09"
"2026-04-26 06:00:00","9.6360859939e+08","1.9273676454e+09"
"2026-04-26 08:00:00","5.7067318591e+08","1.6292560275e+09"
"2026-04-26 10:00:00","7.1161213657e+08","3.8798397551e+09"
"2026-04-26 12:00:00","9.3759501236e+08","6.9308226462e+09"
"2026-04-26 14:00:00","9.5683057925e+08","8.0655741693e+09"
"2026-04-26 16:00:00","1.0184230542e+09","9.2886987351e+09"
"2026-04-26 18:00:00","1.0354080741e+09","1.0830779846e+10"
"2026-04-26 20:00:00","1.2270219204e+09","1.0121554257e+10"
"2026-04-26 22:00:00","1.3108275365e+09","1.0638788803e+10"
"2026-04-27 00:00:00","1.2638717920e+09","1.2974330573e+10"
"2026-04-27 02:00:00","8.8055976116e+08","6.8783156995e+09"
"2026-04-27 04:00:00","6.9730291347e+08","2.6205252871e+09"
"2026-04-27 06:00:00","5.9832296697e+08","1.4968729444e+09"
"2026-04-27 08:00:00","6.4766174736e+08","2.1466177426e+09"
"2026-04-27 10:00:00","8.8601818849e+08","3.3061999682e+09"
"2026-04-27 12:00:00","1.0761790136e+09","3.5957414788e+09"
"2026-04-27 14:00:00","1.0771302551e+09","4.2281253733e+09"
"2026-04-27 16:00:00","1.0503019511e+09","7.1492234293e+09"
"2026-04-27 18:00:00","NaN","NaN"
