"Title:","'ALCORT_R3_Huawei_GE-0/6/1.10 - Trafico 10G Correos Aduriz'"
"Vertical Label:","'bits per second'"
"Start Date:","2026-04-20 18:00:00"
"End Date:","2026-04-20 18:00:00"
"Step:","1800"
"Total Rows:","337"
"Graph ID:","24"
"Host ID:","6"
""
"Date","Inbound","Outbound"
"2026-04-20 18:00:00","3.6278933890e+07","2.6932811551e+08"
"2026-04-20 18:30:00","6.2814267320e+07","4.7965831271e+08"
"2026-04-20 19:00:00","6.3170672594e+07","4.2773708993e+08"
"2026-04-20 19:30:00","5.7014710001e+07","4.5653753510e+08"
"2026-04-20 20:00:00","9.8223354272e+07","4.7280127296e+08"
"2026-04-20 20:30:00","7.2904938491e+07","4.3197024582e+08"
"2026-04-20 21:00:00","6.6773851804e+07","4.9691566287e+08"
"2026-04-20 21:30:00","6.1907944550e+07","5.4556205012e+08"
"2026-04-20 22:00:00","5.8098618463e+07","5.8641449235e+08"
"2026-04-20 22:30:00","7.1491032089e+07","7.0132368914e+08"
"2026-04-20 23:00:00","1.6688344608e+08","8.0501498229e+08"
"2026-04-20 23:30:00","1.6642650351e+08","6.9521149499e+08"
"2026-04-21 00:00:00","2.4332160526e+08","6.3836207043e+08"
"2026-04-21 00:30:00","3.0694221245e+08","4.6520895506e+08"
"2026-04-21 01:00:00","1.4838033228e+08","3.5863347005e+08"
"2026-04-21 01:30:00","8.5926931154e+07","2.7390571608e+08"
"2026-04-21 02:00:00","3.7328792790e+07","2.1930510917e+08"
"2026-04-21 02:30:00","3.6285657445e+07","1.6839122677e+08"
"2026-04-21 03:00:00","3.6067740575e+07","1.3422801474e+08"
"2026-04-21 03:30:00","3.3750053121e+07","1.3564909605e+08"
"2026-04-21 04:00:00","4.1273214136e+07","1.1705934880e+08"
"2026-04-21 04:30:00","4.4854765234e+07","1.0948760247e+08"
"2026-04-21 05:00:00","3.7264673846e+07","1.0162917438e+08"
"2026-04-21 05:30:00","3.0473948861e+07","8.0055636927e+07"
"2026-04-21 06:00:00","3.8151760912e+07","1.0979164551e+08"
"2026-04-21 06:30:00","3.6028184598e+07","1.1990773564e+08"
"2026-04-21 07:00:00","4.1088088519e+07","1.5792450257e+08"
"2026-04-21 07:30:00","3.9199822202e+07","1.7537741900e+08"
"2026-04-21 08:00:00","5.7632747867e+07","2.2581954332e+08"
"2026-04-21 08:30:00","3.3734541052e+07","2.3208376873e+08"
"2026-04-21 09:00:00","3.3710980689e+07","3.2505510159e+08"
"2026-04-21 09:30:00","3.7655793717e+07","4.6975521372e+08"
"2026-04-21 10:00:00","1.4294719730e+08","2.5641344735e+08"
"2026-04-21 10:30:00","7.6320103947e+07","2.3093713276e+08"
"2026-04-21 11:00:00","4.3196337484e+07","2.5185894744e+08"
"2026-04-21 11:30:00","3.9918802060e+07","2.0702203075e+08"
"2026-04-21 12:00:00","4.5758194660e+07","2.1813061827e+08"
"2026-04-21 12:30:00","4.9554220352e+07","2.4921516106e+08"
"2026-04-21 13:00:00","5.3252058298e+07","2.6097338585e+08"
"2026-04-21 13:30:00","5.7472133508e+07","2.7099874047e+08"
"2026-04-21 14:00:00","7.1261876267e+07","2.9593152440e+08"
"2026-04-21 14:30:00","5.6828856519e+07","2.5380180328e+08"
"2026-04-21 15:00:00","4.1374621409e+07","3.2979234821e+08"
"2026-04-21 15:30:00","4.2086299574e+07","4.0029347867e+08"
"2026-04-21 16:00:00","4.9667758774e+07","4.8192953763e+08"
"2026-04-21 16:30:00","6.3374282436e+07","5.2306957756e+08"
"2026-04-21 17:00:00","6.1104168634e+07","4.5195742629e+08"
"2026-04-21 17:30:00","6.3478055977e+07","4.4036017861e+08"
"2026-04-21 18:00:00","8.7424610540e+07","4.3068709955e+08"
"2026-04-21 18:30:00","6.4075028351e+07","4.2136163405e+08"
"2026-04-21 19:00:00","5.4065963484e+07","4.0313146914e+08"
"2026-04-21 19:30:00","5.6543626302e+07","4.1960933006e+08"
"2026-04-21 20:00:00","6.3619387182e+07","8.8767531820e+08"
"2026-04-21 20:30:00","6.9818250550e+07","5.5522893927e+08"
"2026-04-21 21:00:00","9.5747648822e+07","5.9010631087e+08"
"2026-04-21 21:30:00","8.3623927734e+07","5.8691696011e+08"
"2026-04-21 22:00:00","8.3747304241e+07","7.5626901008e+08"
"2026-04-21 22:30:00","8.2600017242e+07","7.5499347948e+08"
"2026-04-21 23:00:00","1.7970145447e+08","7.4958996868e+08"
"2026-04-21 23:30:00","1.6420167524e+08","7.2699175761e+08"
"2026-04-22 00:00:00","2.6916486917e+08","6.1989136912e+08"
"2026-04-22 00:30:00","2.5777275500e+08","5.0561642596e+08"
"2026-04-22 01:00:00","1.5124848225e+08","3.4527655718e+08"
"2026-04-22 01:30:00","5.7685259198e+07","3.2361198056e+08"
"2026-04-22 02:00:00","3.3700082266e+07","2.5198012894e+08"
"2026-04-22 02:30:00","3.6040453155e+07","2.2050621982e+08"
"2026-04-22 03:00:00","3.3006600229e+07","1.4003460614e+08"
"2026-04-22 03:30:00","3.1596292189e+07","1.3479781298e+08"
"2026-04-22 04:00:00","3.0257671445e+07","1.2003845776e+08"
"2026-04-22 04:30:00","3.2320498650e+07","1.1718018570e+08"
"2026-04-22 05:00:00","3.0162127723e+07","1.2730511044e+08"
"2026-04-22 05:30:00","4.3207921328e+07","9.7388526899e+07"
"2026-04-22 06:00:00","3.8300427305e+07","1.3709689809e+08"
"2026-04-22 06:30:00","3.6240942966e+07","1.3257568220e+08"
"2026-04-22 07:00:00","3.5164781208e+07","1.5893826440e+08"
"2026-04-22 07:30:00","3.5303134114e+07","2.5695886539e+08"
"2026-04-22 08:00:00","3.5471120379e+07","2.8854636030e+08"
"2026-04-22 08:30:00","3.2440978804e+07","2.7511976990e+08"
"2026-04-22 09:00:00","3.6754623078e+07","2.7454212614e+08"
"2026-04-22 09:30:00","2.6776966592e+07","2.4811605424e+08"
"2026-04-22 10:00:00","1.3923038842e+08","2.0759670086e+08"
"2026-04-22 10:30:00","7.0307948029e+07","2.2323632712e+08"
"2026-04-22 11:00:00","4.6595629838e+07","2.7161861965e+08"
"2026-04-22 11:30:00","4.6724311788e+07","2.0772031070e+08"
"2026-04-22 12:00:00","4.6029039904e+07","2.0398370499e+08"
"2026-04-22 12:30:00","4.5638537746e+07","2.3225225625e+08"
"2026-04-22 13:00:00","4.8170701833e+07","2.5687864115e+08"
"2026-04-22 13:30:00","6.7821494289e+07","4.2530194167e+08"
"2026-04-22 14:00:00","6.9117881964e+07","3.7116182011e+08"
"2026-04-22 14:30:00","4.3723234587e+07","2.9528218572e+08"
"2026-04-22 15:00:00","5.3750391465e+07","3.6812882869e+08"
"2026-04-22 15:30:00","4.5098175614e+07","4.6989909294e+08"
"2026-04-22 16:00:00","5.0825781058e+07","4.7335068131e+08"
"2026-04-22 16:30:00","6.4703862768e+07","5.0542794970e+08"
"2026-04-22 17:00:00","7.0934714548e+07","4.9480001546e+08"
"2026-04-22 17:30:00","6.1716953045e+07","4.8426121499e+08"
"2026-04-22 18:00:00","7.3420605068e+07","4.3739447068e+08"
"2026-04-22 18:30:00","9.2489860149e+07","4.3023524370e+08"
"2026-04-22 19:00:00","1.0295431669e+08","4.4821288964e+08"
"2026-04-22 19:30:00","9.2484698043e+07","4.1643068294e+08"
"2026-04-22 20:00:00","9.3854541829e+07","4.2465169570e+08"
"2026-04-22 20:30:00","6.4022066429e+07","5.1928839634e+08"
"2026-04-22 21:00:00","7.6318209243e+07","5.9663966489e+08"
"2026-04-22 21:30:00","7.1043913398e+07","6.0586580400e+08"
"2026-04-22 22:00:00","6.9679184965e+07","8.1614049666e+08"
"2026-04-22 22:30:00","1.5209659873e+08","8.4765366970e+08"
"2026-04-22 23:00:00","2.5680183133e+08","9.1956262284e+08"
"2026-04-22 23:30:00","2.2459619957e+08","7.8095380095e+08"
"2026-04-23 00:00:00","3.1139785631e+08","7.2598713636e+08"
"2026-04-23 00:30:00","1.8055256167e+08","5.8259065011e+08"
"2026-04-23 01:00:00","5.6297854860e+07","4.4387017648e+08"
"2026-04-23 01:30:00","6.3583132005e+07","3.4517696523e+08"
"2026-04-23 02:00:00","3.7509479054e+07","2.6622878102e+08"
"2026-04-23 02:30:00","3.7245353209e+07","2.1176245780e+08"
"2026-04-23 03:00:00","3.6708917402e+07","1.6345946658e+08"
"2026-04-23 03:30:00","3.9003855347e+07","1.6399173728e+08"
"2026-04-23 04:00:00","3.6765040526e+07","1.4065756000e+08"
"2026-04-23 04:30:00","3.2916542650e+07","1.3932884137e+08"
"2026-04-23 05:00:00","3.3871724747e+07","1.1839499352e+08"
"2026-04-23 05:30:00","2.7682872064e+07","9.9318135354e+07"
"2026-04-23 06:00:00","3.8910567672e+07","1.3644556063e+08"
"2026-04-23 06:30:00","4.7667936684e+07","1.3040555018e+08"
"2026-04-23 07:00:00","3.6421207117e+07","1.5360266975e+08"
"2026-04-23 07:30:00","4.4518809763e+07","1.8527014821e+08"
"2026-04-23 08:00:00","3.8593492937e+07","1.9296438821e+08"
"2026-04-23 08:30:00","3.4967802450e+07","2.6035535810e+08"
"2026-04-23 09:00:00","4.5812299302e+07","3.3942395590e+08"
"2026-04-23 09:30:00","4.7863975330e+07","3.6334898365e+08"
"2026-04-23 10:00:00","4.0234097543e+07","3.4675715190e+08"
"2026-04-23 10:30:00","7.9193838182e+07","4.9614112199e+08"
"2026-04-23 11:00:00","5.0726632944e+07","7.3441107943e+08"
"2026-04-23 11:30:00","6.6913123893e+07","5.6005728866e+08"
"2026-04-23 12:00:00","3.9897467531e+07","2.9127697520e+08"
"2026-04-23 12:30:00","4.4496668353e+07","2.8958690668e+08"
"2026-04-23 13:00:00","5.3009412849e+07","3.6407882764e+08"
"2026-04-23 13:30:00","3.7124453264e+07","2.6302619982e+08"
"2026-04-23 14:00:00","4.0377525823e+07","3.2664829331e+08"
"2026-04-23 14:30:00","5.1224507568e+07","3.7060948326e+08"
"2026-04-23 15:00:00","7.5371839942e+07","3.7781852625e+08"
"2026-04-23 15:30:00","6.6179068391e+07","4.3041551028e+08"
"2026-04-23 16:00:00","6.7308623202e+07","3.9153034485e+08"
"2026-04-23 16:30:00","6.8188294817e+07","4.3430234755e+08"
"2026-04-23 17:00:00","7.2681887898e+07","4.5580370008e+08"
"2026-04-23 17:30:00","7.5410239852e+07","5.2338935156e+08"
"2026-04-23 18:00:00","5.4502901668e+07","4.1507824227e+08"
"2026-04-23 18:30:00","5.2321955355e+07","3.7212549673e+08"
"2026-04-23 19:00:00","6.8846280219e+07","3.3860891832e+08"
"2026-04-23 19:30:00","8.4700195063e+07","3.8783691922e+08"
"2026-04-23 20:00:00","7.5895409428e+07","4.1112244147e+08"
"2026-04-23 20:30:00","7.8293109868e+07","4.5092368723e+08"
"2026-04-23 21:00:00","1.0603867256e+08","5.4006225634e+08"
"2026-04-23 21:30:00","1.2060577145e+08","5.2327156621e+08"
"2026-04-23 22:00:00","1.0979332931e+08","6.4598124172e+08"
"2026-04-23 22:30:00","1.6848675447e+08","7.3791089457e+08"
"2026-04-23 23:00:00","2.7286792670e+08","7.6959559486e+08"
"2026-04-23 23:30:00","2.5168946179e+08","8.1532368739e+08"
"2026-04-24 00:00:00","3.4219802476e+08","8.2735968892e+08"
"2026-04-24 00:30:00","2.8546986070e+08","5.4171154130e+08"
"2026-04-24 01:00:00","1.2505461106e+08","3.8311918511e+08"
"2026-04-24 01:30:00","6.7971133081e+07","3.2509408938e+08"
"2026-04-24 02:00:00","5.6613522982e+07","2.7379072476e+08"
"2026-04-24 02:30:00","4.8449909419e+07","2.2961885538e+08"
"2026-04-24 03:00:00","3.6968121677e+07","1.9561557605e+08"
"2026-04-24 03:30:00","4.3192959883e+07","1.8112951441e+08"
"2026-04-24 04:00:00","3.8637176044e+07","1.6880301447e+08"
"2026-04-24 04:30:00","4.1219648065e+07","1.6453540014e+08"
"2026-04-24 05:00:00","4.6697422953e+07","1.4854574460e+08"
"2026-04-24 05:30:00","3.8076437671e+07","1.4140945375e+08"
"2026-04-24 06:00:00","4.5990865619e+07","1.3807404580e+08"
"2026-04-24 06:30:00","4.8283905841e+07","1.1317136369e+08"
"2026-04-24 07:00:00","5.8247462738e+07","1.4288228219e+08"
"2026-04-24 07:30:00","4.7209416833e+07","1.9704830377e+08"
"2026-04-24 08:00:00","4.7117768705e+07","3.7259741207e+08"
"2026-04-24 08:30:00","5.3698285503e+07","5.2277551290e+08"
"2026-04-24 09:00:00","1.1314452367e+08","3.2303759654e+08"
"2026-04-24 09:30:00","7.7480714733e+07","3.3391446121e+08"
"2026-04-24 10:00:00","1.6300586761e+08","4.1730950144e+08"
"2026-04-24 10:30:00","1.1935600013e+08","3.7213728521e+08"
"2026-04-24 11:00:00","5.0051940156e+07","3.4870000154e+08"
"2026-04-24 11:30:00","5.9954447986e+07","3.8501824206e+08"
"2026-04-24 12:00:00","6.7921320764e+07","4.0664982386e+08"
"2026-04-24 12:30:00","8.2350365587e+07","3.6652801681e+08"
"2026-04-24 13:00:00","7.8604561612e+07","3.9912742375e+08"
"2026-04-24 13:30:00","7.6789584438e+07","3.5591019770e+08"
"2026-04-24 14:00:00","8.8464068534e+07","5.9106059480e+08"
"2026-04-24 14:30:00","9.9686234198e+07","7.2235627053e+08"
"2026-04-24 15:00:00","6.6190201724e+07","6.5755810869e+08"
"2026-04-24 15:30:00","6.5627196360e+07","6.3470459649e+08"
"2026-04-24 16:00:00","7.3054949338e+07","6.3417046467e+08"
"2026-04-24 16:30:00","7.4007667451e+07","5.8605965009e+08"
"2026-04-24 17:00:00","7.7304565211e+07","5.8255595237e+08"
"2026-04-24 17:30:00","7.8381674557e+07","6.1044466604e+08"
"2026-04-24 18:00:00","8.9384095056e+07","5.7033713041e+08"
"2026-04-24 18:30:00","9.5036087145e+07","5.5775947051e+08"
"2026-04-24 19:00:00","6.8205845516e+07","5.5334729723e+08"
"2026-04-24 19:30:00","7.9939936734e+07","5.4778031688e+08"
"2026-04-24 20:00:00","8.8199741515e+07","5.0859156131e+08"
"2026-04-24 20:30:00","1.0354329563e+08","6.3453873910e+08"
"2026-04-24 21:00:00","7.7102336931e+07","7.2019982320e+08"
"2026-04-24 21:30:00","7.5884042715e+07","6.1148108109e+08"
"2026-04-24 22:00:00","7.1846842099e+07","7.2410004043e+08"
"2026-04-24 22:30:00","1.3228800135e+08","8.1627549691e+08"
"2026-04-24 23:00:00","2.5867017663e+08","8.7872217910e+08"
"2026-04-24 23:30:00","1.8511323908e+08","1.0426572461e+09"
"2026-04-25 00:00:00","3.1629493107e+08","7.7816281925e+08"
"2026-04-25 00:30:00","2.1122382086e+08","7.1048139746e+08"
"2026-04-25 01:00:00","8.6798344737e+07","5.1314065287e+08"
"2026-04-25 01:30:00","7.1525899655e+07","4.2138258887e+08"
"2026-04-25 02:00:00","4.9979189507e+07","2.8420789047e+08"
"2026-04-25 02:30:00","4.7193695667e+07","2.7008087183e+08"
"2026-04-25 03:00:00","3.9512069718e+07","2.2036224194e+08"
"2026-04-25 03:30:00","3.7991198616e+07","1.7954287493e+08"
"2026-04-25 04:00:00","3.0667663034e+07","1.3846275526e+08"
"2026-04-25 04:30:00","2.4946215161e+07","1.0766518509e+08"
"2026-04-25 05:00:00","2.6304544304e+07","1.0833648673e+08"
"2026-04-25 05:30:00","2.4668208601e+07","1.0897732946e+08"
"2026-04-25 06:00:00","3.1926043007e+07","1.2254509767e+08"
"2026-04-25 06:30:00","2.9251167853e+07","1.3689122628e+08"
"2026-04-25 07:00:00","2.9502509388e+07","1.5529402885e+08"
"2026-04-25 07:30:00","2.9562960874e+07","2.0717089630e+08"
"2026-04-25 08:00:00","4.5181789300e+07","2.3550025911e+08"
"2026-04-25 08:30:00","4.3067015992e+07","3.3211055721e+08"
"2026-04-25 09:00:00","4.7359534405e+07","3.4288164073e+08"
"2026-04-25 09:30:00","5.0165520781e+07","3.8770218450e+08"
"2026-04-25 10:00:00","5.2138560672e+07","4.1245862375e+08"
"2026-04-25 10:30:00","5.3963856444e+07","4.5446659356e+08"
"2026-04-25 11:00:00","5.7138511521e+07","4.3165564027e+08"
"2026-04-25 11:30:00","5.5916459434e+07","4.2618309857e+08"
"2026-04-25 12:00:00","5.3216726279e+07","4.1167180950e+08"
"2026-04-25 12:30:00","6.5745111915e+07","3.9558541949e+08"
"2026-04-25 13:00:00","3.4620783696e+07","3.3486749949e+08"
"2026-04-25 13:30:00","5.2659361237e+07","3.2499329868e+08"
"2026-04-25 14:00:00","4.9843174560e+07","3.9204073899e+08"
"2026-04-25 14:30:00","6.7385653671e+07","3.7002867642e+08"
"2026-04-25 15:00:00","6.8482374570e+07","4.4517880815e+08"
"2026-04-25 15:30:00","6.6183456768e+07","5.2369777929e+08"
"2026-04-25 16:00:00","8.9591224677e+07","6.6353547496e+08"
"2026-04-25 16:30:00","8.5062826739e+07","7.0746886553e+08"
"2026-04-25 17:00:00","1.0130867651e+08","6.9582957896e+08"
"2026-04-25 17:30:00","8.7812061738e+07","6.3522706244e+08"
"2026-04-25 18:00:00","1.1889860466e+08","5.7526831886e+08"
"2026-04-25 18:30:00","8.5924439695e+07","6.0554937163e+08"
"2026-04-25 19:00:00","8.3523870529e+07","5.9875671755e+08"
"2026-04-25 19:30:00","6.9306698112e+07","6.0495871305e+08"
"2026-04-25 20:00:00","7.0822204444e+07","6.0209418615e+08"
"2026-04-25 20:30:00","7.4378460693e+07","5.1123031532e+08"
"2026-04-25 21:00:00","8.7105235260e+07","5.6264948222e+08"
"2026-04-25 21:30:00","7.9829300257e+07","6.7125625037e+08"
"2026-04-25 22:00:00","1.4036297895e+08","7.4630442682e+08"
"2026-04-25 22:30:00","2.5420681345e+08","8.6077024100e+08"
"2026-04-25 23:00:00","3.4343332455e+08","9.5582534002e+08"
"2026-04-25 23:30:00","4.1443979026e+08","8.8309032667e+08"
"2026-04-26 00:00:00","2.1665724636e+08","8.0937008707e+08"
"2026-04-26 00:30:00","9.1894297143e+07","7.4353949882e+08"
"2026-04-26 01:00:00","5.1857766337e+07","5.5467771053e+08"
"2026-04-26 01:30:00","9.8980254550e+07","4.8982412017e+08"
"2026-04-26 02:00:00","6.6982219809e+07","3.5817835035e+08"
"2026-04-26 02:30:00","4.6975774122e+07","2.7264062355e+08"
"2026-04-26 03:00:00","4.4585841416e+07","2.1175920796e+08"
"2026-04-26 03:30:00","3.5913320494e+07","1.7425161802e+08"
"2026-04-26 04:00:00","3.4076790673e+07","1.4890552006e+08"
"2026-04-26 04:30:00","3.6202503070e+07","1.3210368995e+08"
"2026-04-26 05:00:00","4.5907420147e+07","1.0434249121e+08"
"2026-04-26 05:30:00","3.5529551758e+07","9.4909129583e+07"
"2026-04-26 06:00:00","3.9951270483e+07","1.3062942276e+08"
"2026-04-26 06:30:00","4.0809372481e+07","1.4888420456e+08"
"2026-04-26 07:00:00","3.8923612159e+07","1.4457127485e+08"
"2026-04-26 07:30:00","3.9698991197e+07","1.6164898721e+08"
"2026-04-26 08:00:00","4.5350464216e+07","1.8759795796e+08"
"2026-04-26 08:30:00","4.9828480866e+07","2.7698510939e+08"
"2026-04-26 09:00:00","4.6516355060e+07","3.4472900262e+08"
"2026-04-26 09:30:00","5.2191431301e+07","4.5131014811e+08"
"2026-04-26 10:00:00","6.2956289363e+07","4.7142738562e+08"
"2026-04-26 10:30:00","6.3713693674e+07","4.8527778319e+08"
"2026-04-26 11:00:00","6.4964128124e+07","5.5851250116e+08"
"2026-04-26 11:30:00","7.5473278566e+07","5.1256065655e+08"
"2026-04-26 12:00:00","7.0518733390e+07","4.9252055150e+08"
"2026-04-26 12:30:00","5.7960969389e+07","5.3661089493e+08"
"2026-04-26 13:00:00","5.4646728492e+07","4.7675724876e+08"
"2026-04-26 13:30:00","5.3809512848e+07","4.6956544463e+08"
"2026-04-26 14:00:00","6.1721341706e+07","4.5536619881e+08"
"2026-04-26 14:30:00","7.6666834240e+07","4.9590570122e+08"
"2026-04-26 15:00:00","6.9911877537e+07","5.2519997935e+08"
"2026-04-26 15:30:00","7.0221186009e+07","5.3947057805e+08"
"2026-04-26 16:00:00","8.9135943728e+07","6.1029107364e+08"
"2026-04-26 16:30:00","6.7686776044e+07","6.5136850221e+08"
"2026-04-26 17:00:00","6.0654622091e+07","6.6187893840e+08"
"2026-04-26 17:30:00","6.5664111866e+07","6.4540115766e+08"
"2026-04-26 18:00:00","7.5511559592e+07","6.5060157779e+08"
"2026-04-26 18:30:00","7.1454289196e+07","7.1313700813e+08"
"2026-04-26 19:00:00","7.3570121609e+07","7.2415659956e+08"
"2026-04-26 19:30:00","7.7540060602e+07","6.9602525428e+08"
"2026-04-26 20:00:00","7.2282234158e+07","6.3653595888e+08"
"2026-04-26 20:30:00","7.7106573000e+07","6.5340506627e+08"
"2026-04-26 21:00:00","8.7693452904e+07","6.3328223807e+08"
"2026-04-26 21:30:00","8.7348292523e+07","6.8280967371e+08"
"2026-04-26 22:00:00","8.0751184905e+07","7.8388132779e+08"
"2026-04-26 22:30:00","2.0580978005e+08","8.2585033143e+08"
"2026-04-26 23:00:00","2.9990893179e+08","8.7527567309e+08"
"2026-04-26 23:30:00","3.5926220411e+08","7.7914242822e+08"
"2026-04-27 00:00:00","1.9952714683e+08","6.2829232119e+08"
"2026-04-27 00:30:00","9.6368940524e+07","5.1540910988e+08"
"2026-04-27 01:00:00","5.8686418966e+07","5.3049089405e+08"
"2026-04-27 01:30:00","7.1063340847e+07","4.4942829756e+08"
"2026-04-27 02:00:00","6.1382291877e+07","3.8960870413e+08"
"2026-04-27 02:30:00","5.1654551667e+07","3.0531248386e+08"
"2026-04-27 03:00:00","5.5651113429e+07","2.6935458663e+08"
"2026-04-27 03:30:00","5.0457177522e+07","2.4650062365e+08"
"2026-04-27 04:00:00","4.7725143834e+07","1.5308143214e+08"
"2026-04-27 04:30:00","5.2050962689e+07","9.6523601032e+07"
"2026-04-27 05:00:00","5.0011032857e+07","8.8032184470e+07"
"2026-04-27 05:30:00","4.4198261908e+07","1.0278729142e+08"
"2026-04-27 06:00:00","4.4667529333e+07","1.0005873931e+08"
"2026-04-27 06:30:00","4.9259625359e+07","9.8596371262e+07"
"2026-04-27 07:00:00","5.0494160870e+07","1.2620016410e+08"
"2026-04-27 07:30:00","5.6565242028e+07","1.9289776677e+08"
"2026-04-27 08:00:00","5.8444704905e+07","2.9939083531e+08"
"2026-04-27 08:30:00","5.8471696593e+07","3.1773316948e+08"
"2026-04-27 09:00:00","5.8602976546e+07","3.0367814133e+08"
"2026-04-27 09:30:00","6.0259898834e+07","2.6735520118e+08"
"2026-04-27 10:00:00","1.6568481259e+08","2.7239789281e+08"
"2026-04-27 10:30:00","8.5335330462e+07","2.8434045121e+08"
"2026-04-27 11:00:00","5.0138851627e+07","2.6005836869e+08"
"2026-04-27 11:30:00","5.2344942922e+07","2.4580418435e+08"
"2026-04-27 12:00:00","6.3768112600e+07","2.6690162197e+08"
"2026-04-27 12:30:00","4.8619532706e+07","2.7811411164e+08"
"2026-04-27 13:00:00","6.2590718518e+07","2.6889047299e+08"
"2026-04-27 13:30:00","5.8999729833e+07","2.9277586529e+08"
"2026-04-27 14:00:00","5.9964340186e+07","2.9392065164e+08"
"2026-04-27 14:30:00","6.3238680234e+07","3.1374184885e+08"
"2026-04-27 15:00:00","6.4053519580e+07","3.9945528451e+08"
"2026-04-27 15:30:00","4.8551481300e+07","4.8873147584e+08"
"2026-04-27 16:00:00","8.7673660248e+07","6.2854454048e+08"
"2026-04-27 16:30:00","5.4405005530e+07","5.4066004281e+08"
"2026-04-27 17:00:00","5.4675164316e+07","5.3365777096e+08"
"2026-04-27 17:30:00","6.1331746129e+07","5.4415488475e+08"
"2026-04-27 18:00:00","NaN","NaN"
