"Title:","'ALCORT_R3_Huawei_GE-0/7/4 - Trafico Cablemovil 1G Conil'"
"Vertical Label:","'bits per second'"
"Start Date:","2026-03-27 17:00:00"
"End Date:","2026-03-27 17:00:00"
"Step:","7200"
"Total Rows:","373"
"Graph ID:","280"
"Host ID:","6"
""
"Date","Inbound","Outbound"
"2026-03-27 17:00:00","7.2315225835e+03","5.3531817759e+08"
"2026-03-27 19:00:00","7.2347481090e+03","5.3509983270e+08"
"2026-03-27 21:00:00","7.2196653005e+03","5.3581969114e+08"
"2026-03-27 23:00:00","7.2307245349e+03","5.3573303354e+08"
"2026-03-28 01:00:00","7.2459088349e+03","5.3595515250e+08"
"2026-03-28 03:00:00","7.2355484429e+03","5.3592759133e+08"
"2026-03-28 05:00:00","7.2318668704e+03","5.3589876001e+08"
"2026-03-28 07:00:00","7.1797490947e+03","5.3573917873e+08"
"2026-03-28 09:00:00","7.2277486645e+03","5.3583471179e+08"
"2026-03-28 11:00:00","7.2431057407e+03","5.3523786842e+08"
"2026-03-28 13:00:00","7.2295689630e+03","5.3548368841e+08"
"2026-03-28 15:00:00","7.2336138402e+03","5.3527387345e+08"
"2026-03-28 17:00:00","7.2334194005e+03","5.3580989857e+08"
"2026-03-28 19:00:00","7.2323531984e+03","5.3500262944e+08"
"2026-03-28 21:00:00","7.2366785351e+03","5.3543367542e+08"
"2026-03-28 23:00:00","7.1972570310e+03","5.3578863232e+08"
"2026-03-29 01:00:00","7.2428935134e+03","5.3602495513e+08"
"2026-03-29 04:00:00","7.2357130298e+03","5.3575316118e+08"
"2026-03-29 06:00:00","7.2052401183e+03","5.3598433065e+08"
"2026-03-29 08:00:00","7.2379355000e+03","5.3574419452e+08"
"2026-03-29 10:00:00","7.2436101882e+03","5.3566742003e+08"
"2026-03-29 12:00:00","7.2308252192e+03","5.3529204943e+08"
"2026-03-29 14:00:00","7.2479475859e+03","5.3576221540e+08"
"2026-03-29 16:00:00","7.2304001548e+03","5.3563890775e+08"
"2026-03-29 18:00:00","7.2316093503e+03","5.3575214260e+08"
"2026-03-29 20:00:00","7.2220975623e+03","5.3571780725e+08"
"2026-03-29 22:00:00","7.2284834393e+03","5.3539521985e+08"
"2026-03-30 00:00:00","7.2371479630e+03","5.3549765335e+08"
"2026-03-30 02:00:00","7.2366816481e+03","5.3547291730e+08"
"2026-03-30 04:00:00","7.2315495556e+03","5.3611508772e+08"
"2026-03-30 06:00:00","7.2455769127e+03","5.3605373687e+08"
"2026-03-30 08:00:00","7.2043630687e+03","5.3581481368e+08"
"2026-03-30 10:00:00","7.2418132222e+03","5.3586616163e+08"
"2026-03-30 12:00:00","7.2381986431e+03","5.3578858800e+08"
"2026-03-30 14:00:00","7.2440048013e+03","5.3559141479e+08"
"2026-03-30 16:00:00","7.2389865185e+03","5.3532483139e+08"
"2026-03-30 18:00:00","7.2437700741e+03","5.3553457189e+08"
"2026-03-30 20:00:00","7.2355614309e+03","5.3518788134e+08"
"2026-03-30 22:00:00","7.2424457278e+03","5.3506768301e+08"
"2026-03-31 00:00:00","7.2295553456e+03","5.3551492675e+08"
"2026-03-31 02:00:00","7.2466786252e+03","5.3599829108e+08"
"2026-03-31 04:00:00","7.2315235185e+03","5.3578944442e+08"
"2026-03-31 06:00:00","7.2403232593e+03","5.3594517473e+08"
"2026-03-31 08:00:00","7.2385688889e+03","5.3596924043e+08"
"2026-03-31 10:00:00","7.1472548980e+03","5.3568728561e+08"
"2026-03-31 12:00:00","7.1708568613e+03","5.3530416759e+08"
"2026-03-31 14:00:00","7.1979589444e+03","5.3574844203e+08"
"2026-03-31 16:00:00","7.2466210556e+03","5.3577758892e+08"
"2026-03-31 18:00:00","7.2291448905e+03","5.3580626375e+08"
"2026-03-31 20:00:00","7.2447682392e+03","5.3485377341e+08"
"2026-03-31 22:00:00","7.2398142222e+03","5.3510835403e+08"
"2026-04-01 00:00:00","7.2441822407e+03","5.3023777288e+08"
"2026-04-01 02:00:00","7.2378767778e+03","5.3554042537e+08"
"2026-04-01 04:00:00","7.2445209815e+03","5.3595405660e+08"
"2026-04-01 06:00:00","7.2323999763e+03","5.3601306252e+08"
"2026-04-01 08:00:00","7.2466845679e+03","5.3592059723e+08"
"2026-04-01 10:00:00","7.2337829372e+03","5.3591271966e+08"
"2026-04-01 12:00:00","7.2389018519e+03","5.3590034655e+08"
"2026-04-01 14:00:00","7.2314688215e+03","5.3580350996e+08"
"2026-04-01 16:00:00","7.2404177413e+03","5.3549887776e+08"
"2026-04-01 18:00:00","7.2406710112e+03","5.3585768577e+08"
"2026-04-01 20:00:00","7.2358564259e+03","5.3502478312e+08"
"2026-04-01 22:00:00","7.2469087407e+03","5.3526545559e+08"
"2026-04-02 00:00:00","7.2353348333e+03","5.3576392971e+08"
"2026-04-02 02:00:00","7.2386630606e+03","5.3594970984e+08"
"2026-04-02 04:00:00","7.2367995876e+03","5.3542635815e+08"
"2026-04-02 06:00:00","7.2347930678e+03","5.3596694905e+08"
"2026-04-02 08:00:00","7.2391611781e+03","5.3574350294e+08"
"2026-04-02 10:00:00","7.2413564208e+03","5.3582500528e+08"
"2026-04-02 12:00:00","7.2350523446e+03","5.3593191714e+08"
"2026-04-02 14:00:00","7.2468744040e+03","5.3574616646e+08"
"2026-04-02 16:00:00","7.2294805464e+03","5.3578769222e+08"
"2026-04-02 18:00:00","7.2369660197e+03","5.3592937601e+08"
"2026-04-02 20:00:00","7.2333351481e+03","5.3575575301e+08"
"2026-04-02 22:00:00","7.2286655185e+03","5.3580092879e+08"
"2026-04-03 00:00:00","7.2190847473e+03","5.3434432343e+08"
"2026-04-03 02:00:00","7.2436887382e+03","5.3566451966e+08"
"2026-04-03 04:00:00","7.2037413663e+03","5.3576337057e+08"
"2026-04-03 06:00:00","7.2414167593e+03","5.3520528775e+08"
"2026-04-03 08:00:00","7.2349856481e+03","5.3580754743e+08"
"2026-04-03 10:00:00","7.2404671303e+03","5.3585837749e+08"
"2026-04-03 12:00:00","7.2372364253e+03","5.3590533645e+08"
"2026-04-03 14:00:00","7.2382277367e+03","5.3523436811e+08"
"2026-04-03 16:00:00","7.2129987078e+03","5.3582188648e+08"
"2026-04-03 18:00:00","7.2320562729e+03","5.3571514082e+08"
"2026-04-03 20:00:00","7.2374002547e+03","5.3589530815e+08"
"2026-04-03 22:00:00","7.2408902872e+03","5.3577839950e+08"
"2026-04-04 00:00:00","7.2193518989e+03","5.3466823085e+08"
"2026-04-04 02:00:00","7.2364002550e+03","5.3602082928e+08"
"2026-04-04 04:00:00","7.2307489016e+03","5.3557942697e+08"
"2026-04-04 06:00:00","7.2341353519e+03","5.3593653741e+08"
"2026-04-04 08:00:00","7.2311333239e+03","5.3575957183e+08"
"2026-04-04 10:00:00","7.2448049724e+03","5.3518041629e+08"
"2026-04-04 12:00:00","7.2312374815e+03","5.3575422099e+08"
"2026-04-04 14:00:00","7.1627415578e+03","5.3516212459e+08"
"2026-04-04 16:00:00","7.1580294978e+03","5.3580375566e+08"
"2026-04-04 18:00:00","7.1599941667e+03","5.3526976796e+08"
"2026-04-04 20:00:00","7.2142307037e+03","5.3531662423e+08"
"2026-04-04 22:00:00","7.2345140556e+03","5.3541895476e+08"
"2026-04-05 00:00:00","7.2236465446e+03","5.3572566851e+08"
"2026-04-05 02:00:00","7.2486705665e+03","5.3591102333e+08"
"2026-04-05 04:00:00","7.2306980741e+03","5.3601190828e+08"
"2026-04-05 06:00:00","7.2320976296e+03","5.3543860623e+08"
"2026-04-05 08:00:00","7.2272348820e+03","5.3571235571e+08"
"2026-04-05 10:00:00","7.2309970625e+03","5.3585746510e+08"
"2026-04-05 12:00:00","7.2358373333e+03","5.3508419040e+08"
"2026-04-05 14:00:00","7.2451121023e+03","5.3571601851e+08"
"2026-04-05 16:00:00","7.2295196014e+03","5.3574643105e+08"
"2026-04-05 18:00:00","7.2448657593e+03","5.3575718903e+08"
"2026-04-05 20:00:00","7.2359878704e+03","5.3533727040e+08"
"2026-04-05 22:00:00","7.2314640741e+03","5.3503111746e+08"
"2026-04-06 00:00:00","7.2269793980e+03","5.3585436096e+08"
"2026-04-06 02:00:00","7.2328233242e+03","5.3513625751e+08"
"2026-04-06 04:00:00","7.2395553519e+03","5.3606179463e+08"
"2026-04-06 06:00:00","7.2406977084e+03","5.3630124323e+08"
"2026-04-06 08:00:00","7.2159270323e+03","5.3545728700e+08"
"2026-04-06 10:00:00","7.2343948519e+03","5.3578349472e+08"
"2026-04-06 12:00:00","7.2416356864e+03","5.3577707440e+08"
"2026-04-06 14:00:00","7.2297432950e+03","5.3536677271e+08"
"2026-04-06 16:00:00","7.2423444803e+03","5.3572795785e+08"
"2026-04-06 18:00:00","7.2393442259e+03","5.3577704626e+08"
"2026-04-06 20:00:00","7.2401123868e+03","5.3487422322e+08"
"2026-04-06 22:00:00","7.2436534441e+03","5.3588473356e+08"
"2026-04-07 00:00:00","7.2322644444e+03","5.3593938779e+08"
"2026-04-07 02:00:00","7.2420405000e+03","5.3597678488e+08"
"2026-04-07 04:00:00","7.2392815000e+03","5.3604200797e+08"
"2026-04-07 06:00:00","7.2352132037e+03","5.3542814417e+08"
"2026-04-07 08:00:00","7.2352219548e+03","5.3428826045e+08"
"2026-04-07 10:00:00","7.2433127674e+03","5.3175797247e+08"
"2026-04-07 12:00:00","7.2322453870e+03","5.3165383092e+08"
"2026-04-07 14:00:00","7.2307529834e+03","5.3144077492e+08"
"2026-04-07 16:00:00","7.2486484047e+03","5.3159190520e+08"
"2026-04-07 18:00:00","7.2283324954e+03","5.3122465605e+08"
"2026-04-07 20:00:00","7.2288688962e+03","5.3104859727e+08"
"2026-04-07 22:00:00","7.2316251111e+03","5.3110861442e+08"
"2026-04-08 00:00:00","7.2264077589e+03","5.3160398107e+08"
"2026-04-08 02:00:00","7.2323719586e+03","5.3169556716e+08"
"2026-04-08 04:00:00","7.2287189454e+03","5.3136464651e+08"
"2026-04-08 06:00:00","7.2372157815e+03","5.3199713988e+08"
"2026-04-08 08:00:00","7.2265912778e+03","5.3185746271e+08"
"2026-04-08 10:00:00","7.2412518704e+03","5.3172183922e+08"
"2026-04-08 12:00:00","7.2249734997e+03","5.3171191138e+08"
"2026-04-08 14:00:00","7.2328669448e+03","5.3166860417e+08"
"2026-04-08 16:00:00","7.2309440556e+03","5.3173060786e+08"
"2026-04-08 18:00:00","7.2017089244e+03","5.3169150243e+08"
"2026-04-08 20:00:00","7.2413166698e+03","5.3158477365e+08"
"2026-04-08 22:00:00","7.2277779253e+03","5.3037165987e+08"
"2026-04-09 00:00:00","7.2427472954e+03","5.3119130151e+08"
"2026-04-09 02:00:00","7.2266989630e+03","5.3121670211e+08"
"2026-04-09 04:00:00","7.2315777593e+03","5.3184947771e+08"
"2026-04-09 06:00:00","7.2105386582e+03","5.3188381984e+08"
"2026-04-09 08:00:00","7.2339997086e+03","5.3167738886e+08"
"2026-04-09 10:00:00","7.2263285428e+03","5.3176836961e+08"
"2026-04-09 12:00:00","7.2155441894e+03","5.3180525761e+08"
"2026-04-09 14:00:00","7.2293718514e+03","5.3167874719e+08"
"2026-04-09 16:00:00","7.2325119755e+03","5.3141895138e+08"
"2026-04-09 18:00:00","7.2260706987e+03","5.3167684974e+08"
"2026-04-09 20:00:00","7.2263932828e+03","5.3148853929e+08"
"2026-04-09 22:00:00","7.2240662087e+03","5.3150630119e+08"
"2026-04-10 00:00:00","7.2345913745e+03","5.3156073473e+08"
"2026-04-10 02:00:00","7.2210221858e+03","5.3148592752e+08"
"2026-04-10 04:00:00","7.2269136199e+03","5.3178067560e+08"
"2026-04-10 06:00:00","7.2283459259e+03","5.3178331897e+08"
"2026-04-10 08:00:00","7.2306133148e+03","5.3174007747e+08"
"2026-04-10 10:00:00","7.2248361026e+03","5.3163293769e+08"
"2026-04-10 12:00:00","7.2261007677e+03","5.3126697518e+08"
"2026-04-10 14:00:00","7.2332928481e+03","5.3147052196e+08"
"2026-04-10 16:00:00","7.2293453741e+03","5.3162494747e+08"
"2026-04-10 18:00:00","7.2340975477e+03","5.3158921799e+08"
"2026-04-10 20:00:00","7.2268856846e+03","5.3162962957e+08"
"2026-04-10 22:00:00","7.2462482492e+03","5.3161313070e+08"
"2026-04-11 00:00:00","7.2336645000e+03","5.3161862191e+08"
"2026-04-11 02:00:00","7.2307742222e+03","5.3182324450e+08"
"2026-04-11 04:00:00","7.2297614059e+03","5.3180508164e+08"
"2026-04-11 06:00:00","7.2464255200e+03","5.3131847163e+08"
"2026-04-11 08:00:00","7.2305913470e+03","5.3158479697e+08"
"2026-04-11 10:00:00","7.2324206345e+03","5.3158555483e+08"
"2026-04-11 12:00:00","7.2323202417e+03","5.3165769243e+08"
"2026-04-11 14:00:00","7.2288116557e+03","5.3152954965e+08"
"2026-04-11 16:00:00","7.2502293619e+03","5.3159016828e+08"
"2026-04-11 18:00:00","7.2317238333e+03","5.3173514745e+08"
"2026-04-11 20:00:00","7.2297286142e+03","5.3114241998e+08"
"2026-04-11 22:00:00","7.2322365330e+03","5.3153103056e+08"
"2026-04-12 00:00:00","7.2302717304e+03","5.3172308279e+08"
"2026-04-12 02:00:00","7.2317309927e+03","5.3145723342e+08"
"2026-04-12 04:00:00","7.2319478148e+03","5.3179961769e+08"
"2026-04-12 06:00:00","7.2463254444e+03","5.3130608398e+08"
"2026-04-12 08:00:00","7.2363577593e+03","5.3150474093e+08"
"2026-04-12 10:00:00","7.2265578889e+03","5.3155638586e+08"
"2026-04-12 12:00:00","7.2312875370e+03","5.3159183318e+08"
"2026-04-12 14:00:00","7.2345801111e+03","5.3153437931e+08"
"2026-04-12 16:00:00","7.2398901582e+03","5.3170236211e+08"
"2026-04-12 18:00:00","7.2338902307e+03","5.3159817913e+08"
"2026-04-12 20:00:00","7.2274283004e+03","5.3122732985e+08"
"2026-04-12 22:00:00","7.2302379155e+03","5.3074510758e+08"
"2026-04-13 00:00:00","7.2239988582e+03","5.3127235528e+08"
"2026-04-13 02:00:00","7.2476012112e+03","5.3172407613e+08"
"2026-04-13 04:00:00","7.2360380603e+03","5.2849778888e+08"
"2026-04-13 06:00:00","7.2508977655e+03","5.3185160080e+08"
"2026-04-13 08:00:00","7.2440068370e+03","5.3107377808e+08"
"2026-04-13 10:00:00","7.2526978852e+03","5.3165419848e+08"
"2026-04-13 12:00:00","7.2553590370e+03","5.3159130970e+08"
"2026-04-13 14:00:00","7.2437881481e+03","5.3104604680e+08"
"2026-04-13 16:00:00","7.1518092778e+03","5.1124103431e+08"
"2026-04-13 18:00:00","7.2175771296e+03","5.2498131180e+08"
"2026-04-13 20:00:00","7.2920382037e+03","5.2420631138e+08"
"2026-04-13 22:00:00","7.2790455370e+03","5.2339789704e+08"
"2026-04-14 00:00:00","7.2697957721e+03","5.2408742437e+08"
"2026-04-14 02:00:00","7.2794855367e+03","5.2464263589e+08"
"2026-04-14 04:00:00","7.2792147467e+03","5.2466355298e+08"
"2026-04-14 06:00:00","7.2881993333e+03","5.2426939608e+08"
"2026-04-14 08:00:00","7.2809839074e+03","5.2402306201e+08"
"2026-04-14 10:00:00","7.2831663889e+03","5.2438808192e+08"
"2026-04-14 12:00:00","7.2809053223e+03","5.2440362783e+08"
"2026-04-14 14:00:00","7.2624949214e+03","5.2424155445e+08"
"2026-04-14 16:00:00","7.2846109414e+03","5.2439293774e+08"
"2026-04-14 18:00:00","7.2748809074e+03","5.2209645588e+08"
"2026-04-14 20:00:00","7.2841188606e+03","5.2094071608e+08"
"2026-04-14 22:00:00","7.2805118832e+03","5.2124878715e+08"
"2026-04-15 00:00:00","7.2775189009e+03","5.2169309172e+08"
"2026-04-15 02:00:00","7.2804330033e+03","5.2175621560e+08"
"2026-04-15 04:00:00","7.2739260370e+03","5.2095431823e+08"
"2026-04-15 06:00:00","7.2877868233e+03","5.2170386273e+08"
"2026-04-15 08:00:00","7.2720499175e+03","5.2172368028e+08"
"2026-04-15 10:00:00","7.2757392593e+03","5.2170577724e+08"
"2026-04-15 12:00:00","7.2742490398e+03","5.2166545309e+08"
"2026-04-15 14:00:00","7.2646565899e+03","5.2170502622e+08"
"2026-04-15 16:00:00","7.2771795486e+03","5.2166258436e+08"
"2026-04-15 18:00:00","7.2745824044e+03","5.2119677470e+08"
"2026-04-15 20:00:00","7.2727583424e+03","5.2172550487e+08"
"2026-04-15 22:00:00","7.2732659381e+03","5.2126065166e+08"
"2026-04-16 00:00:00","7.2892804332e+03","5.2172905442e+08"
"2026-04-16 02:00:00","7.2801776906e+03","5.2108738407e+08"
"2026-04-16 04:00:00","7.2779481982e+03","5.2179086637e+08"
"2026-04-16 06:00:00","7.2838430336e+03","5.2145354058e+08"
"2026-04-16 08:00:00","7.2925858923e+03","5.2175591445e+08"
"2026-04-16 10:00:00","7.2803710000e+03","5.2168161805e+08"
"2026-04-16 12:00:00","7.2829605741e+03","5.2140331799e+08"
"2026-04-16 14:00:00","7.2956592407e+03","5.2164237029e+08"
"2026-04-16 16:00:00","7.2819839444e+03","5.2168390270e+08"
"2026-04-16 18:00:00","7.2853992037e+03","5.2122516552e+08"
"2026-04-16 20:00:00","7.2878661111e+03","5.2119942890e+08"
"2026-04-16 22:00:00","7.2086297037e+03","5.2172438968e+08"
"2026-04-17 00:00:00","7.2706921077e+03","5.2125725020e+08"
"2026-04-17 02:00:00","7.2857434849e+03","5.2170658105e+08"
"2026-04-17 04:00:00","7.2867302963e+03","5.2135465043e+08"
"2026-04-17 06:00:00","7.2855944485e+03","5.2169479154e+08"
"2026-04-17 08:00:00","7.2781359118e+03","5.2168748828e+08"
"2026-04-17 10:00:00","7.2790329174e+03","5.2172736103e+08"
"2026-04-17 12:00:00","7.2995713591e+03","5.2173518353e+08"
"2026-04-17 14:00:00","7.2880824743e+03","5.2172560200e+08"
"2026-04-17 16:00:00","7.2885244815e+03","5.2171005398e+08"
"2026-04-17 18:00:00","7.2989199259e+03","5.2176343956e+08"
"2026-04-17 20:00:00","7.2871955185e+03","5.2168647388e+08"
"2026-04-17 22:00:00","7.2849335237e+03","5.2172121883e+08"
"2026-04-18 00:00:00","7.2928442268e+03","5.2168121738e+08"
"2026-04-18 02:00:00","7.2862382495e+03","5.2087861827e+08"
"2026-04-18 04:00:00","7.2944152407e+03","5.2166735792e+08"
"2026-04-18 06:00:00","7.2904057963e+03","5.2129777289e+08"
"2026-04-18 08:00:00","7.2915927285e+03","5.2172165306e+08"
"2026-04-18 10:00:00","7.2999209011e+03","5.2166691643e+08"
"2026-04-18 12:00:00","7.2837995697e+03","5.2165867603e+08"
"2026-04-18 14:00:00","7.2882556525e+03","5.2170434505e+08"
"2026-04-18 16:00:00","7.2984194074e+03","5.2172611754e+08"
"2026-04-18 18:00:00","7.2909623704e+03","5.2170431607e+08"
"2026-04-18 20:00:00","7.2881141328e+03","5.2172763392e+08"
"2026-04-18 22:00:00","7.2917511414e+03","5.2123425093e+08"
"2026-04-19 00:00:00","7.2908837739e+03","5.2171975354e+08"
"2026-04-19 02:00:00","7.2867910816e+03","5.2150022418e+08"
"2026-04-19 04:00:00","7.2981712037e+03","5.2169720135e+08"
"2026-04-19 06:00:00","7.2924453434e+03","5.2119070816e+08"
"2026-04-19 08:00:00","7.2867271011e+03","5.2173417361e+08"
"2026-04-19 10:00:00","7.2907468698e+03","5.2169631625e+08"
"2026-04-19 12:00:00","7.2899394265e+03","5.2174839184e+08"
"2026-04-19 14:00:00","7.2916375926e+03","5.2174167234e+08"
"2026-04-19 16:00:00","7.2838787186e+03","5.2163933039e+08"
"2026-04-19 18:00:00","7.2841715407e+03","5.2173455659e+08"
"2026-04-19 20:00:00","7.2912692243e+03","5.2170205212e+08"
"2026-04-19 22:00:00","7.3022613893e+03","5.2124876749e+08"
"2026-04-20 00:00:00","7.2885495345e+03","5.2072155033e+08"
"2026-04-20 02:00:00","7.3019821416e+03","5.2173272710e+08"
"2026-04-20 04:00:00","7.2872335649e+03","5.2171427474e+08"
"2026-04-20 06:00:00","7.2895269973e+03","5.2138298248e+08"
"2026-04-20 08:00:00","7.2935268519e+03","5.2161389344e+08"
"2026-04-20 10:00:00","7.2860368889e+03","5.2177164550e+08"
"2026-04-20 12:00:00","7.2918483877e+03","5.2168413941e+08"
"2026-04-20 14:00:00","7.2994864642e+03","5.2171361730e+08"
"2026-04-20 16:00:00","7.2862038148e+03","5.2171723967e+08"
"2026-04-20 18:00:00","7.2887453889e+03","5.2087780092e+08"
"2026-04-20 20:00:00","7.2904398889e+03","5.2146436599e+08"
"2026-04-20 22:00:00","7.2941873889e+03","5.2169900922e+08"
"2026-04-21 00:00:00","7.2868236293e+03","5.2175732602e+08"
"2026-04-21 02:00:00","7.2898184888e+03","5.2125297452e+08"
"2026-04-21 04:00:00","7.2767938653e+03","5.2171391721e+08"
"2026-04-21 06:00:00","7.2872488670e+03","5.2069909480e+08"
"2026-04-21 08:00:00","7.2812189274e+03","5.2124107349e+08"
"2026-04-21 10:00:00","7.2895136409e+03","5.2160930382e+08"
"2026-04-21 12:00:00","7.2976192350e+03","5.2168178765e+08"
"2026-04-21 14:00:00","7.2879272131e+03","5.2149493456e+08"
"2026-04-21 16:00:00","7.2877926518e+03","5.2138512436e+08"
"2026-04-21 18:00:00","7.2826211916e+03","5.2193468029e+08"
"2026-04-21 20:00:00","7.2864197814e+03","5.2160172599e+08"
"2026-04-21 22:00:00","7.2800098418e+03","5.2122665022e+08"
"2026-04-22 00:00:00","7.2943597037e+03","5.2123721109e+08"
"2026-04-22 02:00:00","7.2713223670e+03","5.2157185146e+08"
"2026-04-22 04:00:00","7.2850717996e+03","5.1992789793e+08"
"2026-04-22 06:00:00","7.2776396029e+03","5.1489293375e+08"
"2026-04-22 08:00:00","7.2839713230e+03","5.1799831810e+08"
"2026-04-22 10:00:00","7.2921735556e+03","5.2165051222e+08"
"2026-04-22 12:00:00","7.2816250816e+03","5.2170085068e+08"
"2026-04-22 14:00:00","7.2911704184e+03","5.2175840950e+08"
"2026-04-22 16:00:00","7.2853790731e+03","5.2160618139e+08"
"2026-04-22 18:00:00","7.2890884639e+03","5.2166202365e+08"
"2026-04-22 20:00:00","7.2855408889e+03","5.2166399519e+08"
"2026-04-22 22:00:00","7.2783201481e+03","5.2169495534e+08"
"2026-04-23 00:00:00","7.2864219259e+03","5.2124269323e+08"
"2026-04-23 02:00:00","7.2905886111e+03","5.2155961482e+08"
"2026-04-23 04:00:00","7.2955410370e+03","5.2169275572e+08"
"2026-04-23 06:00:00","7.2875243519e+03","5.2121787828e+08"
"2026-04-23 08:00:00","7.2956263783e+03","5.2173457535e+08"
"2026-04-23 10:00:00","7.2976150477e+03","5.2177129843e+08"
"2026-04-23 12:00:00","7.2819448066e+03","5.2138273293e+08"
"2026-04-23 14:00:00","7.2863879156e+03","5.2170872654e+08"
"2026-04-23 16:00:00","7.2867198333e+03","5.2174632461e+08"
"2026-04-23 18:00:00","7.2780958889e+03","5.2127551936e+08"
"2026-04-23 20:00:00","7.2890029444e+03","5.2155177952e+08"
"2026-04-23 22:00:00","7.2951778889e+03","5.2160285023e+08"
"2026-04-24 00:00:00","7.2885403289e+03","5.2173509859e+08"
"2026-04-24 02:00:00","7.2933622081e+03","5.2172769533e+08"
"2026-04-24 04:00:00","7.2976424058e+03","5.2172215121e+08"
"2026-04-24 06:00:00","7.2772338100e+03","5.2148605537e+08"
"2026-04-24 08:00:00","7.2897419693e+03","5.2145364080e+08"
"2026-04-24 10:00:00","7.2824418148e+03","5.2105111654e+08"
"2026-04-24 12:00:00","7.2959047034e+03","5.2168843512e+08"
"2026-04-24 14:00:00","7.2924333157e+03","5.2092351031e+08"
"2026-04-24 16:00:00","7.2915728512e+03","5.2144943384e+08"
"2026-04-24 18:00:00","7.3002927972e+03","5.2175470362e+08"
"2026-04-24 20:00:00","7.2852892331e+03","5.2121917549e+08"
"2026-04-24 22:00:00","7.2855498585e+03","5.2174566422e+08"
"2026-04-25 00:00:00","7.2865122180e+03","5.2170707454e+08"
"2026-04-25 02:00:00","7.2841263024e+03","5.2070401745e+08"
"2026-04-25 04:00:00","7.2947332760e+03","5.2178119707e+08"
"2026-04-25 06:00:00","7.2960121852e+03","5.2169258522e+08"
"2026-04-25 08:00:00","7.2915126667e+03","5.2121123681e+08"
"2026-04-25 10:00:00","7.2898781481e+03","5.2171226748e+08"
"2026-04-25 12:00:00","7.2971911968e+03","5.2171854581e+08"
"2026-04-25 14:00:00","7.2849926365e+03","5.2172299051e+08"
"2026-04-25 16:00:00","7.2894801852e+03","5.2100024192e+08"
"2026-04-25 18:00:00","7.2970879074e+03","5.2127795399e+08"
"2026-04-25 20:00:00","7.2896071715e+03","5.2165251632e+08"
"2026-04-25 22:00:00","7.3003814390e+03","5.2171809830e+08"
"2026-04-26 00:00:00","7.3009005662e+03","5.2125752456e+08"
"2026-04-26 02:00:00","7.2927268233e+03","5.2176427521e+08"
"2026-04-26 04:00:00","7.2961076378e+03","5.2164493298e+08"
"2026-04-26 06:00:00","7.2936046955e+03","5.2173282871e+08"
"2026-04-26 08:00:00","7.2863427963e+03","5.2159118540e+08"
"2026-04-26 10:00:00","7.3024676139e+03","5.2177164018e+08"
"2026-04-26 12:00:00","7.2908789416e+03","5.2173030399e+08"
"2026-04-26 14:00:00","7.2978711667e+03","5.2140163639e+08"
"2026-04-26 16:00:00","7.2867309259e+03","5.2174351339e+08"
"2026-04-26 18:00:00","7.2964565923e+03","5.2154916137e+08"
"2026-04-26 20:00:00","7.2909777407e+03","5.2173434039e+08"
"2026-04-26 22:00:00","7.2880470862e+03","5.2167984286e+08"
"2026-04-27 00:00:00","7.2959271887e+03","5.2175398195e+08"
"2026-04-27 02:00:00","7.2909382254e+03","5.2173687320e+08"
"2026-04-27 04:00:00","7.2998699593e+03","5.2166132748e+08"
"2026-04-27 06:00:00","7.2872742814e+03","5.2178868378e+08"
"2026-04-27 08:00:00","7.2961503998e+03","5.2167520773e+08"
"2026-04-27 10:00:00","7.2934387113e+03","5.2175157709e+08"
"2026-04-27 12:00:00","7.2867425659e+03","5.2172762098e+08"
"2026-04-27 14:00:00","7.2808919156e+03","5.2172389133e+08"
"2026-04-27 16:00:00","7.2949315926e+03","5.2173109325e+08"
"2026-04-27 18:00:00","NaN","NaN"
