"Title:","'ALCORT_R3_Huawei_GE-0/7/2 - Trafico AVATEL ADURIZ'"
"Vertical Label:","'bits per second'"
"Start Date:","2026-04-20 18:00:00"
"End Date:","2026-04-20 18:00:00"
"Step:","1800"
"Total Rows:","337"
"Graph ID:","234"
"Host ID:","6"
""
"Date","Inbound","Outbound"
"2026-04-20 18:00:00","2.8878478075e+07","1.5808484135e+08"
"2026-04-20 18:30:00","5.5019900936e+06","6.9045521753e+04"
"2026-04-20 19:00:00","1.1986542979e+07","1.8902228538e+04"
"2026-04-20 19:30:00","7.1265100870e+06","1.0299748137e+05"
"2026-04-20 20:00:00","7.6936882626e+06","9.2044127008e+04"
"2026-04-20 20:30:00","5.6603356690e+06","4.6943454593e+04"
"2026-04-20 21:00:00","6.4609439035e+06","6.4622966444e+04"
"2026-04-20 21:30:00","1.0009062403e+07","2.7439876000e+04"
"2026-04-20 22:00:00","1.0515227924e+07","7.3171875926e+04"
"2026-04-20 22:30:00","9.5087908233e+06","1.2815590027e+04"
"2026-04-20 23:00:00","1.4428712382e+07","2.0015669677e+04"
"2026-04-20 23:30:00","9.6463607094e+06","1.2865762600e+04"
"2026-04-21 00:00:00","9.8456199507e+06","1.3212065974e+04"
"2026-04-21 00:30:00","5.7582689746e+06","1.2852028241e+04"
"2026-04-21 01:00:00","3.1844586381e+06","1.2878772452e+04"
"2026-04-21 01:30:00","2.8336810648e+06","1.2915378361e+04"
"2026-04-21 02:00:00","2.6664395696e+06","1.2861022368e+04"
"2026-04-21 02:30:00","2.0051489890e+06","1.2856603190e+04"
"2026-04-21 03:00:00","2.7959207131e+06","1.2835001546e+04"
"2026-04-21 03:30:00","1.7117378113e+06","1.2820361862e+04"
"2026-04-21 04:00:00","1.0358287756e+06","1.2954734505e+04"
"2026-04-21 04:30:00","1.3028248388e+06","1.3139459051e+04"
"2026-04-21 05:00:00","2.1226363813e+06","1.2863967704e+04"
"2026-04-21 05:30:00","3.1492718335e+06","1.2821101532e+04"
"2026-04-21 06:00:00","2.7002783072e+06","1.2832586058e+04"
"2026-04-21 06:30:00","3.7430865633e+06","1.2832329373e+04"
"2026-04-21 07:00:00","3.3271923534e+06","1.2900470331e+04"
"2026-04-21 07:30:00","3.2336497051e+06","1.2977725002e+04"
"2026-04-21 08:00:00","5.5508502312e+06","1.2861544148e+04"
"2026-04-21 08:30:00","3.6929780059e+06","1.6616908296e+04"
"2026-04-21 09:00:00","3.7853978639e+06","8.0976460963e+04"
"2026-04-21 09:30:00","4.0763890515e+06","7.9138347824e+04"
"2026-04-21 10:00:00","3.7248080664e+06","1.6882268860e+05"
"2026-04-21 10:30:00","5.5430975201e+06","2.1561254025e+05"
"2026-04-21 11:00:00","5.4318957840e+06","1.1153261094e+05"
"2026-04-21 11:30:00","3.7103229969e+06","2.8266545610e+05"
"2026-04-21 12:00:00","7.5115224196e+06","1.9946241567e+05"
"2026-04-21 12:30:00","3.7604834697e+06","3.4840645989e+05"
"2026-04-21 13:00:00","4.7530117913e+06","3.5689725585e+05"
"2026-04-21 13:30:00","1.6015569367e+07","2.6558908795e+05"
"2026-04-21 14:00:00","5.8921670690e+06","2.3226508666e+05"
"2026-04-21 14:30:00","6.0324788597e+06","1.1003806732e+05"
"2026-04-21 15:00:00","6.1732415586e+06","9.5525013028e+04"
"2026-04-21 15:30:00","1.6819399467e+07","9.7762390691e+04"
"2026-04-21 16:00:00","2.4250907995e+07","5.2791783836e+04"
"2026-04-21 16:30:00","1.7392685106e+07","8.5542466444e+04"
"2026-04-21 17:00:00","6.2954448610e+06","3.7164308627e+04"
"2026-04-21 17:30:00","1.7015146927e+07","8.8927107522e+04"
"2026-04-21 18:00:00","6.6867904828e+06","5.6005735247e+04"
"2026-04-21 18:30:00","6.8022006982e+06","8.6524800656e+04"
"2026-04-21 19:00:00","6.8702138749e+06","3.0656468522e+04"
"2026-04-21 19:30:00","4.5471714780e+06","9.1303525798e+04"
"2026-04-21 20:00:00","1.9413550426e+07","1.8943974047e+05"
"2026-04-21 20:30:00","8.8069396310e+06","2.3323981381e+04"
"2026-04-21 21:00:00","6.7641450200e+06","6.3788466741e+04"
"2026-04-21 21:30:00","7.7787421264e+06","5.9314758222e+04"
"2026-04-21 22:00:00","8.3874975943e+06","1.7192939630e+04"
"2026-04-21 22:30:00","9.8511821713e+06","1.3173507578e+05"
"2026-04-21 23:00:00","8.6840314849e+06","5.7645775553e+04"
"2026-04-21 23:30:00","1.3020153476e+07","1.2876345692e+04"
"2026-04-22 00:00:00","1.4590417540e+07","1.2829905866e+04"
"2026-04-22 00:30:00","1.2010167715e+07","1.2789220444e+04"
"2026-04-22 01:00:00","2.9708983938e+06","1.2841606571e+04"
"2026-04-22 01:30:00","3.2379659814e+06","1.2831707119e+04"
"2026-04-22 02:00:00","2.6742619283e+06","1.2868406002e+04"
"2026-04-22 02:30:00","2.0293097014e+06","1.2860855642e+04"
"2026-04-22 03:00:00","2.6163400964e+06","1.3117567819e+04"
"2026-04-22 03:30:00","3.1695232208e+06","1.2817815811e+04"
"2026-04-22 04:00:00","1.3623118179e+06","1.2925158074e+04"
"2026-04-22 04:30:00","1.1132842050e+06","1.2863292148e+04"
"2026-04-22 05:00:00","6.4484243987e+06","1.2816605407e+04"
"2026-04-22 05:30:00","1.5939880947e+06","1.2786684148e+04"
"2026-04-22 06:00:00","2.2366823494e+06","1.2938985832e+04"
"2026-04-22 06:30:00","2.8784229274e+06","1.2889003575e+04"
"2026-04-22 07:00:00","2.0772153056e+06","1.2885527556e+04"
"2026-04-22 07:30:00","2.9410540622e+06","1.3104284148e+04"
"2026-04-22 08:00:00","6.5900821950e+06","1.2831204444e+04"
"2026-04-22 08:30:00","1.0557757343e+07","2.9585833185e+04"
"2026-04-22 09:00:00","2.1842534863e+07","5.3525910079e+04"
"2026-04-22 09:30:00","2.3619979609e+07","5.6825670800e+04"
"2026-04-22 10:00:00","4.9234139468e+07","1.2185919586e+05"
"2026-04-22 10:30:00","3.9921652302e+07","1.7897829496e+05"
"2026-04-22 11:00:00","2.7932473733e+07","2.2668150311e+05"
"2026-04-22 11:30:00","3.5252233218e+07","1.9816007437e+05"
"2026-04-22 12:00:00","4.4350405725e+07","3.0397310992e+05"
"2026-04-22 12:30:00","3.6683536540e+07","2.1386475882e+05"
"2026-04-22 13:00:00","3.9138051050e+07","3.3358927393e+05"
"2026-04-22 13:30:00","5.5549866101e+07","2.3419481067e+05"
"2026-04-22 14:00:00","2.0316372519e+07","1.3391240289e+05"
"2026-04-22 14:30:00","1.3498353766e+07","8.9026544222e+04"
"2026-04-22 15:00:00","1.2622992712e+07","3.7394510540e+04"
"2026-04-22 15:30:00","1.3599646806e+07","5.8580239089e+04"
"2026-04-22 16:00:00","9.0174325677e+06","4.2659771940e+04"
"2026-04-22 16:30:00","1.1380730765e+07","1.5955691164e+05"
"2026-04-22 17:00:00","8.1897432212e+06","1.5617160042e+05"
"2026-04-22 17:30:00","9.7486303697e+06","8.6368291333e+04"
"2026-04-22 18:00:00","1.0390573483e+07","6.6636925037e+04"
"2026-04-22 18:30:00","2.0517876632e+07","3.7996936074e+04"
"2026-04-22 19:00:00","1.0070346022e+07","9.9933091259e+04"
"2026-04-22 19:30:00","1.0357483344e+07","7.1647320370e+04"
"2026-04-22 20:00:00","1.0939525476e+07","8.8220840741e+04"
"2026-04-22 20:30:00","1.5075821409e+07","5.6226091556e+04"
"2026-04-22 21:00:00","1.2546372415e+07","1.0240681515e+05"
"2026-04-22 21:30:00","1.6386972736e+07","7.4594081815e+04"
"2026-04-22 22:00:00","1.1125776594e+07","8.5157777481e+04"
"2026-04-22 22:30:00","1.1720393813e+07","2.2655915704e+04"
"2026-04-22 23:00:00","1.6774677820e+07","2.7933888728e+04"
"2026-04-22 23:30:00","1.2180594481e+07","1.2851134457e+04"
"2026-04-23 00:00:00","1.1768418793e+07","1.2845936519e+04"
"2026-04-23 00:30:00","6.5697541489e+06","1.6306961266e+04"
"2026-04-23 01:00:00","6.1395773704e+06","1.3039578809e+04"
"2026-04-23 01:30:00","5.1167365399e+06","1.2828732741e+04"
"2026-04-23 02:00:00","5.7815843406e+06","1.3123452963e+04"
"2026-04-23 02:30:00","2.2046736690e+06","1.2982418667e+04"
"2026-04-23 03:00:00","1.6589822671e+06","1.2907308148e+04"
"2026-04-23 03:30:00","3.8325327969e+06","1.2866060763e+04"
"2026-04-23 04:00:00","1.8544782931e+06","1.2848787163e+04"
"2026-04-23 04:30:00","2.2639565717e+06","1.2927107481e+04"
"2026-04-23 05:00:00","2.8991878639e+06","1.2863268889e+04"
"2026-04-23 05:30:00","1.4608808506e+06","1.3034507407e+04"
"2026-04-23 06:00:00","4.5125108142e+06","1.2923731259e+04"
"2026-04-23 06:30:00","1.5444011502e+06","1.3154257037e+04"
"2026-04-23 07:00:00","2.8016013394e+06","1.3099748074e+04"
"2026-04-23 07:30:00","2.4494404923e+06","1.2929503047e+04"
"2026-04-23 08:00:00","5.6757320334e+06","1.2973142057e+04"
"2026-04-23 08:30:00","3.8414788947e+06","1.2978703118e+04"
"2026-04-23 09:00:00","4.7519990210e+06","1.8195478215e+04"
"2026-04-23 09:30:00","4.9165991971e+06","6.3627719699e+04"
"2026-04-23 10:00:00","7.3989093444e+06","1.0174245875e+05"
"2026-04-23 10:30:00","4.6465314779e+06","3.7015771303e+04"
"2026-04-23 11:00:00","6.8660926539e+06","9.8354489808e+04"
"2026-04-23 11:30:00","8.3853130252e+06","3.4827291209e+04"
"2026-04-23 12:00:00","4.1233523305e+06","8.5153699917e+04"
"2026-04-23 12:30:00","3.8795929056e+06","1.0518827078e+05"
"2026-04-23 13:00:00","4.6328678938e+06","3.9427522517e+04"
"2026-04-23 13:30:00","5.8684125190e+06","1.2136878936e+05"
"2026-04-23 14:00:00","4.0227452856e+06","1.2704715911e+05"
"2026-04-23 14:30:00","4.6191431761e+06","7.1679127111e+04"
"2026-04-23 15:00:00","5.0151032957e+06","4.0970730251e+04"
"2026-04-23 15:30:00","5.8989113003e+06","3.3994756503e+04"
"2026-04-23 16:00:00","6.5366556883e+06","4.8836156950e+04"
"2026-04-23 16:30:00","4.3941850804e+06","3.5308548519e+04"
"2026-04-23 17:00:00","2.2155647764e+07","8.8714453556e+04"
"2026-04-23 17:30:00","7.3817975936e+06","3.7148207556e+04"
"2026-04-23 18:00:00","6.1799764666e+06","4.8602276963e+04"
"2026-04-23 18:30:00","5.2682684760e+06","7.3309780837e+04"
"2026-04-23 19:00:00","4.8716014870e+06","5.3121270644e+04"
"2026-04-23 19:30:00","6.2272449446e+06","4.0308686834e+04"
"2026-04-23 20:00:00","4.5587743421e+06","9.1476191832e+04"
"2026-04-23 20:30:00","5.7399767982e+06","7.0747799407e+04"
"2026-04-23 21:00:00","1.0522298449e+07","3.8901371602e+04"
"2026-04-23 21:30:00","1.2487893351e+07","3.4663453770e+04"
"2026-04-23 22:00:00","1.1445441484e+07","9.8182694183e+04"
"2026-04-23 22:30:00","2.3330932048e+07","1.8411361600e+05"
"2026-04-23 23:00:00","1.6913667935e+07","2.5448455645e+04"
"2026-04-23 23:30:00","2.1185340167e+07","2.5747516503e+04"
"2026-04-24 00:00:00","1.5377729956e+07","1.3178956083e+04"
"2026-04-24 00:30:00","1.1393455793e+07","1.3071841356e+04"
"2026-04-24 01:00:00","5.6944556806e+06","1.3320911714e+04"
"2026-04-24 01:30:00","7.2850051742e+06","1.3080993588e+04"
"2026-04-24 02:00:00","2.5190135350e+06","1.3179129852e+04"
"2026-04-24 02:30:00","2.4756393658e+06","1.2901494741e+04"
"2026-04-24 03:00:00","2.8777021772e+06","1.2944504815e+04"
"2026-04-24 03:30:00","1.7711417959e+06","1.2882702593e+04"
"2026-04-24 04:00:00","2.8114928655e+06","1.2887564092e+04"
"2026-04-24 04:30:00","1.1355563054e+06","1.3230308672e+04"
"2026-04-24 05:00:00","2.3917186820e+06","1.2854067458e+04"
"2026-04-24 05:30:00","2.1789150896e+06","1.2802636148e+04"
"2026-04-24 06:00:00","2.7515820946e+06","1.2872668998e+04"
"2026-04-24 06:30:00","1.2208848577e+06","1.2919297668e+04"
"2026-04-24 07:00:00","1.9169661112e+06","1.2935362074e+04"
"2026-04-24 07:30:00","5.0355304390e+06","1.3007603852e+04"
"2026-04-24 08:00:00","7.7542117831e+06","1.2886615111e+04"
"2026-04-24 08:30:00","2.1614050443e+07","1.2966013333e+04"
"2026-04-24 09:00:00","1.9835135775e+07","2.5663974481e+04"
"2026-04-24 09:30:00","2.3965414058e+07","1.7895998681e+05"
"2026-04-24 10:00:00","2.3341244998e+07","1.3104689019e+05"
"2026-04-24 10:30:00","2.2280210647e+07","1.8798566348e+05"
"2026-04-24 11:00:00","2.6397458113e+07","1.6523656319e+05"
"2026-04-24 11:30:00","2.0684031629e+07","1.3279377535e+05"
"2026-04-24 12:00:00","2.3300665293e+07","1.1101638629e+05"
"2026-04-24 12:30:00","2.4120882529e+07","1.5296574295e+05"
"2026-04-24 13:00:00","2.2165274791e+07","1.0645602630e+05"
"2026-04-24 13:30:00","2.1629679783e+07","2.5523866468e+05"
"2026-04-24 14:00:00","2.1934394528e+07","7.7337224044e+04"
"2026-04-24 14:30:00","2.1073397533e+07","5.2699433795e+04"
"2026-04-24 15:00:00","2.2990207100e+07","5.7059335896e+04"
"2026-04-24 15:30:00","2.4116031244e+07","1.8135349438e+04"
"2026-04-24 16:00:00","2.4487268779e+07","2.7612690963e+04"
"2026-04-24 16:30:00","2.1590101989e+07","7.4225529153e+04"
"2026-04-24 17:00:00","2.4209910105e+07","5.3898583525e+04"
"2026-04-24 17:30:00","2.1879237699e+07","8.1910966878e+04"
"2026-04-24 18:00:00","2.5332923655e+07","4.3535314832e+04"
"2026-04-24 18:30:00","2.6456527652e+07","5.4853435464e+04"
"2026-04-24 19:00:00","2.3318897326e+07","4.1240451542e+04"
"2026-04-24 19:30:00","2.5157438272e+07","9.6183087910e+04"
"2026-04-24 20:00:00","2.6336613836e+07","3.4403272846e+04"
"2026-04-24 20:30:00","1.9205082279e+07","4.1477953595e+04"
"2026-04-24 21:00:00","9.8180397140e+06","5.9944304331e+04"
"2026-04-24 21:30:00","1.0164840098e+07","1.9102126517e+04"
"2026-04-24 22:00:00","1.1275666788e+07","1.3370006593e+04"
"2026-04-24 22:30:00","1.0610662127e+07","9.8961768434e+04"
"2026-04-24 23:00:00","1.1483549393e+07","1.2661867120e+05"
"2026-04-24 23:30:00","2.0258679297e+07","2.3677133542e+04"
"2026-04-25 00:00:00","8.7521041515e+06","1.2962614946e+04"
"2026-04-25 00:30:00","9.2365508955e+06","1.5990376240e+04"
"2026-04-25 01:00:00","7.2196107659e+06","1.2978149041e+04"
"2026-04-25 01:30:00","7.4614296219e+06","1.2866127494e+04"
"2026-04-25 02:00:00","4.1886279745e+06","1.2872239101e+04"
"2026-04-25 02:30:00","3.3783992695e+06","1.3184001183e+04"
"2026-04-25 03:00:00","3.4153345869e+06","1.2836457407e+04"
"2026-04-25 03:30:00","2.8903745905e+06","1.2860083926e+04"
"2026-04-25 04:00:00","4.4164521535e+06","1.2860529852e+04"
"2026-04-25 04:30:00","1.1595161976e+06","1.2884844148e+04"
"2026-04-25 05:00:00","4.0220962506e+06","1.2849648519e+04"
"2026-04-25 05:30:00","1.3519353717e+06","1.2845708296e+04"
"2026-04-25 06:00:00","2.5252746008e+06","1.2886559111e+04"
"2026-04-25 06:30:00","2.9836075816e+06","1.2897126222e+04"
"2026-04-25 07:00:00","1.8326423731e+06","1.2899042519e+04"
"2026-04-25 07:30:00","3.1535885335e+06","1.2844873185e+04"
"2026-04-25 08:00:00","1.6567245971e+07","1.2954528222e+04"
"2026-04-25 08:30:00","3.6937828666e+06","1.2956709852e+04"
"2026-04-25 09:00:00","5.3104839371e+06","4.1600533852e+04"
"2026-04-25 09:30:00","4.6886358830e+06","1.5112562222e+04"
"2026-04-25 10:00:00","5.6826177863e+06","2.5322037111e+04"
"2026-04-25 10:30:00","4.0850850186e+06","8.1066334519e+04"
"2026-04-25 11:00:00","9.8235985836e+06","5.7044092444e+04"
"2026-04-25 11:30:00","2.5288339325e+07","7.6719245926e+04"
"2026-04-25 12:00:00","3.8896076229e+07","8.0603254436e+04"
"2026-04-25 12:30:00","3.6334035163e+07","3.9713298157e+04"
"2026-04-25 13:00:00","3.2875393989e+07","4.7239941014e+04"
"2026-04-25 13:30:00","6.9205920013e+06","1.0085036017e+05"
"2026-04-25 14:00:00","3.6926148644e+06","4.6692437704e+04"
"2026-04-25 14:30:00","6.0177050953e+06","4.7996281037e+04"
"2026-04-25 15:00:00","7.5997538241e+06","7.6759162370e+04"
"2026-04-25 15:30:00","8.5269150638e+06","1.7145997481e+04"
"2026-04-25 16:00:00","8.8354468324e+06","1.2845634000e+04"
"2026-04-25 16:30:00","7.8838769263e+06","6.1500748370e+04"
"2026-04-25 17:00:00","1.4286732962e+07","5.4623065333e+04"
"2026-04-25 17:30:00","1.4918787917e+07","6.5603240370e+04"
"2026-04-25 18:00:00","6.6721556755e+07","7.3650581778e+04"
"2026-04-25 18:30:00","6.4523169098e+07","3.1286142741e+04"
"2026-04-25 19:00:00","9.3925364287e+06","4.5262392519e+04"
"2026-04-25 19:30:00","6.8312815838e+06","2.3366040906e+04"
"2026-04-25 20:00:00","5.5935173354e+06","1.2890451512e+04"
"2026-04-25 20:30:00","6.6714246196e+06","1.9467270249e+04"
"2026-04-25 21:00:00","6.0904519275e+06","2.4269871048e+04"
"2026-04-25 21:30:00","9.6648943257e+06","4.4701292000e+04"
"2026-04-25 22:00:00","1.0878463957e+07","3.3339495155e+04"
"2026-04-25 22:30:00","1.5112131625e+07","7.4251141871e+04"
"2026-04-25 23:00:00","7.6393202889e+07","2.5377176815e+04"
"2026-04-25 23:30:00","1.5808605514e+07","1.2975653846e+04"
"2026-04-26 00:00:00","1.2802282167e+07","1.2977209655e+04"
"2026-04-26 00:30:00","2.5216374502e+07","1.3187312574e+04"
"2026-04-26 01:00:00","2.4543705536e+07","1.2977710477e+04"
"2026-04-26 01:30:00","9.9940171018e+06","1.2969091004e+04"
"2026-04-26 02:00:00","1.5257019890e+07","1.2908581778e+04"
"2026-04-26 02:30:00","1.7240483900e+07","1.2946793407e+04"
"2026-04-26 03:00:00","2.2818725448e+07","1.2961569083e+04"
"2026-04-26 03:30:00","1.2712651830e+07","1.3032748843e+04"
"2026-04-26 04:00:00","9.0465532002e+06","1.2992335383e+04"
"2026-04-26 04:30:00","1.3614128830e+07","1.3258268098e+04"
"2026-04-26 05:00:00","1.6838287371e+07","1.3214830889e+04"
"2026-04-26 05:30:00","1.2141363413e+07","1.3232479407e+04"
"2026-04-26 06:00:00","1.2690985461e+07","1.3085632741e+04"
"2026-04-26 06:30:00","1.0713510725e+07","1.3025655926e+04"
"2026-04-26 07:00:00","1.2016361093e+07","1.3035047852e+04"
"2026-04-26 07:30:00","1.3812767169e+07","1.4352126222e+04"
"2026-04-26 08:00:00","1.2680272217e+07","1.3172056963e+04"
"2026-04-26 08:30:00","5.7355168240e+06","1.2998587852e+04"
"2026-04-26 09:00:00","7.0636169794e+06","1.2995831852e+04"
"2026-04-26 09:30:00","6.3630012070e+06","1.0807524430e+05"
"2026-04-26 10:00:00","6.1937458772e+06","1.2168348375e+05"
"2026-04-26 10:30:00","7.7105646277e+06","3.2780364841e+04"
"2026-04-26 11:00:00","6.5303977547e+06","2.3177369333e+04"
"2026-04-26 11:30:00","6.6125844670e+06","4.7532311926e+04"
"2026-04-26 12:00:00","6.3665758297e+06","2.6190360741e+04"
"2026-04-26 12:30:00","9.0383503111e+06","2.9890453320e+04"
"2026-04-26 13:00:00","6.4264518865e+06","2.0580417273e+04"
"2026-04-26 13:30:00","5.9900526947e+06","5.4704351398e+04"
"2026-04-26 14:00:00","8.3072714142e+06","6.4242954454e+04"
"2026-04-26 14:30:00","1.1263018828e+07","1.9162125764e+04"
"2026-04-26 15:00:00","2.4281379912e+07","2.8198789330e+04"
"2026-04-26 15:30:00","7.2993652130e+06","2.6180616874e+04"
"2026-04-26 16:00:00","1.6225284018e+07","8.3749364328e+04"
"2026-04-26 16:30:00","9.6381686981e+06","8.4816416208e+04"
"2026-04-26 17:00:00","1.6587756004e+07","1.0238844313e+05"
"2026-04-26 17:30:00","1.2797407124e+07","1.4108552652e+05"
"2026-04-26 18:00:00","2.5985812228e+07","1.4931296230e+05"
"2026-04-26 18:30:00","8.7387001888e+06","1.3101667843e+04"
"2026-04-26 19:00:00","9.0540210514e+06","1.3023505259e+04"
"2026-04-26 19:30:00","1.0528465457e+07","1.3332366767e+04"
"2026-04-26 20:00:00","1.0686002699e+07","1.4429196836e+04"
"2026-04-26 20:30:00","1.4175739842e+07","1.4353208841e+04"
"2026-04-26 21:00:00","9.2849575910e+06","1.3106144370e+04"
"2026-04-26 21:30:00","1.6288316286e+07","2.6777133116e+04"
"2026-04-26 22:00:00","1.0856078498e+07","3.6761557294e+04"
"2026-04-26 22:30:00","1.3462947191e+07","3.4798853219e+04"
"2026-04-26 23:00:00","9.7070029295e+06","1.3011108741e+04"
"2026-04-26 23:30:00","4.0445844008e+07","1.2981437333e+04"
"2026-04-27 00:00:00","4.5469062038e+07","1.3047124090e+04"
"2026-04-27 00:30:00","4.1804264723e+07","1.3041307317e+04"
"2026-04-27 01:00:00","2.7469071089e+07","1.3036365556e+04"
"2026-04-27 01:30:00","1.3414468568e+07","1.3045530296e+04"
"2026-04-27 02:00:00","6.3381183859e+06","1.3063940815e+04"
"2026-04-27 02:30:00","2.2525768101e+06","1.3029343851e+04"
"2026-04-27 03:00:00","1.1885026927e+06","1.3020169183e+04"
"2026-04-27 03:30:00","1.1332265873e+06","1.3035462744e+04"
"2026-04-27 04:00:00","7.7201805253e+05","1.3072961372e+04"
"2026-04-27 04:30:00","2.2261465077e+06","1.2984426157e+04"
"2026-04-27 05:00:00","3.5967620770e+06","1.3088988415e+04"
"2026-04-27 05:30:00","2.3713880283e+06","1.2987664746e+04"
"2026-04-27 06:00:00","2.5917636208e+06","1.3051473976e+04"
"2026-04-27 06:30:00","2.4889822883e+06","1.3082990807e+04"
"2026-04-27 07:00:00","3.0134435688e+06","1.3050744822e+04"
"2026-04-27 07:30:00","1.0483592855e+07","1.3014886000e+04"
"2026-04-27 08:00:00","1.4084552251e+07","1.4915235568e+04"
"2026-04-27 08:30:00","3.1852239197e+06","1.6289680580e+04"
"2026-04-27 09:00:00","4.9875932432e+06","6.2270117259e+04"
"2026-04-27 09:30:00","9.5814013356e+06","1.9084442467e+05"
"2026-04-27 10:00:00","4.5027881559e+06","1.3280549852e+05"
"2026-04-27 10:30:00","4.6637592147e+06","4.0181925763e+05"
"2026-04-27 11:00:00","3.7242574163e+06","2.8814256148e+05"
"2026-04-27 11:30:00","4.5374088878e+06","2.0424854591e+05"
"2026-04-27 12:00:00","5.3997355089e+06","2.3563513020e+05"
"2026-04-27 12:30:00","4.1413001382e+06","2.1309853626e+05"
"2026-04-27 13:00:00","4.5869459876e+06","2.2480132148e+05"
"2026-04-27 13:30:00","7.7678765156e+06","1.7701715074e+05"
"2026-04-27 14:00:00","4.4350977648e+06","1.2967763978e+05"
"2026-04-27 14:30:00","1.4149497834e+07","6.0916851122e+04"
"2026-04-27 15:00:00","5.2153361683e+06","1.4555186406e+05"
"2026-04-27 15:30:00","5.6018831104e+06","6.8683052826e+04"
"2026-04-27 16:00:00","2.1539046710e+07","1.1807875791e+05"
"2026-04-27 16:30:00","6.2160711692e+06","1.5826280000e+05"
"2026-04-27 17:00:00","7.4433100490e+06","9.5526659556e+04"
"2026-04-27 17:30:00","6.6326810406e+06","1.3688012215e+05"
"2026-04-27 18:00:00","NaN","NaN"
