"Title:","'ALCORT_R3_Huawei_Trunk1 - Trafico 10G Google'"
"Vertical Label:","'bits per second'"
"Start Date:","2026-04-20 17:30:00"
"End Date:","2026-04-20 17:30:00"
"Step:","1800"
"Total Rows:","337"
"Graph ID:","216"
"Host ID:","6"
""
"Date","Inbound","Outbound"
"2026-04-20 17:30:00","2.2307708755e+09","6.8860122139e+08"
"2026-04-20 18:00:00","1.8104269242e+09","6.3312905870e+08"
"2026-04-20 18:30:00","2.3895721349e+09","6.6792846900e+08"
"2026-04-20 19:00:00","2.9074535314e+09","7.0541689113e+08"
"2026-04-20 19:30:00","2.3104807723e+09","8.5759615742e+08"
"2026-04-20 20:00:00","1.5578591347e+09","6.9444024013e+08"
"2026-04-20 20:30:00","1.2045882208e+09","6.6814747215e+08"
"2026-04-20 21:00:00","1.1103651703e+09","7.1678033304e+08"
"2026-04-20 21:30:00","1.0818725442e+09","7.1087311444e+08"
"2026-04-20 22:00:00","1.0739746893e+09","7.6397558640e+08"
"2026-04-20 22:30:00","1.1176951671e+09","7.2896442589e+08"
"2026-04-20 23:00:00","1.1658138687e+09","7.7800823024e+08"
"2026-04-20 23:30:00","1.0540633863e+09","7.3408501569e+08"
"2026-04-21 00:00:00","1.0560518652e+09","8.4467598843e+08"
"2026-04-21 00:30:00","1.3538383272e+09","9.2034882844e+08"
"2026-04-21 01:00:00","1.8727141603e+09","4.9864716404e+08"
"2026-04-21 01:30:00","1.7508266054e+09","6.3112738837e+08"
"2026-04-21 02:00:00","1.5168281114e+09","6.4404426601e+08"
"2026-04-21 02:30:00","1.2894321982e+09","5.2259290484e+08"
"2026-04-21 03:00:00","1.0993189603e+09","5.0135397785e+08"
"2026-04-21 03:30:00","9.8771534432e+08","4.7773006734e+08"
"2026-04-21 04:00:00","8.8420666457e+08","4.9386789202e+08"
"2026-04-21 04:30:00","7.2486085008e+08","5.2889371343e+08"
"2026-04-21 05:00:00","6.6531417094e+08","4.4305439081e+08"
"2026-04-21 05:30:00","7.5277282724e+08","5.0518113650e+08"
"2026-04-21 06:00:00","6.4104983922e+08","5.4811939452e+08"
"2026-04-21 06:30:00","6.9288945403e+08","4.4536329335e+08"
"2026-04-21 07:00:00","7.3823386066e+08","4.8162795990e+08"
"2026-04-21 07:30:00","9.0744499821e+08","4.8519828142e+08"
"2026-04-21 08:00:00","1.1627584315e+09","5.5693399425e+08"
"2026-04-21 08:30:00","1.4732845429e+09","5.1229296081e+08"
"2026-04-21 09:00:00","1.3987776619e+09","6.1093319840e+08"
"2026-04-21 09:30:00","1.0627946927e+09","4.9168601338e+08"
"2026-04-21 10:00:00","1.0565295916e+09","4.2208035248e+08"
"2026-04-21 10:30:00","1.0789692587e+09","5.3360051008e+08"
"2026-04-21 11:00:00","1.0923461049e+09","5.4840287155e+08"
"2026-04-21 11:30:00","1.2018243915e+09","4.3541605088e+08"
"2026-04-21 12:00:00","1.2976594248e+09","5.5429653309e+08"
"2026-04-21 12:30:00","1.3605365302e+09","7.3569997951e+08"
"2026-04-21 13:00:00","1.4078445665e+09","6.5487518283e+08"
"2026-04-21 13:30:00","1.4087589924e+09","5.9942312546e+08"
"2026-04-21 14:00:00","1.5420121295e+09","5.0764208269e+08"
"2026-04-21 14:30:00","1.9242500830e+09","7.5340512732e+08"
"2026-04-21 15:00:00","2.3951499292e+09","5.6560789458e+08"
"2026-04-21 15:30:00","2.8303974785e+09","6.4388741182e+08"
"2026-04-21 16:00:00","3.7208272545e+09","6.3210764405e+08"
"2026-04-21 16:30:00","2.3498541199e+09","6.8009078304e+08"
"2026-04-21 17:00:00","1.2696366736e+09","6.8416500805e+08"
"2026-04-21 17:30:00","2.2485663923e+09","6.3919741963e+08"
"2026-04-21 18:00:00","1.8606864451e+09","6.9869529804e+08"
"2026-04-21 18:30:00","1.8245403015e+09","5.9744323305e+08"
"2026-04-21 19:00:00","1.8580538607e+09","5.6786502538e+08"
"2026-04-21 19:30:00","1.1284987831e+09","5.7487528700e+08"
"2026-04-21 20:00:00","1.1463644865e+09","5.6939766164e+08"
"2026-04-21 20:30:00","1.0653106454e+09","5.7623514006e+08"
"2026-04-21 21:00:00","9.4899355878e+08","6.0967866739e+08"
"2026-04-21 21:30:00","9.7854967448e+08","7.5928847504e+08"
"2026-04-21 22:00:00","1.0669272253e+09","8.4615738318e+08"
"2026-04-21 22:30:00","1.1882920781e+09","8.0303726548e+08"
"2026-04-21 23:00:00","1.0982553462e+09","8.5857911643e+08"
"2026-04-21 23:30:00","9.7348500538e+08","8.7767760989e+08"
"2026-04-22 00:00:00","1.0521155137e+09","9.0810737379e+08"
"2026-04-22 00:30:00","1.4867718175e+09","8.9437809903e+08"
"2026-04-22 01:00:00","1.9747159147e+09","6.8989029891e+08"
"2026-04-22 01:30:00","1.9103988831e+09","7.2979467535e+08"
"2026-04-22 02:00:00","1.6592791739e+09","6.0381012094e+08"
"2026-04-22 02:30:00","1.3553948887e+09","5.7976720869e+08"
"2026-04-22 03:00:00","1.1617744187e+09","5.0676790014e+08"
"2026-04-22 03:30:00","9.7908795997e+08","4.6402410452e+08"
"2026-04-22 04:00:00","8.3469695383e+08","3.2981880302e+08"
"2026-04-22 04:30:00","6.6240776977e+08","4.0098369552e+08"
"2026-04-22 05:00:00","5.7874161374e+08","4.2366284714e+08"
"2026-04-22 05:30:00","5.7568532831e+08","4.8181724016e+08"
"2026-04-22 06:00:00","5.3947157925e+08","4.2875263577e+08"
"2026-04-22 06:30:00","5.7067036375e+08","3.3776849967e+08"
"2026-04-22 07:00:00","6.6769655331e+08","3.5257100782e+08"
"2026-04-22 07:30:00","8.0103968692e+08","3.8827047827e+08"
"2026-04-22 08:00:00","1.1109197397e+09","3.9046113554e+08"
"2026-04-22 08:30:00","1.4910383660e+09","5.0135503092e+08"
"2026-04-22 09:00:00","1.3640009570e+09","3.6900494974e+08"
"2026-04-22 09:30:00","1.0120355778e+09","4.7905881537e+08"
"2026-04-22 10:00:00","1.0149644180e+09","4.0766998420e+08"
"2026-04-22 10:30:00","1.0880133176e+09","4.2353441113e+08"
"2026-04-22 11:00:00","1.1501790618e+09","4.7140406631e+08"
"2026-04-22 11:30:00","1.0957583481e+09","3.9835138058e+08"
"2026-04-22 12:00:00","1.0976554715e+09","3.9783177728e+08"
"2026-04-22 12:30:00","1.2295826605e+09","4.3688314398e+08"
"2026-04-22 13:00:00","1.2938563580e+09","4.2050503881e+08"
"2026-04-22 13:30:00","1.5008093468e+09","4.2905031832e+08"
"2026-04-22 14:00:00","1.5754194921e+09","4.5662364075e+08"
"2026-04-22 14:30:00","1.9188790903e+09","5.2862065387e+08"
"2026-04-22 15:00:00","2.4513100485e+09","5.7251835533e+08"
"2026-04-22 15:30:00","3.0865230979e+09","6.1086140371e+08"
"2026-04-22 16:00:00","2.8273458932e+09","4.9852176324e+08"
"2026-04-22 16:30:00","1.1971283378e+09","5.6588664091e+08"
"2026-04-22 17:00:00","1.0779335028e+09","6.7966115591e+08"
"2026-04-22 17:30:00","1.1497808699e+09","5.9630740878e+08"
"2026-04-22 18:00:00","8.8341084550e+08","5.4399155013e+08"
"2026-04-22 18:30:00","9.2325454347e+08","5.6891705647e+08"
"2026-04-22 19:00:00","1.6564698707e+09","5.5161545602e+08"
"2026-04-22 19:30:00","2.7750060726e+09","6.0485239332e+08"
"2026-04-22 20:00:00","1.5080264160e+09","6.0135464398e+08"
"2026-04-22 20:30:00","1.0349011026e+09","6.8217035698e+08"
"2026-04-22 21:00:00","1.0637970060e+09","7.4708607383e+08"
"2026-04-22 21:30:00","9.5861995100e+08","6.9013143473e+08"
"2026-04-22 22:00:00","1.1533474997e+09","6.9487283720e+08"
"2026-04-22 22:30:00","1.3747786960e+09","8.7103916965e+08"
"2026-04-22 23:00:00","1.2361230052e+09","7.8935128361e+08"
"2026-04-22 23:30:00","9.0560004603e+08","7.6790296129e+08"
"2026-04-23 00:00:00","1.0615204168e+09","6.8932184714e+08"
"2026-04-23 00:30:00","1.6882748046e+09","6.9747230768e+08"
"2026-04-23 01:00:00","2.0972585623e+09","6.4133052860e+08"
"2026-04-23 01:30:00","2.1830791537e+09","5.2607959764e+08"
"2026-04-23 02:00:00","1.7637974234e+09","5.0830168023e+08"
"2026-04-23 02:30:00","1.3722409042e+09","3.6447724678e+08"
"2026-04-23 03:00:00","1.2172725759e+09","3.3229347355e+08"
"2026-04-23 03:30:00","1.0473142734e+09","4.5210601948e+08"
"2026-04-23 04:00:00","8.8463099023e+08","4.9633891335e+08"
"2026-04-23 04:30:00","7.4028001713e+08","4.0510901563e+08"
"2026-04-23 05:00:00","6.6256515352e+08","3.5802355705e+08"
"2026-04-23 05:30:00","5.9219887733e+08","4.1311439617e+08"
"2026-04-23 06:00:00","6.0822432409e+08","3.9518145101e+08"
"2026-04-23 06:30:00","6.2981975352e+08","4.1614390710e+08"
"2026-04-23 07:00:00","7.5048675606e+08","4.3151564551e+08"
"2026-04-23 07:30:00","9.1083887361e+08","4.1404048550e+08"
"2026-04-23 08:00:00","1.1682677807e+09","4.3737443151e+08"
"2026-04-23 08:30:00","1.5911821670e+09","5.6001767702e+08"
"2026-04-23 09:00:00","1.4397958516e+09","5.5182300848e+08"
"2026-04-23 09:30:00","1.0929408138e+09","5.1076043724e+08"
"2026-04-23 10:00:00","1.1194814266e+09","5.3774824223e+08"
"2026-04-23 10:30:00","1.1220007769e+09","5.3208263198e+08"
"2026-04-23 11:00:00","1.2933492452e+09","5.0689503370e+08"
"2026-04-23 11:30:00","1.2632737254e+09","5.2277572214e+08"
"2026-04-23 12:00:00","1.1772410329e+09","4.8365437309e+08"
"2026-04-23 12:30:00","1.3106790587e+09","4.4007492638e+08"
"2026-04-23 13:00:00","1.4104925762e+09","4.5769184179e+08"
"2026-04-23 13:30:00","1.4687723841e+09","5.9599926995e+08"
"2026-04-23 14:00:00","1.6099756374e+09","5.8719709969e+08"
"2026-04-23 14:30:00","2.0210225360e+09","4.9848984244e+08"
"2026-04-23 15:00:00","2.4741981253e+09","5.4259787576e+08"
"2026-04-23 15:30:00","2.8585974718e+09","7.4613646182e+08"
"2026-04-23 16:00:00","3.1726883751e+09","7.4002068315e+08"
"2026-04-23 16:30:00","3.1021767909e+09","7.8116294524e+08"
"2026-04-23 17:00:00","2.6319782294e+09","7.4835992776e+08"
"2026-04-23 17:30:00","2.1220382793e+09","6.8698269282e+08"
"2026-04-23 18:00:00","2.9944165012e+09","6.8545186881e+08"
"2026-04-23 18:30:00","2.5229953646e+09","7.3406560579e+08"
"2026-04-23 19:00:00","2.0791741358e+09","1.0154312148e+09"
"2026-04-23 19:30:00","3.0060653590e+09","6.0519590617e+08"
"2026-04-23 20:00:00","2.7030392033e+09","6.2933094598e+08"
"2026-04-23 20:30:00","1.2913068542e+09","7.2249460714e+08"
"2026-04-23 21:00:00","1.0546471860e+09","8.3519727677e+08"
"2026-04-23 21:30:00","1.0166419084e+09","6.9364964056e+08"
"2026-04-23 22:00:00","9.9816959876e+08","7.9097143626e+08"
"2026-04-23 22:30:00","1.0391851990e+09","7.4827846197e+08"
"2026-04-23 23:00:00","9.4894695935e+08","8.4113911372e+08"
"2026-04-23 23:30:00","9.1667606448e+08","8.4485770169e+08"
"2026-04-24 00:00:00","1.1580709095e+09","8.1890744631e+08"
"2026-04-24 00:30:00","1.8230441062e+09","6.6861584703e+08"
"2026-04-24 01:00:00","2.0252670071e+09","5.8668641900e+08"
"2026-04-24 01:30:00","2.2139969361e+09","6.1656010374e+08"
"2026-04-24 02:00:00","1.8641756716e+09","5.5407812602e+08"
"2026-04-24 02:30:00","1.4672814849e+09","5.3140179907e+08"
"2026-04-24 03:00:00","1.2081292801e+09","4.6094043370e+08"
"2026-04-24 03:30:00","1.0346219279e+09","5.9996614755e+08"
"2026-04-24 04:00:00","8.8273715695e+08","4.4899258775e+08"
"2026-04-24 04:30:00","7.6187665187e+08","4.5371879883e+08"
"2026-04-24 05:00:00","6.6023291626e+08","3.5934491698e+08"
"2026-04-24 05:30:00","5.9605692807e+08","3.6201486171e+08"
"2026-04-24 06:00:00","5.6800098018e+08","2.8869528369e+08"
"2026-04-24 06:30:00","5.8209835099e+08","2.8608316702e+08"
"2026-04-24 07:00:00","7.0344951790e+08","3.6966157730e+08"
"2026-04-24 07:30:00","8.8389492477e+08","4.4746304501e+08"
"2026-04-24 08:00:00","1.1468729051e+09","4.0478704192e+08"
"2026-04-24 08:30:00","1.4726316896e+09","5.6876499696e+08"
"2026-04-24 09:00:00","1.4262120413e+09","5.2748856935e+08"
"2026-04-24 09:30:00","1.0970279373e+09","4.6122715301e+08"
"2026-04-24 10:00:00","1.1429739654e+09","4.8879482393e+08"
"2026-04-24 10:30:00","1.1917008974e+09","5.3887261746e+08"
"2026-04-24 11:00:00","1.2351758163e+09","5.4218677636e+08"
"2026-04-24 11:30:00","1.1956216185e+09","4.9708167287e+08"
"2026-04-24 12:00:00","1.3187178730e+09","5.7161530906e+08"
"2026-04-24 12:30:00","1.5596269972e+09","5.7339133934e+08"
"2026-04-24 13:00:00","1.6292520140e+09","5.5491923831e+08"
"2026-04-24 13:30:00","1.7268997763e+09","6.5452172533e+08"
"2026-04-24 14:00:00","1.7724171736e+09","6.2408797773e+08"
"2026-04-24 14:30:00","2.1230950838e+09","6.8775160378e+08"
"2026-04-24 15:00:00","2.6644819159e+09","5.1295446424e+08"
"2026-04-24 15:30:00","3.0920867692e+09","6.6478879542e+08"
"2026-04-24 16:00:00","3.4149723141e+09","7.5038490167e+08"
"2026-04-24 16:30:00","1.5422930887e+09","6.8666858559e+08"
"2026-04-24 17:00:00","1.0060148499e+09","6.6148586949e+08"
"2026-04-24 17:30:00","9.5625547593e+08","6.3052714396e+08"
"2026-04-24 18:00:00","9.6129205973e+08","6.5509994898e+08"
"2026-04-24 18:30:00","1.6971210634e+09","7.1933994866e+08"
"2026-04-24 19:00:00","2.8804915338e+09","6.3892484889e+08"
"2026-04-24 19:30:00","1.3177175205e+09","6.5596710734e+08"
"2026-04-24 20:00:00","1.1540029228e+09","6.5150234441e+08"
"2026-04-24 20:30:00","1.2316784509e+09","6.9105825112e+08"
"2026-04-24 21:00:00","1.2580126124e+09","6.8363401717e+08"
"2026-04-24 21:30:00","1.1252914179e+09","7.1300187038e+08"
"2026-04-24 22:00:00","1.2104160648e+09","6.9186181512e+08"
"2026-04-24 22:30:00","9.7758965195e+08","8.2130583961e+08"
"2026-04-24 23:00:00","9.3516601824e+08","6.5413735439e+08"
"2026-04-24 23:30:00","9.8624718554e+08","6.3903542039e+08"
"2026-04-25 00:00:00","1.0104419248e+09","6.8086997482e+08"
"2026-04-25 00:30:00","9.8985833556e+08","7.3366254186e+08"
"2026-04-25 01:00:00","2.2384361482e+09","6.9536067831e+08"
"2026-04-25 01:30:00","2.4511792225e+09","4.8119318862e+08"
"2026-04-25 02:00:00","2.4118177200e+09","5.7836972478e+08"
"2026-04-25 02:30:00","2.0075510271e+09","5.1310881515e+08"
"2026-04-25 03:00:00","1.4036995274e+09","4.1087790832e+08"
"2026-04-25 03:30:00","1.1532291530e+09","5.2628040552e+08"
"2026-04-25 04:00:00","1.0650139958e+09","5.4497047583e+08"
"2026-04-25 04:30:00","8.2214441212e+08","5.6766213303e+08"
"2026-04-25 05:00:00","7.0528827801e+08","4.2901581174e+08"
"2026-04-25 05:30:00","6.6162208608e+08","4.1969128454e+08"
"2026-04-25 06:00:00","6.6347164982e+08","3.7301142637e+08"
"2026-04-25 06:30:00","7.1374274081e+08","4.9926225752e+08"
"2026-04-25 07:00:00","7.1867317552e+08","4.2449872323e+08"
"2026-04-25 07:30:00","7.6969011973e+08","3.9769391556e+08"
"2026-04-25 08:00:00","9.1913700292e+08","4.7319642062e+08"
"2026-04-25 08:30:00","1.1637450387e+09","4.1709486908e+08"
"2026-04-25 09:00:00","1.5880690435e+09","4.3236668506e+08"
"2026-04-25 09:30:00","2.1209630444e+09","5.0134332215e+08"
"2026-04-25 10:00:00","2.5534980756e+09","6.7252497834e+08"
"2026-04-25 10:30:00","2.7919632376e+09","6.1319102584e+08"
"2026-04-25 11:00:00","2.8418337190e+09","5.7237630329e+08"
"2026-04-25 11:30:00","2.7919578711e+09","5.5303058716e+08"
"2026-04-25 12:00:00","2.6668863808e+09","5.9312804649e+08"
"2026-04-25 12:30:00","2.7183468004e+09","5.6815190253e+08"
"2026-04-25 13:00:00","2.9402257692e+09","5.9176679296e+08"
"2026-04-25 13:30:00","3.1765680396e+09","5.9477652762e+08"
"2026-04-25 14:00:00","3.3699209439e+09","5.6522710550e+08"
"2026-04-25 14:30:00","3.7449453093e+09","6.3468886264e+08"
"2026-04-25 15:00:00","3.5062163778e+09","6.2106993516e+08"
"2026-04-25 15:30:00","3.0432354359e+09","6.2955480863e+08"
"2026-04-25 16:00:00","1.0425074401e+09","4.9721820656e+08"
"2026-04-25 16:30:00","9.0519917990e+08","6.9430452693e+08"
"2026-04-25 17:00:00","9.9215519961e+08","5.1689712041e+08"
"2026-04-25 17:30:00","1.7040436752e+09","6.3492630311e+08"
"2026-04-25 18:00:00","3.2976273718e+09","7.5160106097e+08"
"2026-04-25 18:30:00","2.7027972703e+09","7.4484312851e+08"
"2026-04-25 19:00:00","2.7349843181e+09","9.0205964450e+08"
"2026-04-25 19:30:00","2.7747517845e+09","7.6196094362e+08"
"2026-04-25 20:00:00","2.5956920004e+09","7.6080332144e+08"
"2026-04-25 20:30:00","2.3627842066e+09","8.8667818217e+08"
"2026-04-25 21:00:00","3.1830592764e+09","8.0326030903e+08"
"2026-04-25 21:30:00","3.4703930878e+09","7.8295542062e+08"
"2026-04-25 22:00:00","3.1125778660e+09","8.2404302802e+08"
"2026-04-25 22:30:00","1.4103247387e+09","7.8550664924e+08"
"2026-04-25 23:00:00","1.3911277664e+09","8.4614762924e+08"
"2026-04-25 23:30:00","1.3733124085e+09","8.5645081826e+08"
"2026-04-26 00:00:00","1.1625636373e+09","8.5264972623e+08"
"2026-04-26 00:30:00","1.8784857377e+09","8.4475587920e+08"
"2026-04-26 01:00:00","2.3392731449e+09","8.0761082035e+08"
"2026-04-26 01:30:00","2.3904482790e+09","5.2120745419e+08"
"2026-04-26 02:00:00","1.9838931868e+09","6.8246031576e+08"
"2026-04-26 02:30:00","1.8247116473e+09","7.8429906055e+08"
"2026-04-26 03:00:00","1.4393217834e+09","6.4857302527e+08"
"2026-04-26 03:30:00","1.1897732558e+09","6.4867197182e+08"
"2026-04-26 04:00:00","1.0009942454e+09","6.9398356299e+08"
"2026-04-26 04:30:00","8.6850448771e+08","5.7509796205e+08"
"2026-04-26 05:00:00","6.5227363361e+08","4.7459881023e+08"
"2026-04-26 05:30:00","5.6616911560e+08","4.6610836896e+08"
"2026-04-26 06:00:00","5.5968415376e+08","3.4060686086e+08"
"2026-04-26 06:30:00","5.4601318381e+08","4.3524229711e+08"
"2026-04-26 07:00:00","5.9218268578e+08","4.6758513779e+08"
"2026-04-26 07:30:00","5.8744272735e+08","4.6178019548e+08"
"2026-04-26 08:00:00","7.2012188690e+08","5.1002377280e+08"
"2026-04-26 08:30:00","1.0280021467e+09","5.4388385010e+08"
"2026-04-26 09:00:00","1.3511420771e+09","5.3986775282e+08"
"2026-04-26 09:30:00","1.7525424376e+09","6.1565004330e+08"
"2026-04-26 10:00:00","2.1906581835e+09","6.5646864954e+08"
"2026-04-26 10:30:00","2.4812760593e+09","7.0444999168e+08"
"2026-04-26 11:00:00","2.6575131234e+09","6.9419296999e+08"
"2026-04-26 11:30:00","2.5550812341e+09","6.4401004046e+08"
"2026-04-26 12:00:00","2.6258160452e+09","5.3325841506e+08"
"2026-04-26 12:30:00","2.8080335160e+09","5.3858447456e+08"
"2026-04-26 13:00:00","2.8883895439e+09","6.4429453408e+08"
"2026-04-26 13:30:00","3.1126376643e+09","6.8647928296e+08"
"2026-04-26 14:00:00","3.1007737120e+09","6.6094769310e+08"
"2026-04-26 14:30:00","2.7057334154e+09","5.6830389617e+08"
"2026-04-26 15:00:00","2.9703589068e+09","6.2374993643e+08"
"2026-04-26 15:30:00","3.9025094868e+09","5.5871130651e+08"
"2026-04-26 16:00:00","1.9373775959e+09","5.7022136444e+08"
"2026-04-26 16:30:00","1.2262423290e+09","6.0642592283e+08"
"2026-04-26 17:00:00","1.2966758219e+09","6.5203848394e+08"
"2026-04-26 17:30:00","1.2147323394e+09","7.5059135931e+08"
"2026-04-26 18:00:00","1.2419603104e+09","6.5711197837e+08"
"2026-04-26 18:30:00","1.3301422171e+09","7.5561704562e+08"
"2026-04-26 19:00:00","1.3544150241e+09","7.3974621230e+08"
"2026-04-26 19:30:00","1.1662195391e+09","8.3668355174e+08"
"2026-04-26 20:00:00","1.1036111653e+09","7.4188946788e+08"
"2026-04-26 20:30:00","1.1829020355e+09","7.8201386485e+08"
"2026-04-26 21:00:00","1.2250112316e+09","9.0698441092e+08"
"2026-04-26 21:30:00","1.0278588090e+09","8.7720255360e+08"
"2026-04-26 22:00:00","1.0220347372e+09","1.0292269136e+09"
"2026-04-26 22:30:00","1.0751636741e+09","8.8123098520e+08"
"2026-04-26 23:00:00","1.0041452930e+09","9.9082857478e+08"
"2026-04-26 23:30:00","1.0553012212e+09","9.6558281510e+08"
"2026-04-27 00:00:00","1.2303329965e+09","9.9668447922e+08"
"2026-04-27 00:30:00","2.1849617473e+09","8.8544690706e+08"
"2026-04-27 01:00:00","2.1538489185e+09","7.1969064028e+08"
"2026-04-27 01:30:00","1.9090434535e+09","5.1610011487e+08"
"2026-04-27 02:00:00","1.4790217793e+09","6.5358714197e+08"
"2026-04-27 02:30:00","1.2945206647e+09","6.4352249007e+08"
"2026-04-27 03:00:00","1.0371013884e+09","5.1692616542e+08"
"2026-04-27 03:30:00","7.9909513910e+08","4.9966489428e+08"
"2026-04-27 04:00:00","7.7539656633e+08","4.0833501350e+08"
"2026-04-27 04:30:00","7.0682345638e+08","3.5141719358e+08"
"2026-04-27 05:00:00","5.7771591705e+08","3.5031456095e+08"
"2026-04-27 05:30:00","6.2780141734e+08","3.2045814267e+08"
"2026-04-27 06:00:00","5.2316692732e+08","3.9015843726e+08"
"2026-04-27 06:30:00","5.0577536886e+08","2.7745576093e+08"
"2026-04-27 07:00:00","5.6765844712e+08","3.6811202399e+08"
"2026-04-27 07:30:00","7.0901318615e+08","4.0763161428e+08"
"2026-04-27 08:00:00","1.0156740512e+09","4.2940410628e+08"
"2026-04-27 08:30:00","1.3454827108e+09","4.7942300233e+08"
"2026-04-27 09:00:00","1.3843342977e+09","4.0268790004e+08"
"2026-04-27 09:30:00","9.6195818893e+08","5.5284410962e+08"
"2026-04-27 10:00:00","1.1434778716e+09","5.5549319720e+08"
"2026-04-27 10:30:00","1.1483349982e+09","5.0990372717e+08"
"2026-04-27 11:00:00","1.1774703355e+09","4.3298973628e+08"
"2026-04-27 11:30:00","1.1667470262e+09","4.7701176008e+08"
"2026-04-27 12:00:00","1.2303280501e+09","4.6223633213e+08"
"2026-04-27 12:30:00","1.3575333320e+09","4.1286761345e+08"
"2026-04-27 13:00:00","1.4964634216e+09","3.6926093723e+08"
"2026-04-27 13:30:00","1.6708902734e+09","5.3231465683e+08"
"2026-04-27 14:00:00","1.7336428362e+09","5.0496587184e+08"
"2026-04-27 14:30:00","2.0461287404e+09","5.5372943020e+08"
"2026-04-27 15:00:00","2.4930870348e+09","5.6879666018e+08"
"2026-04-27 15:30:00","3.2731776235e+09","6.8539168038e+08"
"2026-04-27 16:00:00","1.6000271550e+09","5.6979047935e+08"
"2026-04-27 16:30:00","1.1773474795e+09","5.6799873173e+08"
"2026-04-27 17:00:00","1.2099107765e+09","5.8630421449e+08"
"2026-04-27 17:30:00","NaN","NaN"
