"Title:","'ALCORT_R3_Huawei_Trunk0 - Espanix LAG [10G] Traffic'"
"Vertical Label:","'bits per second'"
"Start Date:","2026-03-27 17:00:00"
"End Date:","2026-03-27 17:00:00"
"Step:","7200"
"Total Rows:","373"
"Graph ID:","207"
"Host ID:","6"
""
"Date","Inbound","Outbound"
"2026-03-27 17:00:00","5.0920846236e+09","3.9640162373e+08"
"2026-03-27 19:00:00","5.1228914160e+09","3.5561485059e+08"
"2026-03-27 21:00:00","4.4052817355e+09","4.0266384174e+08"
"2026-03-27 23:00:00","5.0632426719e+09","6.6457808003e+08"
"2026-03-28 01:00:00","4.4472579725e+09","5.5791840859e+08"
"2026-03-28 03:00:00","2.2786100092e+09","3.4581675172e+08"
"2026-03-28 05:00:00","9.8724213574e+08","2.2775444012e+08"
"2026-03-28 07:00:00","6.9314068367e+08","2.7482736896e+08"
"2026-03-28 09:00:00","1.7321456533e+09","2.9983907909e+08"
"2026-03-28 11:00:00","2.8163840896e+09","2.9990317987e+08"
"2026-03-28 13:00:00","3.4946775500e+09","3.6492291609e+08"
"2026-03-28 15:00:00","4.0554777391e+09","3.5594926136e+08"
"2026-03-28 17:00:00","4.4073051241e+09","3.8741331580e+08"
"2026-03-28 19:00:00","4.5887033255e+09","3.9604241363e+08"
"2026-03-28 21:00:00","4.5487739368e+09","4.3615321294e+08"
"2026-03-28 23:00:00","5.6745631077e+09","5.7237938774e+08"
"2026-03-29 01:00:00","4.2326250257e+09","4.7107978186e+08"
"2026-03-29 04:00:00","2.4531528367e+09","4.6307140092e+08"
"2026-03-29 06:00:00","1.2419057888e+09","2.2847202457e+08"
"2026-03-29 08:00:00","8.7071945064e+08","1.7707480263e+08"
"2026-03-29 10:00:00","1.3600071643e+09","2.2423511851e+08"
"2026-03-29 12:00:00","2.7329911401e+09","3.7082172728e+08"
"2026-03-29 14:00:00","4.0034666093e+09","4.1985854702e+08"
"2026-03-29 16:00:00","4.1880624950e+09","3.4726789417e+08"
"2026-03-29 18:00:00","4.5885014606e+09","3.8601964439e+08"
"2026-03-29 20:00:00","4.7500500619e+09","4.2440723844e+08"
"2026-03-29 22:00:00","5.3254517509e+09","4.8178374163e+08"
"2026-03-30 00:00:00","6.2144876908e+09","5.2319350733e+08"
"2026-03-30 02:00:00","3.6279578847e+09","3.8715588428e+08"
"2026-03-30 04:00:00","1.5033910553e+09","2.8579998415e+08"
"2026-03-30 06:00:00","6.5057684240e+08","1.3948623501e+08"
"2026-03-30 08:00:00","7.6344805610e+08","4.5581368180e+08"
"2026-03-30 10:00:00","1.7014806635e+09","4.7916499680e+08"
"2026-03-30 12:00:00","2.3095119921e+09","4.5633362204e+08"
"2026-03-30 14:00:00","3.0827214067e+09","5.8172623705e+08"
"2026-03-30 16:00:00","3.8255885209e+09","5.1708312077e+08"
"2026-03-30 18:00:00","4.3803172037e+09","5.1720467796e+08"
"2026-03-30 20:00:00","4.0540829264e+09","4.7184059049e+08"
"2026-03-30 22:00:00","3.8933624369e+09","5.1368195061e+08"
"2026-03-31 00:00:00","5.3956238084e+09","7.4531701044e+08"
"2026-03-31 02:00:00","3.8123902958e+09","4.0400216851e+08"
"2026-03-31 04:00:00","1.3566688855e+09","6.0251918405e+08"
"2026-03-31 06:00:00","7.9641165699e+08","1.9281360906e+08"
"2026-03-31 08:00:00","9.9253969148e+08","3.1138450541e+08"
"2026-03-31 10:00:00","1.6895116097e+09","3.6566520263e+08"
"2026-03-31 12:00:00","2.8968923144e+09","4.2179740481e+08"
"2026-03-31 14:00:00","4.5549327386e+09","4.4721908994e+08"
"2026-03-31 16:00:00","4.5861496730e+09","4.1217435550e+08"
"2026-03-31 18:00:00","4.5852186719e+09","4.2351108382e+08"
"2026-03-31 20:00:00","4.1198476136e+09","4.0488626764e+08"
"2026-03-31 22:00:00","4.8408583702e+09","5.4718617724e+08"
"2026-04-01 00:00:00","6.3144547986e+09","6.4180824695e+08"
"2026-04-01 02:00:00","3.9265045208e+09","3.3923161774e+08"
"2026-04-01 04:00:00","1.8178573903e+09","3.2668438450e+08"
"2026-04-01 06:00:00","9.3232419681e+08","1.7558591203e+08"
"2026-04-01 08:00:00","8.8721879613e+08","5.3131665415e+08"
"2026-04-01 10:00:00","1.8172464095e+09","5.7732796963e+08"
"2026-04-01 12:00:00","4.5169628096e+09","4.2471286369e+08"
"2026-04-01 14:00:00","5.3496247735e+09","5.3282039014e+08"
"2026-04-01 16:00:00","5.9622384302e+09","6.1758883453e+08"
"2026-04-01 18:00:00","5.4702490586e+09","4.9397035149e+08"
"2026-04-01 20:00:00","5.1105079359e+09","5.0221387831e+08"
"2026-04-01 22:00:00","4.9655049470e+09","5.8000092670e+08"
"2026-04-02 00:00:00","6.1294059150e+09","5.4359372617e+08"
"2026-04-02 02:00:00","4.2351863887e+09","3.6960888508e+08"
"2026-04-02 04:00:00","2.2436333478e+09","6.4815464008e+08"
"2026-04-02 06:00:00","1.4648784083e+09","3.4516247635e+08"
"2026-04-02 08:00:00","1.1319742785e+09","4.6507663111e+08"
"2026-04-02 10:00:00","1.5971812198e+09","2.8763330341e+08"
"2026-04-02 12:00:00","3.2454969071e+09","3.7860177603e+08"
"2026-04-02 14:00:00","4.2015622732e+09","4.3170519681e+08"
"2026-04-02 16:00:00","4.5447017608e+09","4.0727736849e+08"
"2026-04-02 18:00:00","4.9406360551e+09","4.6004829087e+08"
"2026-04-02 20:00:00","4.8117311587e+09","4.6221284354e+08"
"2026-04-02 22:00:00","5.0299002149e+09","5.0692201688e+08"
"2026-04-03 00:00:00","5.3093552505e+09","4.2203651454e+08"
"2026-04-03 02:00:00","3.8011751688e+09","3.8088653461e+08"
"2026-04-03 04:00:00","1.9064338135e+09","6.7297877103e+08"
"2026-04-03 06:00:00","1.2384568837e+09","2.6407587638e+08"
"2026-04-03 08:00:00","9.0306505068e+08","2.4132137153e+08"
"2026-04-03 10:00:00","1.5427278350e+09","2.3112043975e+08"
"2026-04-03 12:00:00","3.5911953930e+09","3.0986998896e+08"
"2026-04-03 14:00:00","3.4007339299e+09","3.0700321285e+08"
"2026-04-03 16:00:00","4.0207407499e+09","3.2670668235e+08"
"2026-04-03 18:00:00","4.5001407220e+09","3.7558652843e+08"
"2026-04-03 20:00:00","3.7322476933e+09","3.7748519280e+08"
"2026-04-03 22:00:00","3.6273130880e+09","3.8636923910e+08"
"2026-04-04 00:00:00","4.7832466957e+09","5.4421855554e+08"
"2026-04-04 02:00:00","3.5057026875e+09","3.1126500890e+08"
"2026-04-04 04:00:00","1.7609932178e+09","2.3079053264e+08"
"2026-04-04 06:00:00","8.2269063143e+08","3.8374976835e+08"
"2026-04-04 08:00:00","9.0378786842e+08","2.8225711865e+08"
"2026-04-04 10:00:00","1.5444220542e+09","2.3746286041e+08"
"2026-04-04 12:00:00","2.3035434441e+09","2.7232882795e+08"
"2026-04-04 14:00:00","3.2922176839e+09","3.6533726908e+08"
"2026-04-04 16:00:00","4.1657097876e+09","3.8077360326e+08"
"2026-04-04 18:00:00","4.6477273709e+09","4.9438311259e+08"
"2026-04-04 20:00:00","4.5569874482e+09","4.4342082766e+08"
"2026-04-04 22:00:00","4.7468015397e+09","6.6728239975e+08"
"2026-04-05 00:00:00","6.3552439455e+09","6.4241906553e+08"
"2026-04-05 02:00:00","4.2198878273e+09","4.6448561299e+08"
"2026-04-05 04:00:00","2.5004884976e+09","3.6104779403e+08"
"2026-04-05 06:00:00","1.1048274094e+09","2.4155988526e+08"
"2026-04-05 08:00:00","9.1138935579e+08","3.3850574247e+08"
"2026-04-05 10:00:00","1.4055792333e+09","2.9485721399e+08"
"2026-04-05 12:00:00","2.7804641977e+09","4.0993390816e+08"
"2026-04-05 14:00:00","3.5767234389e+09","4.9488867963e+08"
"2026-04-05 16:00:00","4.2084674715e+09","5.1884744795e+08"
"2026-04-05 18:00:00","5.4388080688e+09","4.6436094839e+08"
"2026-04-05 20:00:00","4.7607845613e+09","4.3432225692e+08"
"2026-04-05 22:00:00","5.5311120952e+09","5.2566806426e+08"
"2026-04-06 00:00:00","5.3455394327e+09","5.3546404569e+08"
"2026-04-06 02:00:00","3.3878967101e+09","3.5862025920e+08"
"2026-04-06 04:00:00","1.2779449032e+09","3.0122818183e+08"
"2026-04-06 06:00:00","7.9092897202e+08","2.2454192239e+08"
"2026-04-06 08:00:00","9.3580948629e+08","2.3696316302e+08"
"2026-04-06 10:00:00","2.0272507931e+09","4.1999253670e+08"
"2026-04-06 12:00:00","2.5302573763e+09","4.3967476349e+08"
"2026-04-06 14:00:00","2.5529746740e+09","4.2412332129e+08"
"2026-04-06 16:00:00","3.4570234942e+09","4.1982958420e+08"
"2026-04-06 18:00:00","4.4447854938e+09","4.7177655604e+08"
"2026-04-06 20:00:00","4.6117682193e+09","4.8707231469e+08"
"2026-04-06 22:00:00","5.3232737365e+09","5.3246351114e+08"
"2026-04-07 00:00:00","5.5520300094e+09","6.4115101544e+08"
"2026-04-07 02:00:00","2.7517262614e+09","3.4648218429e+08"
"2026-04-07 04:00:00","1.3866079512e+09","5.1687779909e+08"
"2026-04-07 06:00:00","7.6098592601e+08","1.6275835503e+08"
"2026-04-07 08:00:00","1.0869134572e+09","3.7651005685e+08"
"2026-04-07 10:00:00","1.8554381252e+09","6.7771724288e+08"
"2026-04-07 12:00:00","1.9585920904e+09","5.3679770959e+08"
"2026-04-07 14:00:00","2.9758273676e+09","5.2196078644e+08"
"2026-04-07 16:00:00","3.7814471244e+09","4.2355507432e+08"
"2026-04-07 18:00:00","5.3825193833e+09","4.8017220906e+08"
"2026-04-07 20:00:00","4.7340747963e+09","4.3386864998e+08"
"2026-04-07 22:00:00","5.9999992701e+09","6.2977221553e+08"
"2026-04-08 00:00:00","6.6246758712e+09","6.8188067097e+08"
"2026-04-08 02:00:00","3.0459024988e+09","3.7616491895e+08"
"2026-04-08 04:00:00","1.5851017296e+09","6.0466416538e+08"
"2026-04-08 06:00:00","8.3849504196e+08","2.5064409198e+08"
"2026-04-08 08:00:00","1.1104600798e+09","1.7243833332e+08"
"2026-04-08 10:00:00","1.5836057245e+09","3.2086627468e+08"
"2026-04-08 12:00:00","1.9162401131e+09","4.7705112500e+08"
"2026-04-08 14:00:00","2.7219381915e+09","5.6175469864e+08"
"2026-04-08 16:00:00","3.3709259784e+09","4.3361445980e+08"
"2026-04-08 18:00:00","4.5913649079e+09","4.9762993103e+08"
"2026-04-08 20:00:00","3.6691001474e+09","3.8549911772e+08"
"2026-04-08 22:00:00","5.3587175395e+09","5.4676713106e+08"
"2026-04-09 00:00:00","6.4214180123e+09","6.3757857261e+08"
"2026-04-09 02:00:00","3.4570959440e+09","4.0948070538e+08"
"2026-04-09 04:00:00","1.2782426821e+09","2.9244644513e+08"
"2026-04-09 06:00:00","1.0344541927e+09","1.6747854498e+08"
"2026-04-09 08:00:00","1.2205524477e+09","2.8326239513e+08"
"2026-04-09 10:00:00","1.6193835639e+09","3.1653096096e+08"
"2026-04-09 12:00:00","1.7482198177e+09","4.9073295348e+08"
"2026-04-09 14:00:00","2.2224169796e+09","7.2872559402e+08"
"2026-04-09 16:00:00","3.2114835187e+09","5.6074607861e+08"
"2026-04-09 18:00:00","4.4980655747e+09","3.9706879935e+08"
"2026-04-09 20:00:00","3.9275302889e+09","4.3129396679e+08"
"2026-04-09 22:00:00","4.7448142632e+09","5.4292448111e+08"
"2026-04-10 00:00:00","5.3566197549e+09","6.3579991153e+08"
"2026-04-10 02:00:00","3.2142419417e+09","4.3744222963e+08"
"2026-04-10 04:00:00","1.3575012705e+09","3.3056615800e+08"
"2026-04-10 06:00:00","8.5501671086e+08","1.3793169906e+08"
"2026-04-10 08:00:00","1.1038432151e+09","4.8144000951e+08"
"2026-04-10 10:00:00","1.6012703497e+09","3.1354093213e+08"
"2026-04-10 12:00:00","1.7185101390e+09","4.2714216322e+08"
"2026-04-10 14:00:00","2.3485610256e+09","5.6246762638e+08"
"2026-04-10 16:00:00","3.1731700145e+09","3.8876611988e+08"
"2026-04-10 18:00:00","4.2492629810e+09","3.4721284271e+08"
"2026-04-10 20:00:00","3.7687110858e+09","3.4127090121e+08"
"2026-04-10 22:00:00","4.5733599735e+09","5.4501640710e+08"
"2026-04-11 00:00:00","5.8411234833e+09","9.8988416605e+08"
"2026-04-11 02:00:00","4.2218572753e+09","6.6387029674e+08"
"2026-04-11 04:00:00","2.3054063789e+09","5.4847865955e+08"
"2026-04-11 06:00:00","1.2457560624e+09","2.3948973788e+08"
"2026-04-11 08:00:00","1.1384713371e+09","3.5040525369e+08"
"2026-04-11 10:00:00","1.6181095269e+09","5.3662489410e+08"
"2026-04-11 12:00:00","2.8421602472e+09","3.8994641630e+08"
"2026-04-11 14:00:00","3.1995624021e+09","3.8204661694e+08"
"2026-04-11 16:00:00","4.3753178658e+09","3.3024264691e+08"
"2026-04-11 18:00:00","5.0575337407e+09","3.9171697492e+08"
"2026-04-11 20:00:00","4.9210708086e+09","5.9599247830e+08"
"2026-04-11 22:00:00","4.7220125981e+09","4.7060942913e+08"
"2026-04-12 00:00:00","5.6340780698e+09","5.3250156084e+08"
"2026-04-12 02:00:00","4.1060736818e+09","4.5917324058e+08"
"2026-04-12 04:00:00","1.8885907354e+09","2.5124419089e+08"
"2026-04-12 06:00:00","8.7862118551e+08","1.8778392172e+08"
"2026-04-12 08:00:00","9.1210716245e+08","2.9268044046e+08"
"2026-04-12 10:00:00","1.6768256342e+09","2.8473631280e+08"
"2026-04-12 12:00:00","3.0772436215e+09","3.9034116753e+08"
"2026-04-12 14:00:00","4.0837965122e+09","4.3452007595e+08"
"2026-04-12 16:00:00","4.4646743059e+09","5.2305398596e+08"
"2026-04-12 18:00:00","5.0207670826e+09","4.9830790158e+08"
"2026-04-12 20:00:00","4.9260139066e+09","4.6292814811e+08"
"2026-04-12 22:00:00","5.6622644754e+09","5.0174193594e+08"
"2026-04-13 00:00:00","5.6955669572e+09","5.4410564831e+08"
"2026-04-13 02:00:00","3.2262550991e+09","4.8144842853e+08"
"2026-04-13 04:00:00","1.0914092605e+09","2.3680407779e+08"
"2026-04-13 06:00:00","6.9754085381e+08","2.6676511264e+08"
"2026-04-13 08:00:00","8.7992817192e+08","2.3661250616e+08"
"2026-04-13 10:00:00","1.7222967505e+09","4.0880765973e+08"
"2026-04-13 12:00:00","1.8347316365e+09","4.7789958583e+08"
"2026-04-13 14:00:00","2.4420388143e+09","4.4145122783e+08"
"2026-04-13 16:00:00","3.5207347865e+09","4.6611176621e+08"
"2026-04-13 18:00:00","3.7651660777e+09","6.9492987227e+08"
"2026-04-13 20:00:00","3.6542873966e+09","5.0782873945e+08"
"2026-04-13 22:00:00","4.8525610720e+09","5.4724684134e+08"
"2026-04-14 00:00:00","5.3385579864e+09","6.5888427361e+08"
"2026-04-14 02:00:00","2.9616844712e+09","2.1977034177e+08"
"2026-04-14 04:00:00","1.2352418421e+09","4.3014829259e+08"
"2026-04-14 06:00:00","6.7688192240e+08","1.2771055210e+08"
"2026-04-14 08:00:00","9.4906427162e+08","3.2903383848e+08"
"2026-04-14 10:00:00","1.5910833572e+09","4.9810537062e+08"
"2026-04-14 12:00:00","1.9526602712e+09","4.8678469217e+08"
"2026-04-14 14:00:00","2.4453680600e+09","3.1801376472e+08"
"2026-04-14 16:00:00","3.3096187075e+09","3.1130199043e+08"
"2026-04-14 18:00:00","4.1759347664e+09","3.5948554097e+08"
"2026-04-14 20:00:00","4.3019578465e+09","3.5627203099e+08"
"2026-04-14 22:00:00","5.8555343933e+09","5.6865399977e+08"
"2026-04-15 00:00:00","6.6834867494e+09","6.1906009117e+08"
"2026-04-15 02:00:00","3.2341144511e+09","3.1218338121e+08"
"2026-04-15 04:00:00","1.4228756748e+09","4.2923359778e+08"
"2026-04-15 06:00:00","6.8808693769e+08","1.1417116307e+08"
"2026-04-15 08:00:00","1.1642285131e+09","1.4803235114e+08"
"2026-04-15 10:00:00","2.1418485465e+09","2.5159938915e+08"
"2026-04-15 12:00:00","1.9704261571e+09","3.7795940332e+08"
"2026-04-15 14:00:00","2.4579260620e+09","4.5708109279e+08"
"2026-04-15 16:00:00","3.6466444279e+09","3.5484513238e+08"
"2026-04-15 18:00:00","4.3513911904e+09","4.0162399653e+08"
"2026-04-15 20:00:00","3.9340911281e+09","3.9561340030e+08"
"2026-04-15 22:00:00","5.4124377470e+09","5.6453791737e+08"
"2026-04-16 00:00:00","6.4194649821e+09","6.7040155743e+08"
"2026-04-16 02:00:00","2.8509105964e+09","2.4247680660e+08"
"2026-04-16 04:00:00","1.2368629995e+09","4.2525902275e+08"
"2026-04-16 06:00:00","7.2147584870e+08","1.6234924085e+08"
"2026-04-16 08:00:00","1.2880049435e+09","1.6383746190e+08"
"2026-04-16 10:00:00","2.1265506087e+09","5.1263367567e+08"
"2026-04-16 12:00:00","2.9789679304e+09","7.4740621459e+08"
"2026-04-16 14:00:00","3.6911141927e+09","3.6846674654e+08"
"2026-04-16 16:00:00","4.9745475493e+09","4.1651650502e+08"
"2026-04-16 18:00:00","5.7428850748e+09","4.5803919444e+08"
"2026-04-16 20:00:00","5.1823248652e+09","4.9514195475e+08"
"2026-04-16 22:00:00","5.6257783178e+09","5.8098855955e+08"
"2026-04-17 00:00:00","6.0155629739e+09","6.7715304004e+08"
"2026-04-17 02:00:00","3.3918706096e+09","2.7458003909e+08"
"2026-04-17 04:00:00","1.4778874998e+09","4.3411779280e+08"
"2026-04-17 06:00:00","1.0571621220e+09","1.4038470084e+08"
"2026-04-17 08:00:00","1.3628919100e+09","3.6087925346e+08"
"2026-04-17 10:00:00","1.9354287623e+09","5.7272917835e+08"
"2026-04-17 12:00:00","1.9972892609e+09","3.3543055365e+08"
"2026-04-17 14:00:00","2.3658856127e+09","4.9545616245e+08"
"2026-04-17 16:00:00","4.1102677220e+09","4.5446316846e+08"
"2026-04-17 18:00:00","4.9583817106e+09","3.6162972825e+08"
"2026-04-17 20:00:00","4.4769940081e+09","3.4549799528e+08"
"2026-04-17 22:00:00","5.0272391388e+09","4.6063081112e+08"
"2026-04-18 00:00:00","6.0003409208e+09","5.3549730593e+08"
"2026-04-18 02:00:00","3.8959896501e+09","2.7820878913e+08"
"2026-04-18 04:00:00","1.6457105717e+09","4.9104369163e+08"
"2026-04-18 06:00:00","8.6782159348e+08","1.9933140411e+08"
"2026-04-18 08:00:00","9.3649262278e+08","3.0336651546e+08"
"2026-04-18 10:00:00","1.9037962896e+09","6.4714981180e+08"
"2026-04-18 12:00:00","3.3137308810e+09","3.4338469797e+08"
"2026-04-18 14:00:00","4.4147219371e+09","3.5191140899e+08"
"2026-04-18 16:00:00","4.5543988105e+09","3.3899353108e+08"
"2026-04-18 18:00:00","4.9094689125e+09","3.7411050939e+08"
"2026-04-18 20:00:00","4.5034744604e+09","4.6471323467e+08"
"2026-04-18 22:00:00","4.4257078355e+09","4.0683809752e+08"
"2026-04-19 00:00:00","4.9534699699e+09","4.4884378699e+08"
"2026-04-19 02:00:00","3.6867380520e+09","3.0511574736e+08"
"2026-04-19 04:00:00","2.0159643862e+09","1.8687022140e+08"
"2026-04-19 06:00:00","1.0441669403e+09","1.9009165483e+08"
"2026-04-19 08:00:00","8.7558499112e+08","1.5105890073e+08"
"2026-04-19 10:00:00","1.7222096500e+09","2.0796107716e+08"
"2026-04-19 12:00:00","3.1942012134e+09","3.7327574270e+08"
"2026-04-19 14:00:00","4.4141613462e+09","3.6518207926e+08"
"2026-04-19 16:00:00","4.6644264029e+09","4.2962317937e+08"
"2026-04-19 18:00:00","5.4178223377e+09","4.1219118448e+08"
"2026-04-19 20:00:00","5.0983129685e+09","4.2000557365e+08"
"2026-04-19 22:00:00","5.3594414774e+09","4.3261812543e+08"
"2026-04-20 00:00:00","5.6887109083e+09","4.2678365478e+08"
"2026-04-20 02:00:00","3.3679725052e+09","3.3435200708e+08"
"2026-04-20 04:00:00","1.3657968960e+09","2.1650209026e+08"
"2026-04-20 06:00:00","7.5553357061e+08","1.5914335080e+08"
"2026-04-20 08:00:00","1.0323674668e+09","1.8566484185e+08"
"2026-04-20 10:00:00","1.8055779255e+09","3.0659307789e+08"
"2026-04-20 12:00:00","2.3724530673e+09","3.8705383247e+08"
"2026-04-20 14:00:00","2.6439165353e+09","4.4448273824e+08"
"2026-04-20 16:00:00","3.0413632265e+09","3.7899512001e+08"
"2026-04-20 18:00:00","4.1806754358e+09","5.4374423873e+08"
"2026-04-20 20:00:00","3.9807925657e+09","7.0518861087e+08"
"2026-04-20 22:00:00","5.1039638206e+09","5.7515109577e+08"
"2026-04-21 00:00:00","5.8940736944e+09","7.2331018268e+08"
"2026-04-21 02:00:00","3.0063845811e+09","2.5545758222e+08"
"2026-04-21 04:00:00","1.2153026663e+09","6.0062216549e+08"
"2026-04-21 06:00:00","7.6338107251e+08","2.7364520644e+08"
"2026-04-21 08:00:00","1.1051750213e+09","1.6743224149e+08"
"2026-04-21 10:00:00","1.6583152528e+09","2.6841693996e+08"
"2026-04-21 12:00:00","2.0456726226e+09","3.6496569794e+08"
"2026-04-21 14:00:00","2.4447153434e+09","3.3309855035e+08"
"2026-04-21 16:00:00","3.6860315391e+09","3.8348766070e+08"
"2026-04-21 18:00:00","5.0215274630e+09","4.1583186709e+08"
"2026-04-21 20:00:00","4.6228123892e+09","4.1865074216e+08"
"2026-04-21 22:00:00","5.8867414446e+09","4.7901200344e+08"
"2026-04-22 00:00:00","7.2902589053e+09","6.8027528797e+08"
"2026-04-22 02:00:00","3.0461154709e+09","3.8236170927e+08"
"2026-04-22 04:00:00","1.5111573317e+09","5.1372659752e+08"
"2026-04-22 06:00:00","7.2801757542e+08","1.2105012675e+08"
"2026-04-22 08:00:00","1.0522943051e+09","1.3641597021e+08"
"2026-04-22 10:00:00","1.4737534676e+09","2.8654053749e+08"
"2026-04-22 12:00:00","1.6786755212e+09","3.3363038642e+08"
"2026-04-22 14:00:00","2.3566615750e+09","3.9184294448e+08"
"2026-04-22 16:00:00","3.8670864232e+09","3.9284088730e+08"
"2026-04-22 18:00:00","4.5188366810e+09","3.8612971283e+08"
"2026-04-22 20:00:00","3.6755731691e+09","3.5678980843e+08"
"2026-04-22 22:00:00","5.0853468040e+09","4.7445658335e+08"
"2026-04-23 00:00:00","7.1518987515e+09","7.2579251270e+08"
"2026-04-23 02:00:00","3.1478260148e+09","2.4690030147e+08"
"2026-04-23 04:00:00","1.4838862673e+09","1.9023757415e+08"
"2026-04-23 06:00:00","9.2025656408e+08","1.7765293016e+08"
"2026-04-23 08:00:00","1.2958011394e+09","1.7821072087e+08"
"2026-04-23 10:00:00","1.7183832297e+09","3.0042105537e+08"
"2026-04-23 12:00:00","2.5665551087e+09","5.3194085907e+08"
"2026-04-23 14:00:00","2.6811350733e+09","7.0120791714e+08"
"2026-04-23 16:00:00","4.1528426340e+09","4.4463479723e+08"
"2026-04-23 18:00:00","4.6802769061e+09","4.4054743508e+08"
"2026-04-23 20:00:00","4.5994655001e+09","5.5260340617e+08"
"2026-04-23 22:00:00","5.1831942107e+09","5.3468499987e+08"
"2026-04-24 00:00:00","7.0831775003e+09","6.1364920150e+08"
"2026-04-24 02:00:00","3.3927321950e+09","2.6446799880e+08"
"2026-04-24 04:00:00","1.6554496326e+09","5.2034146906e+08"
"2026-04-24 06:00:00","1.2507978067e+09","1.7004401864e+08"
"2026-04-24 08:00:00","1.4430218117e+09","3.1275724302e+08"
"2026-04-24 10:00:00","1.9754967782e+09","3.4339804245e+08"
"2026-04-24 12:00:00","2.2913258247e+09","4.7364877499e+08"
"2026-04-24 14:00:00","2.8429050621e+09","4.0183278371e+08"
"2026-04-24 16:00:00","4.7407448844e+09","3.9481673524e+08"
"2026-04-24 18:00:00","5.5545056626e+09","4.1652607712e+08"
"2026-04-24 20:00:00","4.8856069848e+09","3.8611349964e+08"
"2026-04-24 22:00:00","5.9548704205e+09","5.4169600535e+08"
"2026-04-25 00:00:00","7.2873487157e+09","7.5140051163e+08"
"2026-04-25 02:00:00","4.2768671680e+09","2.8044358834e+08"
"2026-04-25 04:00:00","1.9850919344e+09","5.5502285806e+08"
"2026-04-25 06:00:00","1.0279623561e+09","1.4669315397e+08"
"2026-04-25 08:00:00","1.0553011369e+09","1.7793353368e+08"
"2026-04-25 10:00:00","2.3158808668e+09","2.2755406453e+08"
"2026-04-25 12:00:00","3.9551786209e+09","2.9351378322e+08"
"2026-04-25 14:00:00","4.1791595561e+09","3.3710239788e+08"
"2026-04-25 16:00:00","4.8351344271e+09","4.7689112289e+08"
"2026-04-25 18:00:00","5.3170465679e+09","5.7255323978e+08"
"2026-04-25 20:00:00","5.1281279598e+09","4.6821850728e+08"
"2026-04-25 22:00:00","5.0076972010e+09","4.7905771368e+08"
"2026-04-26 00:00:00","6.9916194863e+09","5.6353463912e+08"
"2026-04-26 02:00:00","4.4952646661e+09","3.4225312454e+08"
"2026-04-26 04:00:00","1.9969084768e+09","2.4648735418e+08"
"2026-04-26 06:00:00","1.1168803779e+09","2.5573278107e+08"
"2026-04-26 08:00:00","9.4444408173e+08","1.5114249988e+08"
"2026-04-26 10:00:00","1.9335142944e+09","2.2150274204e+08"
"2026-04-26 12:00:00","3.3854919823e+09","3.9933657292e+08"
"2026-04-26 14:00:00","4.8223390289e+09","4.8563081293e+08"
"2026-04-26 16:00:00","5.4055051045e+09","4.7008258503e+08"
"2026-04-26 18:00:00","6.5396463269e+09","4.1957394893e+08"
"2026-04-26 20:00:00","5.5382647305e+09","4.2881589446e+08"
"2026-04-26 22:00:00","6.1312710909e+09","5.0890455578e+08"
"2026-04-27 00:00:00","6.8152934952e+09","4.5130759419e+08"
"2026-04-27 02:00:00","3.8700630120e+09","4.2060228656e+08"
"2026-04-27 04:00:00","1.3681661114e+09","2.3977565322e+08"
"2026-04-27 06:00:00","7.5446957944e+08","1.2446794060e+08"
"2026-04-27 08:00:00","1.1907202788e+09","2.1068557605e+08"
"2026-04-27 10:00:00","1.7020831776e+09","3.7011139536e+08"
"2026-04-27 12:00:00","2.0307311564e+09","4.3280652112e+08"
"2026-04-27 14:00:00","2.4841281079e+09","4.6730102684e+08"
"2026-04-27 16:00:00","3.8982134620e+09","4.7028272173e+08"
"2026-04-27 18:00:00","NaN","NaN"
