"Title:","'ALCORT_R3_Huawei_Trunk5.402 - Trafico 10G Lyntia EAM'"
"Vertical Label:","'bits per second'"
"Start Date:","2026-03-27 17:00:00"
"End Date:","2026-03-27 17:00:00"
"Step:","7200"
"Total Rows:","373"
"Graph ID:","305"
"Host ID:","6"
""
"Date","Inbound","Outbound"
"2026-03-27 17:00:00","1.8327649908e+08","3.0928253650e+09"
"2026-03-27 19:00:00","1.7492066433e+08","2.7350592692e+09"
"2026-03-27 21:00:00","2.0812535991e+08","3.2834459663e+09"
"2026-03-27 23:00:00","2.2298317237e+08","4.4275696591e+09"
"2026-03-28 01:00:00","1.8842914178e+08","4.1856418350e+09"
"2026-03-28 03:00:00","1.2013224887e+08","2.0732794525e+09"
"2026-03-28 05:00:00","1.9754597553e+08","9.2847565049e+08"
"2026-03-28 07:00:00","3.0868123699e+08","6.1565156023e+08"
"2026-03-28 09:00:00","8.3417389076e+07","1.3775206846e+09"
"2026-03-28 11:00:00","1.5235614963e+08","2.4839034018e+09"
"2026-03-28 13:00:00","1.9729196186e+08","2.6412923993e+09"
"2026-03-28 15:00:00","1.5685882835e+08","3.1698002943e+09"
"2026-03-28 17:00:00","2.3948594060e+08","3.4027373015e+09"
"2026-03-28 19:00:00","1.6305961881e+08","3.3347096168e+09"
"2026-03-28 21:00:00","2.0147227000e+08","3.4608099671e+09"
"2026-03-28 23:00:00","2.0771905874e+08","4.8432241967e+09"
"2026-03-29 01:00:00","1.9746017379e+08","4.2631055008e+09"
"2026-03-29 04:00:00","2.9443947681e+08","2.0393594198e+09"
"2026-03-29 06:00:00","8.9258642576e+07","8.9568910716e+08"
"2026-03-29 08:00:00","6.4010178305e+07","7.3226181402e+08"
"2026-03-29 10:00:00","8.0520705022e+07","1.4170323381e+09"
"2026-03-29 12:00:00","1.0662568151e+08","2.5003959737e+09"
"2026-03-29 14:00:00","1.3748632635e+08","2.4731367303e+09"
"2026-03-29 16:00:00","1.5437079048e+08","2.9648138753e+09"
"2026-03-29 18:00:00","1.4715670851e+08","3.4825373864e+09"
"2026-03-29 20:00:00","1.5792837928e+08","3.2560889626e+09"
"2026-03-29 22:00:00","2.3233345629e+08","4.7484947766e+09"
"2026-03-30 00:00:00","2.5877259175e+08","6.2878283042e+09"
"2026-03-30 02:00:00","1.9599501750e+08","3.9004582506e+09"
"2026-03-30 04:00:00","1.5187648639e+08","1.5289332281e+09"
"2026-03-30 06:00:00","6.7660887484e+07","6.3898603528e+08"
"2026-03-30 08:00:00","6.2807338947e+07","6.6270369714e+08"
"2026-03-30 10:00:00","1.0200102896e+08","1.5605597354e+09"
"2026-03-30 12:00:00","1.4588610306e+08","2.2948383538e+09"
"2026-03-30 14:00:00","1.5958282324e+08","2.4106108190e+09"
"2026-03-30 16:00:00","1.7813439182e+08","2.9217025594e+09"
"2026-03-30 18:00:00","1.9666067685e+08","3.2344942569e+09"
"2026-03-30 20:00:00","1.6991954944e+08","2.8082044147e+09"
"2026-03-30 22:00:00","2.2797502430e+08","3.4959698915e+09"
"2026-03-31 00:00:00","2.4271189672e+08","5.3576076256e+09"
"2026-03-31 02:00:00","1.7989728258e+08","3.6224869760e+09"
"2026-03-31 04:00:00","4.4754184804e+08","1.3203617375e+09"
"2026-03-31 06:00:00","6.4179056551e+07","7.2306660308e+08"
"2026-03-31 08:00:00","7.4521079860e+07","8.3811241825e+08"
"2026-03-31 10:00:00","9.9000675145e+07","1.5075139381e+09"
"2026-03-31 12:00:00","1.6308592004e+08","2.2944819586e+09"
"2026-03-31 14:00:00","1.8098664226e+08","2.8698080233e+09"
"2026-03-31 16:00:00","2.1004445404e+08","3.4164880286e+09"
"2026-03-31 18:00:00","1.7485590100e+08","3.1970783068e+09"
"2026-03-31 20:00:00","1.5024888527e+08","2.6810359697e+09"
"2026-03-31 22:00:00","2.0167312024e+08","3.1158290597e+09"
"2026-04-01 00:00:00","2.5029601504e+08","5.1596714912e+09"
"2026-04-01 02:00:00","1.7300620661e+08","3.5938183314e+09"
"2026-04-01 04:00:00","4.4693905253e+08","1.4509140468e+09"
"2026-04-01 06:00:00","8.0045569243e+07","6.8699164100e+08"
"2026-04-01 08:00:00","6.2374186817e+07","8.0763745786e+08"
"2026-04-01 10:00:00","1.0047199317e+08","1.5800913841e+09"
"2026-04-01 12:00:00","1.7016771760e+08","2.5622292281e+09"
"2026-04-01 14:00:00","1.5345092154e+08","3.0296238835e+09"
"2026-04-01 16:00:00","2.2646699398e+08","3.2773890860e+09"
"2026-04-01 18:00:00","1.7375764451e+08","3.1535321246e+09"
"2026-04-01 20:00:00","1.4941641712e+08","3.1477145886e+09"
"2026-04-01 22:00:00","1.6294548700e+08","3.4266560054e+09"
"2026-04-02 00:00:00","2.1831315431e+08","5.5863289661e+09"
"2026-04-02 02:00:00","1.6858657444e+08","3.9356901287e+09"
"2026-04-02 04:00:00","4.4035232648e+08","1.8087788068e+09"
"2026-04-02 06:00:00","8.3746997586e+07","8.4929149847e+08"
"2026-04-02 08:00:00","7.3190618083e+07","6.7511466799e+08"
"2026-04-02 10:00:00","9.4703182310e+07","1.5583047093e+09"
"2026-04-02 12:00:00","1.4956789558e+08","2.4763363984e+09"
"2026-04-02 14:00:00","1.2813434856e+08","2.3969695191e+09"
"2026-04-02 16:00:00","1.4168535047e+08","2.8727090168e+09"
"2026-04-02 18:00:00","1.6055851202e+08","3.1143260047e+09"
"2026-04-02 20:00:00","1.5372506756e+08","2.4955997810e+09"
"2026-04-02 22:00:00","1.7389794569e+08","3.3925250519e+09"
"2026-04-03 00:00:00","2.0613946903e+08","4.8026751642e+09"
"2026-04-03 02:00:00","1.5962479312e+08","3.8636291810e+09"
"2026-04-03 04:00:00","5.0384262280e+08","1.6614666218e+09"
"2026-04-03 06:00:00","1.7004281069e+08","9.2895441264e+08"
"2026-04-03 08:00:00","9.6124738226e+07","6.4450337196e+08"
"2026-04-03 10:00:00","1.3352073137e+08","1.3018386734e+09"
"2026-04-03 12:00:00","2.1154131767e+08","2.2420487597e+09"
"2026-04-03 14:00:00","2.1108484942e+08","2.2375086350e+09"
"2026-04-03 16:00:00","1.7897720595e+08","2.7544243984e+09"
"2026-04-03 18:00:00","1.6227737348e+08","2.9789874958e+09"
"2026-04-03 20:00:00","1.6059309715e+08","2.5937672207e+09"
"2026-04-03 22:00:00","1.7283679681e+08","3.0485917326e+09"
"2026-04-04 00:00:00","2.0781591854e+08","4.7357437260e+09"
"2026-04-04 02:00:00","1.9829863346e+08","3.7083158576e+09"
"2026-04-04 04:00:00","1.2188238778e+08","1.7034871870e+09"
"2026-04-04 06:00:00","3.6180157935e+08","7.7864470308e+08"
"2026-04-04 08:00:00","5.6929540687e+07","6.2816725760e+08"
"2026-04-04 10:00:00","1.0742999438e+08","1.3996626522e+09"
"2026-04-04 12:00:00","1.0198866467e+08","2.1811443463e+09"
"2026-04-04 14:00:00","1.2996389175e+08","2.7337856803e+09"
"2026-04-04 16:00:00","1.6492525719e+08","3.0437067386e+09"
"2026-04-04 18:00:00","2.0716774274e+08","3.4648052201e+09"
"2026-04-04 20:00:00","1.7426363704e+08","3.0492830780e+09"
"2026-04-04 22:00:00","2.2863683678e+08","3.8819447983e+09"
"2026-04-05 00:00:00","2.3446628965e+08","4.9068276851e+09"
"2026-04-05 02:00:00","1.5778123249e+08","3.9495673111e+09"
"2026-04-05 04:00:00","3.1062764577e+08","1.7582565723e+09"
"2026-04-05 06:00:00","7.6886116479e+07","8.3777605664e+08"
"2026-04-05 08:00:00","5.0937714268e+07","6.5073114316e+08"
"2026-04-05 10:00:00","7.2720343828e+07","1.2711910790e+09"
"2026-04-05 12:00:00","1.3587390748e+08","2.5195680867e+09"
"2026-04-05 14:00:00","1.2513640765e+08","2.4254630222e+09"
"2026-04-05 16:00:00","1.6007622051e+08","2.8105789439e+09"
"2026-04-05 18:00:00","2.2992879634e+08","4.5894425344e+09"
"2026-04-05 20:00:00","2.2403236397e+08","3.7648851425e+09"
"2026-04-05 22:00:00","3.0358102245e+08","4.3077192732e+09"
"2026-04-06 00:00:00","3.3369051736e+08","5.5837789645e+09"
"2026-04-06 02:00:00","2.2578711881e+08","3.7709493701e+09"
"2026-04-06 04:00:00","1.8350159695e+08","1.4249794837e+09"
"2026-04-06 06:00:00","9.5218715714e+07","7.7023575227e+08"
"2026-04-06 08:00:00","8.0928026481e+07","8.8483010085e+08"
"2026-04-06 10:00:00","1.5651854152e+08","1.9811098234e+09"
"2026-04-06 12:00:00","1.9845217824e+08","2.4842238464e+09"
"2026-04-06 14:00:00","1.9630920406e+08","2.7286274330e+09"
"2026-04-06 16:00:00","2.2856869319e+08","3.3745104018e+09"
"2026-04-06 18:00:00","2.2894611646e+08","3.6234354675e+09"
"2026-04-06 20:00:00","2.1951657866e+08","3.2752699387e+09"
"2026-04-06 22:00:00","2.6737645814e+08","4.4511550175e+09"
"2026-04-07 00:00:00","2.8425748254e+08","5.2305781234e+09"
"2026-04-07 02:00:00","1.6530792854e+08","2.7894120204e+09"
"2026-04-07 04:00:00","4.2167359499e+08","1.1244398807e+09"
"2026-04-07 06:00:00","6.1929889996e+07","6.6341646438e+08"
"2026-04-07 08:00:00","7.4840174441e+07","9.7307978269e+08"
"2026-04-07 10:00:00","1.9774357145e+08","1.4383802817e+09"
"2026-04-07 12:00:00","1.8694994875e+08","1.4568929839e+09"
"2026-04-07 14:00:00","1.5886140647e+08","1.7842690882e+09"
"2026-04-07 16:00:00","1.9193720834e+08","2.7567864705e+09"
"2026-04-07 18:00:00","2.0541829893e+08","3.8711053662e+09"
"2026-04-07 20:00:00","1.9429141207e+08","3.9153455833e+09"
"2026-04-07 22:00:00","3.3148050039e+08","4.7512106662e+09"
"2026-04-08 00:00:00","4.1587593472e+08","5.6827758037e+09"
"2026-04-08 02:00:00","1.6534534937e+08","2.8173280628e+09"
"2026-04-08 04:00:00","3.9915458083e+08","1.3075107291e+09"
"2026-04-08 06:00:00","6.3518339678e+07","7.2359368677e+08"
"2026-04-08 08:00:00","6.6985719707e+07","9.8120785553e+08"
"2026-04-08 10:00:00","1.3466924532e+08","1.5211086746e+09"
"2026-04-08 12:00:00","1.5208899424e+08","1.6508426366e+09"
"2026-04-08 14:00:00","1.4811279594e+08","1.8091476994e+09"
"2026-04-08 16:00:00","2.3894876408e+08","2.7997257424e+09"
"2026-04-08 18:00:00","2.7194000149e+08","3.0830046341e+09"
"2026-04-08 20:00:00","2.6463250258e+08","3.3494526811e+09"
"2026-04-08 22:00:00","3.4720958126e+08","4.4746318347e+09"
"2026-04-09 00:00:00","3.7084033121e+08","5.7664832117e+09"
"2026-04-09 02:00:00","2.0285205254e+08","3.3484091844e+09"
"2026-04-09 04:00:00","5.0548234439e+08","1.2881393316e+09"
"2026-04-09 06:00:00","9.2923132185e+07","7.2379966116e+08"
"2026-04-09 08:00:00","9.4018705764e+07","9.9751004979e+08"
"2026-04-09 10:00:00","1.2853314813e+08","1.3317331795e+09"
"2026-04-09 12:00:00","1.7257428876e+08","1.3629425480e+09"
"2026-04-09 14:00:00","2.2989029855e+08","1.7067586338e+09"
"2026-04-09 16:00:00","2.0528164506e+08","2.5763183526e+09"
"2026-04-09 18:00:00","1.9160383796e+08","3.0000672481e+09"
"2026-04-09 20:00:00","1.7662189500e+08","2.9654943142e+09"
"2026-04-09 22:00:00","3.2244537994e+08","4.1915879688e+09"
"2026-04-10 00:00:00","3.7106125154e+08","5.2847088205e+09"
"2026-04-10 02:00:00","1.7451649301e+08","3.0149083845e+09"
"2026-04-10 04:00:00","4.4590485752e+08","1.3334255647e+09"
"2026-04-10 06:00:00","7.8241493825e+07","6.6593659042e+08"
"2026-04-10 08:00:00","6.9723620137e+07","1.0903706761e+09"
"2026-04-10 10:00:00","1.3518180648e+08","1.4656155529e+09"
"2026-04-10 12:00:00","1.5293525125e+08","1.4748901621e+09"
"2026-04-10 14:00:00","2.9331831930e+08","1.7847993073e+09"
"2026-04-10 16:00:00","1.9247062827e+08","2.8865210189e+09"
"2026-04-10 18:00:00","2.0938939243e+08","3.1875846509e+09"
"2026-04-10 20:00:00","2.1127434697e+08","2.7436222386e+09"
"2026-04-10 22:00:00","2.4679574008e+08","3.3865036537e+09"
"2026-04-11 00:00:00","2.9153624235e+08","4.8951438291e+09"
"2026-04-11 02:00:00","2.2132621133e+08","3.4712554288e+09"
"2026-04-11 04:00:00","1.1163654316e+08","1.7224061363e+09"
"2026-04-11 06:00:00","3.8012501143e+08","8.6645526356e+08"
"2026-04-11 08:00:00","5.1423241750e+07","8.4368775170e+08"
"2026-04-11 10:00:00","1.1289050339e+08","1.6544244143e+09"
"2026-04-11 12:00:00","1.3327798872e+08","2.3939918582e+09"
"2026-04-11 14:00:00","1.9360663598e+08","2.3812421609e+09"
"2026-04-11 16:00:00","1.9976008907e+08","3.5534090914e+09"
"2026-04-11 18:00:00","2.3752413303e+08","3.6149112592e+09"
"2026-04-11 20:00:00","3.1310540379e+08","3.2943888452e+09"
"2026-04-11 22:00:00","2.5911856002e+08","4.2238748526e+09"
"2026-04-12 00:00:00","3.4592259522e+08","5.1307064919e+09"
"2026-04-12 02:00:00","2.4859153575e+08","3.8130642851e+09"
"2026-04-12 04:00:00","3.4712110856e+08","1.6507211313e+09"
"2026-04-12 06:00:00","9.1530345396e+07","8.5126893009e+08"
"2026-04-12 08:00:00","6.6131086292e+07","6.4064295928e+08"
"2026-04-12 10:00:00","1.3380098891e+08","1.4625721177e+09"
"2026-04-12 12:00:00","1.7587521415e+08","2.7420105600e+09"
"2026-04-12 14:00:00","2.3764271599e+08","3.0307385067e+09"
"2026-04-12 16:00:00","2.5627507790e+08","3.7993738789e+09"
"2026-04-12 18:00:00","3.4745661000e+08","4.4328995961e+09"
"2026-04-12 20:00:00","3.7663012424e+08","4.2937667963e+09"
"2026-04-12 22:00:00","3.3483006924e+08","4.8660245889e+09"
"2026-04-13 00:00:00","2.7827671418e+08","5.5672189525e+09"
"2026-04-13 02:00:00","1.4371066435e+08","2.8922295973e+09"
"2026-04-13 04:00:00","9.7287026520e+07","1.2187209304e+09"
"2026-04-13 06:00:00","8.5392489929e+07","6.4827286981e+08"
"2026-04-13 08:00:00","8.5211502273e+07","8.1408906721e+08"
"2026-04-13 10:00:00","1.3460427027e+08","1.4777023217e+09"
"2026-04-13 12:00:00","1.5150343998e+08","1.6406331150e+09"
"2026-04-13 14:00:00","1.7588204688e+08","2.0179493099e+09"
"2026-04-13 16:00:00","2.1672641187e+08","2.9353068391e+09"
"2026-04-13 18:00:00","4.7983010443e+08","3.2738068875e+09"
"2026-04-13 20:00:00","2.4452344372e+08","3.3488496156e+09"
"2026-04-13 22:00:00","3.1767573367e+08","4.4347978678e+09"
"2026-04-14 00:00:00","2.7011659984e+08","5.2064423078e+09"
"2026-04-14 02:00:00","1.5116530943e+08","2.5864073625e+09"
"2026-04-14 04:00:00","4.1097240585e+08","1.1574213579e+09"
"2026-04-14 06:00:00","7.7398548668e+07","6.9011079512e+08"
"2026-04-14 08:00:00","8.3350215861e+07","9.2225031759e+08"
"2026-04-14 10:00:00","1.3344157475e+08","1.4420415044e+09"
"2026-04-14 12:00:00","1.4863452922e+08","1.5832099362e+09"
"2026-04-14 14:00:00","1.8523445072e+08","1.8506431750e+09"
"2026-04-14 16:00:00","1.9681841056e+08","2.6612609533e+09"
"2026-04-14 18:00:00","2.1358163633e+08","3.1604247926e+09"
"2026-04-14 20:00:00","2.1754814100e+08","2.8663400208e+09"
"2026-04-14 22:00:00","3.2874848878e+08","4.3747769528e+09"
"2026-04-15 00:00:00","3.0678100835e+08","5.9705065762e+09"
"2026-04-15 02:00:00","1.7921780083e+08","2.9632653284e+09"
"2026-04-15 04:00:00","4.3635622222e+08","1.4767562786e+09"
"2026-04-15 06:00:00","1.3161473153e+08","8.2622682064e+08"
"2026-04-15 08:00:00","7.9676595231e+07","1.0551898695e+09"
"2026-04-15 10:00:00","2.0496322863e+08","1.7063457790e+09"
"2026-04-15 12:00:00","1.5955475755e+08","1.5915174773e+09"
"2026-04-15 14:00:00","1.3956566988e+08","1.8127536814e+09"
"2026-04-15 16:00:00","1.7997891336e+08","2.9678425780e+09"
"2026-04-15 18:00:00","2.1889662731e+08","3.3518940194e+09"
"2026-04-15 20:00:00","1.9860672448e+08","2.9623456365e+09"
"2026-04-15 22:00:00","2.8307166782e+08","4.4174420771e+09"
"2026-04-16 00:00:00","3.0363896617e+08","5.6665823465e+09"
"2026-04-16 02:00:00","1.4745373532e+08","2.8260916483e+09"
"2026-04-16 04:00:00","3.7760594632e+08","1.2197984360e+09"
"2026-04-16 06:00:00","6.5038885905e+07","6.4269881291e+08"
"2026-04-16 08:00:00","8.0556223374e+07","9.9126975494e+08"
"2026-04-16 10:00:00","1.1956576803e+08","1.5607588732e+09"
"2026-04-16 12:00:00","1.5025105682e+08","1.8488824283e+09"
"2026-04-16 14:00:00","1.5919426731e+08","2.1801426498e+09"
"2026-04-16 16:00:00","2.0120762944e+08","3.1307985294e+09"
"2026-04-16 18:00:00","2.2900521528e+08","3.5466022002e+09"
"2026-04-16 20:00:00","2.7027590304e+08","3.6814607858e+09"
"2026-04-16 22:00:00","2.9116377225e+08","4.2026534769e+09"
"2026-04-17 00:00:00","2.7467275262e+08","4.7708858513e+09"
"2026-04-17 02:00:00","1.7659829780e+08","2.7528324114e+09"
"2026-04-17 04:00:00","4.4182986803e+08","1.5749738103e+09"
"2026-04-17 06:00:00","9.4481713301e+07","6.7101205767e+08"
"2026-04-17 08:00:00","8.4173859356e+07","1.0276392676e+09"
"2026-04-17 10:00:00","1.2789549123e+08","1.6242412308e+09"
"2026-04-17 12:00:00","1.4954360776e+08","1.4366695277e+09"
"2026-04-17 14:00:00","1.5310204281e+08","1.6367044587e+09"
"2026-04-17 16:00:00","2.1075201849e+08","3.0584141407e+09"
"2026-04-17 18:00:00","2.3078110258e+08","3.3090738129e+09"
"2026-04-17 20:00:00","2.5730586606e+08","3.1572431599e+09"
"2026-04-17 22:00:00","2.9460932810e+08","3.6454895391e+09"
"2026-04-18 00:00:00","3.0008119786e+08","5.0561029577e+09"
"2026-04-18 02:00:00","1.9377786811e+08","3.5853255036e+09"
"2026-04-18 04:00:00","3.9335677082e+08","1.5459553420e+09"
"2026-04-18 06:00:00","8.1734971709e+07","8.0099193870e+08"
"2026-04-18 08:00:00","7.3411166486e+07","7.3149503790e+08"
"2026-04-18 10:00:00","1.2773158083e+08","1.7999670804e+09"
"2026-04-18 12:00:00","1.2444340661e+08","2.5600663632e+09"
"2026-04-18 14:00:00","1.3769633830e+08","2.9466855962e+09"
"2026-04-18 16:00:00","1.4349649326e+08","3.1678012818e+09"
"2026-04-18 18:00:00","1.8219145034e+08","3.4000112840e+09"
"2026-04-18 20:00:00","1.6683733714e+08","2.8168915104e+09"
"2026-04-18 22:00:00","2.0782261500e+08","3.2752015226e+09"
"2026-04-19 00:00:00","2.0838788720e+08","4.2397766116e+09"
"2026-04-19 02:00:00","1.7220000601e+08","3.7075257699e+09"
"2026-04-19 04:00:00","1.3070523410e+08","1.8207443042e+09"
"2026-04-19 06:00:00","4.1278381208e+08","7.9414543361e+08"
"2026-04-19 08:00:00","1.0887138119e+08","6.4790573064e+08"
"2026-04-19 10:00:00","1.0762823362e+08","1.6194890987e+09"
"2026-04-19 12:00:00","2.0207326242e+08","2.6098897791e+09"
"2026-04-19 14:00:00","1.5617670530e+08","2.6571918853e+09"
"2026-04-19 16:00:00","1.8265348964e+08","3.0232235559e+09"
"2026-04-19 18:00:00","1.6859553629e+08","3.4754178129e+09"
"2026-04-19 20:00:00","1.9319016413e+08","3.2887468579e+09"
"2026-04-19 22:00:00","2.0903964238e+08","4.1538693469e+09"
"2026-04-20 00:00:00","2.2803902051e+08","5.1966741790e+09"
"2026-04-20 02:00:00","1.4105792991e+08","2.8907708867e+09"
"2026-04-20 04:00:00","8.5224607621e+07","1.0684242762e+09"
"2026-04-20 06:00:00","5.4188937038e+07","5.3521728190e+08"
"2026-04-20 08:00:00","7.2854959460e+07","8.6187563882e+08"
"2026-04-20 10:00:00","1.1329334967e+08","1.5711632659e+09"
"2026-04-20 12:00:00","1.7967335905e+08","1.5781179466e+09"
"2026-04-20 14:00:00","1.4051021046e+08","1.8716024038e+09"
"2026-04-20 16:00:00","1.7415393575e+08","2.7447621440e+09"
"2026-04-20 18:00:00","1.8095383011e+08","2.8427561296e+09"
"2026-04-20 20:00:00","1.9232161979e+08","3.1818417917e+09"
"2026-04-20 22:00:00","2.3319126000e+08","3.7010999864e+09"
"2026-04-21 00:00:00","2.2218154164e+08","4.7712668603e+09"
"2026-04-21 02:00:00","1.1818467034e+08","2.6500598452e+09"
"2026-04-21 04:00:00","2.9054974462e+08","1.1219165706e+09"
"2026-04-21 06:00:00","6.3749247059e+07","7.0858553049e+08"
"2026-04-21 08:00:00","7.3445387711e+07","9.7651622267e+08"
"2026-04-21 10:00:00","1.1748950328e+08","1.5265846942e+09"
"2026-04-21 12:00:00","1.2455504020e+08","1.6597684029e+09"
"2026-04-21 14:00:00","1.3361518603e+08","1.7292842168e+09"
"2026-04-21 16:00:00","2.0762238501e+08","2.7391933295e+09"
"2026-04-21 18:00:00","1.8423848097e+08","3.1470371616e+09"
"2026-04-21 20:00:00","2.6139989993e+08","3.0178746637e+09"
"2026-04-21 22:00:00","3.1111050012e+08","4.6370620255e+09"
"2026-04-22 00:00:00","3.2218149703e+08","5.7901682494e+09"
"2026-04-22 02:00:00","1.5034094090e+08","2.5399440262e+09"
"2026-04-22 04:00:00","3.8661479346e+08","1.1447473434e+09"
"2026-04-22 06:00:00","8.3946089836e+07","5.5008623826e+08"
"2026-04-22 08:00:00","9.1120404359e+07","1.0417009471e+09"
"2026-04-22 10:00:00","1.1883916243e+08","1.5149225148e+09"
"2026-04-22 12:00:00","1.4537801382e+08","1.4128281019e+09"
"2026-04-22 14:00:00","1.8855919986e+08","1.7483240770e+09"
"2026-04-22 16:00:00","1.7397435550e+08","2.7995302131e+09"
"2026-04-22 18:00:00","2.0802677745e+08","3.0434705619e+09"
"2026-04-22 20:00:00","2.2025264406e+08","2.7821865056e+09"
"2026-04-22 22:00:00","2.7686434007e+08","3.9066866080e+09"
"2026-04-23 00:00:00","3.5518527551e+08","5.4761891220e+09"
"2026-04-23 02:00:00","1.5792222853e+08","2.8166261813e+09"
"2026-04-23 04:00:00","3.9887266743e+08","1.2210995571e+09"
"2026-04-23 06:00:00","8.5595822228e+07","5.8163475896e+08"
"2026-04-23 08:00:00","7.7924355285e+07","1.0293088965e+09"
"2026-04-23 10:00:00","1.1745611337e+08","1.3784309526e+09"
"2026-04-23 12:00:00","1.3306031652e+08","1.4603895420e+09"
"2026-04-23 14:00:00","1.5240241495e+08","1.5927542822e+09"
"2026-04-23 16:00:00","1.5661750102e+08","2.7401724248e+09"
"2026-04-23 18:00:00","2.6889171808e+08","3.1297094109e+09"
"2026-04-23 20:00:00","1.8105000153e+08","3.0946765710e+09"
"2026-04-23 22:00:00","2.0671195650e+08","3.7419405327e+09"
"2026-04-24 00:00:00","2.2036675264e+08","4.8471184887e+09"
"2026-04-24 02:00:00","1.4231240322e+08","2.7081609494e+09"
"2026-04-24 04:00:00","3.9675331853e+08","1.2514402948e+09"
"2026-04-24 06:00:00","7.8608949689e+07","6.8771397370e+08"
"2026-04-24 08:00:00","6.9947155435e+07","1.1216862531e+09"
"2026-04-24 10:00:00","1.3328219983e+08","1.6489429027e+09"
"2026-04-24 12:00:00","2.5859650312e+08","1.4677859351e+09"
"2026-04-24 14:00:00","2.1318501294e+08","1.7581986026e+09"
"2026-04-24 16:00:00","1.9569625732e+08","3.1067608962e+09"
"2026-04-24 18:00:00","2.2759685331e+08","3.3461348951e+09"
"2026-04-24 20:00:00","1.8200617968e+08","3.0790090975e+09"
"2026-04-24 22:00:00","2.0635998061e+08","3.6880771337e+09"
"2026-04-25 00:00:00","2.5412206965e+08","5.1594298799e+09"
"2026-04-25 02:00:00","1.8208189092e+08","3.4812233760e+09"
"2026-04-25 04:00:00","3.9487869526e+08","1.3520514562e+09"
"2026-04-25 06:00:00","7.6590668900e+07","6.9392552935e+08"
"2026-04-25 08:00:00","5.6676940879e+07","7.4119543318e+08"
"2026-04-25 10:00:00","9.0463137060e+07","1.7694570299e+09"
"2026-04-25 12:00:00","1.2082989485e+08","2.4337187258e+09"
"2026-04-25 14:00:00","1.4950895010e+08","2.6124893041e+09"
"2026-04-25 16:00:00","1.8038690441e+08","3.0930664455e+09"
"2026-04-25 18:00:00","2.6304351107e+08","3.6820122512e+09"
"2026-04-25 20:00:00","2.1613120384e+08","3.0012979819e+09"
"2026-04-25 22:00:00","2.2663835633e+08","3.4231220008e+09"
"2026-04-26 00:00:00","2.1669737801e+08","4.9604747366e+09"
"2026-04-26 02:00:00","1.7300836813e+08","3.4980800535e+09"
"2026-04-26 04:00:00","1.2759942097e+08","1.6226024554e+09"
"2026-04-26 06:00:00","3.7863432688e+08","7.4058872408e+08"
"2026-04-26 08:00:00","5.5232503582e+07","6.4875462995e+08"
"2026-04-26 10:00:00","8.5101703966e+07","1.6045322941e+09"
"2026-04-26 12:00:00","1.2429786569e+08","2.8422487707e+09"
"2026-04-26 14:00:00","1.5343238638e+08","3.0067284152e+09"
"2026-04-26 16:00:00","1.5519267002e+08","3.4769810052e+09"
"2026-04-26 18:00:00","1.9747752639e+08","4.2454757954e+09"
"2026-04-26 20:00:00","1.9542665890e+08","3.6768379730e+09"
"2026-04-26 22:00:00","2.4840147375e+08","4.1648576342e+09"
"2026-04-27 00:00:00","2.7027820813e+08","5.5676607752e+09"
"2026-04-27 02:00:00","1.3944340264e+08","2.8184978611e+09"
"2026-04-27 04:00:00","8.3666246956e+07","9.7004273830e+08"
"2026-04-27 06:00:00","6.4621368133e+07","5.5248641632e+08"
"2026-04-27 08:00:00","7.8643091115e+07","8.8712750361e+08"
"2026-04-27 10:00:00","1.2113643978e+08","1.4504034742e+09"
"2026-04-27 12:00:00","1.5222152073e+08","1.6606249351e+09"
"2026-04-27 14:00:00","1.7917737054e+08","1.8367132952e+09"
"2026-04-27 16:00:00","1.6012520742e+08","2.6006210914e+09"
"2026-04-27 18:00:00","NaN","NaN"
