"Title:","'ALCORT_R3_Huawei_Trunk2 - Trafico 10G Netflix 1'"
"Vertical Label:","'bits per second'"
"Start Date:","2026-04-20 17:30:00"
"End Date:","2026-04-20 17:30:00"
"Step:","1800"
"Total Rows:","337"
"Graph ID:","221"
"Host ID:","6"
""
"Date","Inbound","Outbound"
"2026-04-20 17:30:00","1.1785648974e+09","1.4515391815e+07"
"2026-04-20 18:00:00","9.6695373454e+08","1.2783408149e+07"
"2026-04-20 18:30:00","8.9263098642e+08","1.0984303101e+07"
"2026-04-20 19:00:00","8.7609733120e+08","1.0237052162e+07"
"2026-04-20 19:30:00","8.5531863803e+08","1.0433326945e+07"
"2026-04-20 20:00:00","8.0838903274e+08","1.0316491571e+07"
"2026-04-20 20:30:00","9.7911197399e+08","1.2327656470e+07"
"2026-04-20 21:00:00","1.2060721914e+09","1.5557507151e+07"
"2026-04-20 21:30:00","1.3986456714e+09","1.6566257280e+07"
"2026-04-20 22:00:00","1.8640839603e+09","2.3746057699e+07"
"2026-04-20 22:30:00","2.3180490480e+09","2.9493441844e+07"
"2026-04-20 23:00:00","2.4785798880e+09","3.2460698887e+07"
"2026-04-20 23:30:00","2.4662488453e+09","3.1640469777e+07"
"2026-04-21 00:00:00","2.1825603131e+09","2.6568399545e+07"
"2026-04-21 00:30:00","1.6945184948e+09","2.0302101789e+07"
"2026-04-21 01:00:00","1.2596211241e+09","1.4971986938e+07"
"2026-04-21 01:30:00","8.2672050265e+08","1.0209564856e+07"
"2026-04-21 02:00:00","6.9742383782e+08","8.5046298078e+06"
"2026-04-21 02:30:00","5.4175621129e+08","6.5732322617e+06"
"2026-04-21 03:00:00","4.2876136933e+08","5.9720726100e+06"
"2026-04-21 03:30:00","3.2714527940e+08","5.1142478677e+06"
"2026-04-21 04:00:00","2.2225847004e+08","3.9012819760e+06"
"2026-04-21 04:30:00","1.7100003139e+08","3.1235833305e+06"
"2026-04-21 05:00:00","1.5179584101e+08","2.4045496518e+06"
"2026-04-21 05:30:00","1.2121034655e+08","1.8505789294e+06"
"2026-04-21 06:00:00","1.1200935893e+08","1.4878231971e+06"
"2026-04-21 06:30:00","1.1532626544e+08","1.9073273420e+06"
"2026-04-21 07:00:00","1.4157265435e+08","1.9992665893e+06"
"2026-04-21 07:30:00","1.4353129541e+08","1.9658560620e+06"
"2026-04-21 08:00:00","2.4746256147e+08","2.7312965766e+06"
"2026-04-21 08:30:00","2.0938752882e+08","2.7009239261e+06"
"2026-04-21 09:00:00","2.3829815454e+08","3.0696089199e+06"
"2026-04-21 09:30:00","2.0138475492e+08","2.4652485058e+06"
"2026-04-21 10:00:00","1.8441348929e+08","2.3439563108e+06"
"2026-04-21 10:30:00","2.1945907800e+08","2.7409506965e+06"
"2026-04-21 11:00:00","2.4637050116e+08","3.1274329542e+06"
"2026-04-21 11:30:00","2.4303338890e+08","3.3001263914e+06"
"2026-04-21 12:00:00","3.0920631410e+08","4.2836443906e+06"
"2026-04-21 12:30:00","3.3136604672e+08","4.5846719110e+06"
"2026-04-21 13:00:00","3.5008581165e+08","5.0824845473e+06"
"2026-04-21 13:30:00","4.0378000588e+08","5.2490878861e+06"
"2026-04-21 14:00:00","4.9064334695e+08","5.8451560278e+06"
"2026-04-21 14:30:00","5.5463145738e+08","7.2279853173e+06"
"2026-04-21 15:00:00","7.2614521967e+08","9.1493901228e+06"
"2026-04-21 15:30:00","9.1107578059e+08","1.1751357204e+07"
"2026-04-21 16:00:00","1.3067485252e+09","1.6816272577e+07"
"2026-04-21 16:30:00","1.3042598999e+09","1.6914997836e+07"
"2026-04-21 17:00:00","1.2003281224e+09","1.5382724134e+07"
"2026-04-21 17:30:00","1.1447651908e+09","1.4827734253e+07"
"2026-04-21 18:00:00","1.1959745877e+09","1.5640173784e+07"
"2026-04-21 18:30:00","1.0650183168e+09","1.3375284979e+07"
"2026-04-21 19:00:00","1.0803236757e+09","1.2967610645e+07"
"2026-04-21 19:30:00","1.0017033682e+09","1.2559818098e+07"
"2026-04-21 20:00:00","1.0001344755e+09","1.2737565054e+07"
"2026-04-21 20:30:00","1.0613078442e+09","1.3520659248e+07"
"2026-04-21 21:00:00","1.2289547702e+09","1.5567800159e+07"
"2026-04-21 21:30:00","1.4849994286e+09","1.7771045168e+07"
"2026-04-21 22:00:00","1.8410367311e+09","2.2431676121e+07"
"2026-04-21 22:30:00","2.1895179587e+09","2.7282343920e+07"
"2026-04-21 23:00:00","2.5087710671e+09","3.1175695359e+07"
"2026-04-21 23:30:00","2.3068403784e+09","2.8542065005e+07"
"2026-04-22 00:00:00","2.0262850972e+09","2.6308192678e+07"
"2026-04-22 00:30:00","1.5427754889e+09","1.9283879293e+07"
"2026-04-22 01:00:00","1.1210108796e+09","1.4213728924e+07"
"2026-04-22 01:30:00","8.7894919076e+08","1.0586008534e+07"
"2026-04-22 02:00:00","6.3799940261e+08","8.3066960517e+06"
"2026-04-22 02:30:00","4.4578061521e+08","6.2811998618e+06"
"2026-04-22 03:00:00","3.6914650273e+08","5.2865636806e+06"
"2026-04-22 03:30:00","3.0747925340e+08","4.5745726166e+06"
"2026-04-22 04:00:00","2.4978961533e+08","3.6077138106e+06"
"2026-04-22 04:30:00","1.8949049682e+08","2.6165487799e+06"
"2026-04-22 05:00:00","1.5368538050e+08","2.1709374763e+06"
"2026-04-22 05:30:00","1.3613113219e+08","2.1229337851e+06"
"2026-04-22 06:00:00","1.3694861063e+08","1.9568943838e+06"
"2026-04-22 06:30:00","1.5676776166e+08","2.0557424215e+06"
"2026-04-22 07:00:00","1.3813558826e+08","1.6971270484e+06"
"2026-04-22 07:30:00","1.8820145280e+08","2.2525031595e+06"
"2026-04-22 08:00:00","2.1949812589e+08","2.6999785530e+06"
"2026-04-22 08:30:00","2.5165696322e+08","3.2525065249e+06"
"2026-04-22 09:00:00","2.1813688652e+08","2.8774151641e+06"
"2026-04-22 09:30:00","1.7663849776e+08","2.1832974739e+06"
"2026-04-22 10:00:00","2.0444294022e+08","2.5170108622e+06"
"2026-04-22 10:30:00","1.8996411679e+08","2.3186294093e+06"
"2026-04-22 11:00:00","2.3283475865e+08","2.6584754333e+06"
"2026-04-22 11:30:00","2.5925884394e+08","3.6717693959e+06"
"2026-04-22 12:00:00","2.8520398165e+08","4.1727138597e+06"
"2026-04-22 12:30:00","2.7629791834e+08","4.2193299738e+06"
"2026-04-22 13:00:00","2.7000688914e+08","4.0821672973e+06"
"2026-04-22 13:30:00","3.1285220741e+08","4.5444330518e+06"
"2026-04-22 14:00:00","4.5785844517e+08","5.8049255910e+06"
"2026-04-22 14:30:00","5.3272732299e+08","7.2646204073e+06"
"2026-04-22 15:00:00","7.5072293886e+08","9.0729778505e+06"
"2026-04-22 15:30:00","1.1462356021e+09","1.3145836604e+07"
"2026-04-22 16:00:00","1.3106543411e+09","1.4724600069e+07"
"2026-04-22 16:30:00","1.1982324135e+09","1.4071943998e+07"
"2026-04-22 17:00:00","1.0977834320e+09","1.3148948832e+07"
"2026-04-22 17:30:00","9.5960451968e+08","1.2381364656e+07"
"2026-04-22 18:00:00","9.0751309067e+08","1.1776867443e+07"
"2026-04-22 18:30:00","8.5608127175e+08","1.1576878906e+07"
"2026-04-22 19:00:00","8.2660685213e+08","1.0690638250e+07"
"2026-04-22 19:30:00","7.6809117475e+08","9.5620186728e+06"
"2026-04-22 20:00:00","7.4202683650e+08","1.0144744208e+07"
"2026-04-22 20:30:00","8.4469474150e+08","1.1427850504e+07"
"2026-04-22 21:00:00","8.5043844140e+08","1.1467387652e+07"
"2026-04-22 21:30:00","1.1464385537e+09","1.5132518090e+07"
"2026-04-22 22:00:00","1.4670181401e+09","1.9142252201e+07"
"2026-04-22 22:30:00","1.9679466337e+09","2.5001050227e+07"
"2026-04-22 23:00:00","2.2522670589e+09","2.6890253477e+07"
"2026-04-22 23:30:00","2.2532877729e+09","2.7922600177e+07"
"2026-04-23 00:00:00","1.9697339979e+09","2.5469891103e+07"
"2026-04-23 00:30:00","1.6484267348e+09","2.1051054877e+07"
"2026-04-23 01:00:00","1.2044315779e+09","1.5264413121e+07"
"2026-04-23 01:30:00","8.3218126591e+08","1.0520510236e+07"
"2026-04-23 02:00:00","6.5409483456e+08","8.9998731064e+06"
"2026-04-23 02:30:00","4.5138124649e+08","5.7756426598e+06"
"2026-04-23 03:00:00","3.2002212308e+08","4.5954477215e+06"
"2026-04-23 03:30:00","2.4331869754e+08","3.5901744317e+06"
"2026-04-23 04:00:00","1.8460015045e+08","2.6464852022e+06"
"2026-04-23 04:30:00","1.5028543024e+08","2.4039896925e+06"
"2026-04-23 05:00:00","1.6790742819e+08","2.5177191255e+06"
"2026-04-23 05:30:00","1.1712986899e+08","1.4185049661e+06"
"2026-04-23 06:00:00","7.9019864958e+07","1.0802129944e+06"
"2026-04-23 06:30:00","1.1534335361e+08","1.5410739284e+06"
"2026-04-23 07:00:00","1.0811885779e+08","1.5809513570e+06"
"2026-04-23 07:30:00","1.5827918618e+08","2.2712777981e+06"
"2026-04-23 08:00:00","1.9501452089e+08","2.7869865896e+06"
"2026-04-23 08:30:00","2.1602626912e+08","3.5752173792e+06"
"2026-04-23 09:00:00","2.3201844291e+08","2.9608000203e+06"
"2026-04-23 09:30:00","1.7946590035e+08","2.8439170358e+06"
"2026-04-23 10:00:00","2.3672413059e+08","3.2569679716e+06"
"2026-04-23 10:30:00","2.3497000564e+08","2.9331584336e+06"
"2026-04-23 11:00:00","1.9727874060e+08","2.2841360531e+06"
"2026-04-23 11:30:00","2.2343808943e+08","2.5217349812e+06"
"2026-04-23 12:00:00","2.9013819013e+08","4.1056094869e+06"
"2026-04-23 12:30:00","2.6900087731e+08","3.9815951404e+06"
"2026-04-23 13:00:00","3.1006543812e+08","3.7114205584e+06"
"2026-04-23 13:30:00","3.3480719898e+08","4.4814049210e+06"
"2026-04-23 14:00:00","3.8471484885e+08","5.0524994889e+06"
"2026-04-23 14:30:00","5.5670416359e+08","6.3616905311e+06"
"2026-04-23 15:00:00","8.0858239112e+08","8.7162281811e+06"
"2026-04-23 15:30:00","1.0751597927e+09","1.3123932887e+07"
"2026-04-23 16:00:00","1.3015543344e+09","1.7245488574e+07"
"2026-04-23 16:30:00","1.3408217881e+09","1.6630417306e+07"
"2026-04-23 17:00:00","1.2111070835e+09","1.4528643576e+07"
"2026-04-23 17:30:00","1.0847005797e+09","1.3888899495e+07"
"2026-04-23 18:00:00","9.2586355347e+08","1.2859428204e+07"
"2026-04-23 18:30:00","8.5867647005e+08","1.1314832315e+07"
"2026-04-23 19:00:00","6.8044548363e+08","8.8401246355e+06"
"2026-04-23 19:30:00","7.4091418591e+08","8.8891006905e+06"
"2026-04-23 20:00:00","9.1062586263e+08","1.1127042700e+07"
"2026-04-23 20:30:00","1.0774307320e+09","1.2679558088e+07"
"2026-04-23 21:00:00","1.1622780381e+09","1.4174191701e+07"
"2026-04-23 21:30:00","1.5494372733e+09","1.8830259248e+07"
"2026-04-23 22:00:00","1.9151199945e+09","2.3230339976e+07"
"2026-04-23 22:30:00","2.2416610235e+09","2.5659709618e+07"
"2026-04-23 23:00:00","2.3908077595e+09","2.7507532646e+07"
"2026-04-23 23:30:00","2.3926552413e+09","2.9298516873e+07"
"2026-04-24 00:00:00","2.2318373093e+09","2.7508169573e+07"
"2026-04-24 00:30:00","1.7026500384e+09","2.0945543375e+07"
"2026-04-24 01:00:00","1.2839985304e+09","1.6026978134e+07"
"2026-04-24 01:30:00","9.8499242915e+08","1.2946054764e+07"
"2026-04-24 02:00:00","7.1505534491e+08","9.5998386519e+06"
"2026-04-24 02:30:00","4.9356117343e+08","6.2468698140e+06"
"2026-04-24 03:00:00","3.4679029012e+08","4.8175524928e+06"
"2026-04-24 03:30:00","2.7093130259e+08","3.7003619562e+06"
"2026-04-24 04:00:00","2.0541334909e+08","3.0163596233e+06"
"2026-04-24 04:30:00","1.8371453045e+08","2.7412630903e+06"
"2026-04-24 05:00:00","1.2099063844e+08","1.9579380262e+06"
"2026-04-24 05:30:00","1.0021973031e+08","1.5029682089e+06"
"2026-04-24 06:00:00","1.0669387980e+08","1.4171134354e+06"
"2026-04-24 06:30:00","1.1931759882e+08","1.4792253380e+06"
"2026-04-24 07:00:00","1.1228262208e+08","1.5852860393e+06"
"2026-04-24 07:30:00","1.5184674939e+08","1.9684986686e+06"
"2026-04-24 08:00:00","2.3787848086e+08","2.7669988658e+06"
"2026-04-24 08:30:00","2.5635254232e+08","2.9795943414e+06"
"2026-04-24 09:00:00","2.6353791057e+08","3.3568277465e+06"
"2026-04-24 09:30:00","2.3228013497e+08","2.7936636615e+06"
"2026-04-24 10:00:00","2.4375575929e+08","3.0353155118e+06"
"2026-04-24 10:30:00","2.6086607384e+08","3.5237049753e+06"
"2026-04-24 11:00:00","3.0872219357e+08","3.7293699655e+06"
"2026-04-24 11:30:00","3.3459768085e+08","3.8792622305e+06"
"2026-04-24 12:00:00","3.8511115850e+08","4.6141382698e+06"
"2026-04-24 12:30:00","3.4988777447e+08","4.2627171967e+06"
"2026-04-24 13:00:00","3.9920000136e+08","4.8240481359e+06"
"2026-04-24 13:30:00","4.4999580900e+08","5.3295861459e+06"
"2026-04-24 14:00:00","5.2800814109e+08","6.9722296991e+06"
"2026-04-24 14:30:00","6.3611151164e+08","7.5433503318e+06"
"2026-04-24 15:00:00","8.3009785057e+08","9.9549687140e+06"
"2026-04-24 15:30:00","1.0207872668e+09","1.2688818416e+07"
"2026-04-24 16:00:00","1.2916614945e+09","1.6963478182e+07"
"2026-04-24 16:30:00","1.5004807175e+09","1.9834919840e+07"
"2026-04-24 17:00:00","1.4651063859e+09","1.8529698132e+07"
"2026-04-24 17:30:00","1.3150997596e+09","1.5979533826e+07"
"2026-04-24 18:00:00","1.2828243659e+09","1.5830295505e+07"
"2026-04-24 18:30:00","1.3171763958e+09","1.4150340437e+07"
"2026-04-24 19:00:00","1.0979313563e+09","1.3315960162e+07"
"2026-04-24 19:30:00","1.0481559491e+09","1.2661310123e+07"
"2026-04-24 20:00:00","1.0480690525e+09","1.3063983694e+07"
"2026-04-24 20:30:00","1.1308668947e+09","1.4458092207e+07"
"2026-04-24 21:00:00","1.0792601428e+09","1.4714697113e+07"
"2026-04-24 21:30:00","1.2264058824e+09","1.7772522049e+07"
"2026-04-24 22:00:00","1.7546656143e+09","2.2553573693e+07"
"2026-04-24 22:30:00","2.2386485721e+09","2.7209194545e+07"
"2026-04-24 23:00:00","2.6353138778e+09","3.0836677323e+07"
"2026-04-24 23:30:00","2.6567499655e+09","3.1812250199e+07"
"2026-04-25 00:00:00","2.5875240965e+09","3.1746128354e+07"
"2026-04-25 00:30:00","2.1198255781e+09","2.6283377248e+07"
"2026-04-25 01:00:00","1.7539640496e+09","2.1221367871e+07"
"2026-04-25 01:30:00","1.2894149398e+09","1.6017765865e+07"
"2026-04-25 02:00:00","1.0104305215e+09","1.2188406646e+07"
"2026-04-25 02:30:00","7.8983453627e+08","1.0179455536e+07"
"2026-04-25 03:00:00","6.2495395814e+08","7.7961132687e+06"
"2026-04-25 03:30:00","4.5214979361e+08","5.4118320004e+06"
"2026-04-25 04:00:00","3.1555083359e+08","3.8798750376e+06"
"2026-04-25 04:30:00","2.5901115991e+08","2.9672629062e+06"
"2026-04-25 05:00:00","1.9530919877e+08","2.1971195064e+06"
"2026-04-25 05:30:00","1.6908243136e+08","1.9504303132e+06"
"2026-04-25 06:00:00","1.2027773993e+08","1.3259770483e+06"
"2026-04-25 06:30:00","1.4936554707e+08","1.5536474550e+06"
"2026-04-25 07:00:00","1.4852533410e+08","1.7514820526e+06"
"2026-04-25 07:30:00","1.4864776412e+08","1.8704000684e+06"
"2026-04-25 08:00:00","1.5059928227e+08","2.2454004901e+06"
"2026-04-25 08:30:00","2.8906476767e+08","3.7432063813e+06"
"2026-04-25 09:00:00","3.5959852899e+08","4.5146006677e+06"
"2026-04-25 09:30:00","4.5553212266e+08","5.3787282376e+06"
"2026-04-25 10:00:00","4.8667822397e+08","5.8692137374e+06"
"2026-04-25 10:30:00","5.6757687124e+08","6.9591701587e+06"
"2026-04-25 11:00:00","5.5564953550e+08","6.6710679574e+06"
"2026-04-25 11:30:00","5.6806858217e+08","6.5551362190e+06"
"2026-04-25 12:00:00","4.9700506723e+08","6.1879013534e+06"
"2026-04-25 12:30:00","4.5219572637e+08","6.1618475911e+06"
"2026-04-25 13:00:00","5.3041982312e+08","6.2302409381e+06"
"2026-04-25 13:30:00","6.2531262344e+08","7.3585183194e+06"
"2026-04-25 14:00:00","6.4406334285e+08","7.3714257438e+06"
"2026-04-25 14:30:00","7.7826360131e+08","8.9612111390e+06"
"2026-04-25 15:00:00","9.8443230958e+08","1.1523715512e+07"
"2026-04-25 15:30:00","1.2665911158e+09","1.4886057023e+07"
"2026-04-25 16:00:00","1.6797577646e+09","1.8754833140e+07"
"2026-04-25 16:30:00","1.8180553389e+09","2.0819759575e+07"
"2026-04-25 17:00:00","1.7460081459e+09","1.9768324106e+07"
"2026-04-25 17:30:00","1.6714558389e+09","1.9022096780e+07"
"2026-04-25 18:00:00","1.5446721864e+09","1.7623526519e+07"
"2026-04-25 18:30:00","1.3142167105e+09","1.5398901805e+07"
"2026-04-25 19:00:00","1.2131666663e+09","1.3007645795e+07"
"2026-04-25 19:30:00","1.2437591168e+09","1.3632508338e+07"
"2026-04-25 20:00:00","1.2280875041e+09","1.3819283507e+07"
"2026-04-25 20:30:00","1.2248061017e+09","1.3588397084e+07"
"2026-04-25 21:00:00","1.2823539677e+09","1.4207595557e+07"
"2026-04-25 21:30:00","1.4533778299e+09","1.6050774631e+07"
"2026-04-25 22:00:00","1.7557526204e+09","2.0352385310e+07"
"2026-04-25 22:30:00","2.1156925736e+09","2.4311980683e+07"
"2026-04-25 23:00:00","2.5241188096e+09","2.9511218167e+07"
"2026-04-25 23:30:00","2.9788608270e+09","3.3371609628e+07"
"2026-04-26 00:00:00","2.9473095656e+09","3.2566133491e+07"
"2026-04-26 00:30:00","2.4983022766e+09","2.7459837378e+07"
"2026-04-26 01:00:00","2.0211485890e+09","2.2993812991e+07"
"2026-04-26 01:30:00","1.5011603639e+09","1.7264062694e+07"
"2026-04-26 02:00:00","1.0557868812e+09","1.3723887735e+07"
"2026-04-26 02:30:00","8.9389504402e+08","1.1707932238e+07"
"2026-04-26 03:00:00","6.5349158115e+08","9.3551715785e+06"
"2026-04-26 03:30:00","4.3750294256e+08","6.3800182848e+06"
"2026-04-26 04:00:00","3.0762127239e+08","4.7279908986e+06"
"2026-04-26 04:30:00","2.5924960863e+08","3.6694313862e+06"
"2026-04-26 05:00:00","1.9952322058e+08","3.2507999213e+06"
"2026-04-26 05:30:00","1.7834748862e+08","2.6006508822e+06"
"2026-04-26 06:00:00","1.4203045914e+08","2.0617409250e+06"
"2026-04-26 06:30:00","1.5758761229e+08","1.9297968086e+06"
"2026-04-26 07:00:00","1.6997844368e+08","2.1392656190e+06"
"2026-04-26 07:30:00","1.8608219296e+08","2.6334339008e+06"
"2026-04-26 08:00:00","1.7352904686e+08","2.4429088844e+06"
"2026-04-26 08:30:00","2.8199772930e+08","3.9102031900e+06"
"2026-04-26 09:00:00","3.8381078601e+08","4.4909863325e+06"
"2026-04-26 09:30:00","4.1847559435e+08","4.6601926517e+06"
"2026-04-26 10:00:00","4.8692755236e+08","5.9141324546e+06"
"2026-04-26 10:30:00","6.9974032735e+08","8.0027075119e+06"
"2026-04-26 11:00:00","7.3371481883e+08","9.0985961364e+06"
"2026-04-26 11:30:00","6.7511395569e+08","7.8960670130e+06"
"2026-04-26 12:00:00","6.7091621656e+08","8.0602628352e+06"
"2026-04-26 12:30:00","7.0429876134e+08","8.1954125556e+06"
"2026-04-26 13:00:00","6.4462415220e+08","8.3924425158e+06"
"2026-04-26 13:30:00","6.8763807543e+08","9.1638201462e+06"
"2026-04-26 14:00:00","7.9797562655e+08","9.7228997157e+06"
"2026-04-26 14:30:00","8.5486993933e+08","1.0481650660e+07"
"2026-04-26 15:00:00","1.0713465839e+09","1.3004944228e+07"
"2026-04-26 15:30:00","1.5801176839e+09","1.7960928280e+07"
"2026-04-26 16:00:00","1.7783714714e+09","2.0775534220e+07"
"2026-04-26 16:30:00","1.9681600058e+09","2.3236127052e+07"
"2026-04-26 17:00:00","1.9906307691e+09","2.3240461008e+07"
"2026-04-26 17:30:00","2.0734010880e+09","2.4127534128e+07"
"2026-04-26 18:00:00","1.9902999838e+09","2.3219489311e+07"
"2026-04-26 18:30:00","1.9290679838e+09","2.3484824178e+07"
"2026-04-26 19:00:00","1.7815288154e+09","2.0818854870e+07"
"2026-04-26 19:30:00","1.8295129874e+09","2.1061570564e+07"
"2026-04-26 20:00:00","1.8308491130e+09","2.0134597520e+07"
"2026-04-26 20:30:00","1.7596457153e+09","1.9257280344e+07"
"2026-04-26 21:00:00","1.8307006628e+09","2.0469381879e+07"
"2026-04-26 21:30:00","1.9964059858e+09","2.2667173386e+07"
"2026-04-26 22:00:00","2.3943508086e+09","2.8494122895e+07"
"2026-04-26 22:30:00","2.8309230151e+09","3.3604474742e+07"
"2026-04-26 23:00:00","3.0274735974e+09","3.6961530489e+07"
"2026-04-26 23:30:00","2.8793506943e+09","3.4794376270e+07"
"2026-04-27 00:00:00","2.3367241701e+09","2.8093658546e+07"
"2026-04-27 00:30:00","1.8094578288e+09","2.2501779267e+07"
"2026-04-27 01:00:00","1.3432892199e+09","1.6952765628e+07"
"2026-04-27 01:30:00","9.2603175751e+08","1.2453575474e+07"
"2026-04-27 02:00:00","7.0033451384e+08","9.6265594879e+06"
"2026-04-27 02:30:00","4.6668298787e+08","6.4403511684e+06"
"2026-04-27 03:00:00","3.3981596880e+08","4.4882199666e+06"
"2026-04-27 03:30:00","2.4908179499e+08","3.3590995872e+06"
"2026-04-27 04:00:00","2.6055308971e+08","3.3613977503e+06"
"2026-04-27 04:30:00","2.0435544330e+08","2.5923480051e+06"
"2026-04-27 05:00:00","1.4387543558e+08","1.9141401532e+06"
"2026-04-27 05:30:00","1.1125178774e+08","1.8367896208e+06"
"2026-04-27 06:00:00","9.0066380711e+07","1.2887289497e+06"
"2026-04-27 06:30:00","1.2824082464e+08","2.0239101242e+06"
"2026-04-27 07:00:00","1.6119367898e+08","2.4555720661e+06"
"2026-04-27 07:30:00","1.6992624922e+08","2.6968804341e+06"
"2026-04-27 08:00:00","1.6576853404e+08","2.7159386826e+06"
"2026-04-27 08:30:00","2.1312172023e+08","3.3762972294e+06"
"2026-04-27 09:00:00","2.0448534135e+08","2.9642864897e+06"
"2026-04-27 09:30:00","1.4347242342e+08","2.1453924445e+06"
"2026-04-27 10:00:00","1.8564820643e+08","2.6125181075e+06"
"2026-04-27 10:30:00","2.2197841905e+08","2.7989556488e+06"
"2026-04-27 11:00:00","2.6460401206e+08","2.7367138339e+06"
"2026-04-27 11:30:00","2.4299221773e+08","2.6793346856e+06"
"2026-04-27 12:00:00","2.7311590815e+08","2.8717771845e+06"
"2026-04-27 12:30:00","2.6767267441e+08","3.1886212748e+06"
"2026-04-27 13:00:00","2.8636879197e+08","3.8026887151e+06"
"2026-04-27 13:30:00","3.9898387686e+08","5.1807755702e+06"
"2026-04-27 14:00:00","4.6145617070e+08","5.7119149561e+06"
"2026-04-27 14:30:00","5.8816079177e+08","6.9368725853e+06"
"2026-04-27 15:00:00","9.0577628919e+08","9.4310821383e+06"
"2026-04-27 15:30:00","1.0995319811e+09","1.3034021013e+07"
"2026-04-27 16:00:00","1.3090994914e+09","1.5485306008e+07"
"2026-04-27 16:30:00","1.4503393933e+09","1.7636697316e+07"
"2026-04-27 17:00:00","1.3284159160e+09","1.6363149545e+07"
"2026-04-27 17:30:00","NaN","NaN"
