"Title:","'ALCORT_R3_Huawei_GE-0/4/2 - Trafico Avatel Alset'"
"Vertical Label:","'bits per second'"
"Start Date:","2026-03-27 17:00:00"
"End Date:","2026-03-27 17:00:00"
"Step:","7200"
"Total Rows:","373"
"Graph ID:","239"
"Host ID:","6"
""
"Date","Inbound","Outbound"
"2026-03-27 17:00:00","5.9142705018e+07","4.3243663904e+08"
"2026-03-27 19:00:00","5.4837702657e+07","3.8396302036e+08"
"2026-03-27 21:00:00","5.6669497491e+07","5.9940715398e+08"
"2026-03-27 23:00:00","5.1238257593e+07","5.3567024971e+08"
"2026-03-28 01:00:00","5.9191021077e+07","5.5532743797e+08"
"2026-03-28 03:00:00","3.3208220097e+07","2.4675087785e+08"
"2026-03-28 05:00:00","3.3749361622e+07","1.3822481021e+08"
"2026-03-28 07:00:00","2.4371044471e+07","9.2456209370e+07"
"2026-03-28 09:00:00","3.4782380716e+07","1.9611273819e+08"
"2026-03-28 11:00:00","6.9238924134e+07","3.2311510947e+08"
"2026-03-28 13:00:00","5.2818583185e+07","3.3229469653e+08"
"2026-03-28 15:00:00","4.3711062803e+07","3.6451736438e+08"
"2026-03-28 17:00:00","4.1292701817e+07","5.0552041400e+08"
"2026-03-28 19:00:00","5.4773904235e+07","4.5344086296e+08"
"2026-03-28 21:00:00","5.2539814606e+07","5.4303727815e+08"
"2026-03-28 23:00:00","5.0715076193e+07","6.0463109080e+08"
"2026-03-29 01:00:00","5.0149118116e+07","4.9429349019e+08"
"2026-03-29 04:00:00","5.2236990093e+07","2.5771460085e+08"
"2026-03-29 06:00:00","3.0744490293e+07","1.2943382724e+08"
"2026-03-29 08:00:00","3.0516002768e+07","9.3168666763e+07"
"2026-03-29 10:00:00","4.5609668714e+07","1.8917437254e+08"
"2026-03-29 12:00:00","5.1635359419e+07","3.4493856163e+08"
"2026-03-29 14:00:00","5.6760033983e+07","4.8918347881e+08"
"2026-03-29 16:00:00","5.9802356080e+07","6.6172393699e+08"
"2026-03-29 18:00:00","7.0869854447e+07","6.2603338941e+08"
"2026-03-29 20:00:00","5.5287248167e+07","5.6659176155e+08"
"2026-03-29 22:00:00","6.3969541199e+07","6.8558446894e+08"
"2026-03-30 00:00:00","5.1140869224e+07","7.1639249148e+08"
"2026-03-30 02:00:00","5.0097705427e+07","5.0305500319e+08"
"2026-03-30 04:00:00","2.9763471747e+07","2.1871437359e+08"
"2026-03-30 06:00:00","1.0819410763e+07","9.3329114301e+07"
"2026-03-30 08:00:00","1.1390347558e+07","7.0992858868e+07"
"2026-03-30 10:00:00","3.5218906359e+07","2.0299687061e+08"
"2026-03-30 12:00:00","4.2278875867e+07","2.7485343749e+08"
"2026-03-30 14:00:00","4.8478839493e+07","3.6951609448e+08"
"2026-03-30 16:00:00","5.2611343685e+07","4.6596031011e+08"
"2026-03-30 18:00:00","5.3418838456e+07","4.5613231662e+08"
"2026-03-30 20:00:00","5.0153296556e+07","4.2131049665e+08"
"2026-03-30 22:00:00","4.9603944810e+07","5.0296273707e+08"
"2026-03-31 00:00:00","7.0018997641e+07","7.6352510678e+08"
"2026-03-31 02:00:00","5.6840634262e+07","4.7889202292e+08"
"2026-03-31 04:00:00","3.0548847543e+07","2.2021664062e+08"
"2026-03-31 06:00:00","1.8777063752e+07","1.2489668316e+08"
"2026-03-31 08:00:00","2.5628242595e+07","1.1544044606e+08"
"2026-03-31 10:00:00","3.2251785997e+07","1.7219584787e+08"
"2026-03-31 12:00:00","4.6996146145e+07","3.1954827129e+08"
"2026-03-31 14:00:00","6.0483239964e+07","3.8095109657e+08"
"2026-03-31 16:00:00","5.1194969354e+07","4.8148463296e+08"
"2026-03-31 18:00:00","5.9189672458e+07","5.3569208715e+08"
"2026-03-31 20:00:00","5.4769083167e+07","4.7718252359e+08"
"2026-03-31 22:00:00","6.7174909208e+07","6.6237129414e+08"
"2026-04-01 00:00:00","7.0193094778e+07","8.1408840614e+08"
"2026-04-01 02:00:00","6.6158779061e+07","5.2121018766e+08"
"2026-04-01 04:00:00","3.4665294477e+07","2.2303457968e+08"
"2026-04-01 06:00:00","1.7782250925e+07","1.0185648707e+08"
"2026-04-01 08:00:00","2.3577447818e+07","9.3642476841e+07"
"2026-04-01 10:00:00","3.2388879370e+07","2.3587244741e+08"
"2026-04-01 12:00:00","5.3236847537e+07","3.9106844971e+08"
"2026-04-01 14:00:00","5.7323555601e+07","4.0535146295e+08"
"2026-04-01 16:00:00","5.6973888456e+07","5.4997358625e+08"
"2026-04-01 18:00:00","6.2320195137e+07","6.3975872269e+08"
"2026-04-01 20:00:00","5.4071151755e+07","4.9234214784e+08"
"2026-04-01 22:00:00","6.6253042296e+07","6.0169929811e+08"
"2026-04-02 00:00:00","7.0578742793e+07","7.9639601242e+08"
"2026-04-02 02:00:00","4.9548778440e+07","4.9992638146e+08"
"2026-04-02 04:00:00","3.7084668033e+07","2.6641634160e+08"
"2026-04-02 06:00:00","3.3307724186e+07","1.6578850383e+08"
"2026-04-02 08:00:00","4.4383487801e+07","1.4254687830e+08"
"2026-04-02 10:00:00","4.3538941163e+07","2.1406308275e+08"
"2026-04-02 12:00:00","4.6919283938e+07","3.2762863888e+08"
"2026-04-02 14:00:00","5.4546851008e+07","4.4827668010e+08"
"2026-04-02 16:00:00","5.5352803829e+07","5.5122256874e+08"
"2026-04-02 18:00:00","6.3277219402e+07","6.0399532174e+08"
"2026-04-02 20:00:00","5.8752131497e+07","4.5319677159e+08"
"2026-04-02 22:00:00","4.5898761805e+07","4.4377028021e+08"
"2026-04-03 00:00:00","7.0915416210e+07","5.5245517429e+08"
"2026-04-03 02:00:00","6.6231631528e+07","4.9272986471e+08"
"2026-04-03 04:00:00","6.6434445016e+07","2.5590768913e+08"
"2026-04-03 06:00:00","4.4122797632e+07","1.3303754603e+08"
"2026-04-03 08:00:00","2.2466598661e+07","1.1299156912e+08"
"2026-04-03 10:00:00","5.0072394340e+07","2.4714653343e+08"
"2026-04-03 12:00:00","5.7472491897e+07","4.2741109263e+08"
"2026-04-03 14:00:00","6.6348188002e+07","4.7983482824e+08"
"2026-04-03 16:00:00","6.1374627544e+07","4.9081032851e+08"
"2026-04-03 18:00:00","6.3944823222e+07","4.4259727110e+08"
"2026-04-03 20:00:00","8.0024530895e+07","3.3895690703e+08"
"2026-04-03 22:00:00","6.4288086598e+07","4.1785099916e+08"
"2026-04-04 00:00:00","9.8663580631e+07","6.7605057971e+08"
"2026-04-04 02:00:00","7.6876615033e+07","4.7163555220e+08"
"2026-04-04 04:00:00","6.3716420318e+07","2.6792939737e+08"
"2026-04-04 06:00:00","6.0545083289e+07","1.7292275697e+08"
"2026-04-04 08:00:00","3.7724879616e+07","1.4962773773e+08"
"2026-04-04 10:00:00","4.1507898477e+07","2.2423203268e+08"
"2026-04-04 12:00:00","5.4227188605e+07","3.6758304457e+08"
"2026-04-04 14:00:00","5.6542660979e+07","5.0352627233e+08"
"2026-04-04 16:00:00","5.3938741890e+07","6.0764744047e+08"
"2026-04-04 18:00:00","8.1074737877e+07","9.6254728694e+08"
"2026-04-04 20:00:00","8.6771580791e+07","6.5196326047e+08"
"2026-04-04 22:00:00","6.9980977647e+07","5.6888579800e+08"
"2026-04-05 00:00:00","8.7167406880e+07","8.2416810301e+08"
"2026-04-05 02:00:00","4.4096429248e+07","5.7171857671e+08"
"2026-04-05 04:00:00","6.0636454593e+07","2.6600129224e+08"
"2026-04-05 06:00:00","4.1457855804e+07","1.4250571594e+08"
"2026-04-05 08:00:00","3.7086898093e+07","1.0765316532e+08"
"2026-04-05 10:00:00","4.3730791095e+07","1.9569557014e+08"
"2026-04-05 12:00:00","6.0293148566e+07","4.0152302910e+08"
"2026-04-05 14:00:00","4.2776765384e+07","4.4437199315e+08"
"2026-04-05 16:00:00","5.6446933190e+07","5.0755177790e+08"
"2026-04-05 18:00:00","6.3668648570e+07","6.9940791510e+08"
"2026-04-05 20:00:00","6.5784424569e+07","6.1498012245e+08"
"2026-04-05 22:00:00","5.5800187496e+07","6.8692351281e+08"
"2026-04-06 00:00:00","6.9588279212e+07","8.1990470288e+08"
"2026-04-06 02:00:00","5.1819942980e+07","4.6200307453e+08"
"2026-04-06 04:00:00","4.2138349001e+07","1.8118307422e+08"
"2026-04-06 06:00:00","2.1057558102e+07","1.1907506188e+08"
"2026-04-06 08:00:00","2.1023154561e+07","1.3599017943e+08"
"2026-04-06 10:00:00","3.8403643742e+07","2.0982984717e+08"
"2026-04-06 12:00:00","4.6057518319e+07","2.4669622737e+08"
"2026-04-06 14:00:00","4.9431509133e+07","3.0032937086e+08"
"2026-04-06 16:00:00","4.9713026743e+07","4.9703422866e+08"
"2026-04-06 18:00:00","5.7535404806e+07","5.1584830265e+08"
"2026-04-06 20:00:00","5.3755274362e+07","4.4411690890e+08"
"2026-04-06 22:00:00","6.2384683458e+07","6.4155080671e+08"
"2026-04-07 00:00:00","6.4906622327e+07","7.8834606127e+08"
"2026-04-07 02:00:00","5.8917180260e+07","4.0073429814e+08"
"2026-04-07 04:00:00","3.8041258509e+07","1.9730140538e+08"
"2026-04-07 06:00:00","2.8126846619e+07","1.2024353193e+08"
"2026-04-07 08:00:00","2.6670330734e+07","1.3801671839e+08"
"2026-04-07 10:00:00","3.4479538863e+07","2.0608456735e+08"
"2026-04-07 12:00:00","3.9279721605e+07","2.2296343836e+08"
"2026-04-07 14:00:00","5.3086431444e+07","3.0210754996e+08"
"2026-04-07 16:00:00","5.0848914180e+07","4.2283118559e+08"
"2026-04-07 18:00:00","5.2560189526e+07","4.1703023036e+08"
"2026-04-07 20:00:00","5.5037482303e+07","4.5074738314e+08"
"2026-04-07 22:00:00","6.9412307791e+07","6.5292126160e+08"
"2026-04-08 00:00:00","7.2058572242e+07","8.4012536087e+08"
"2026-04-08 02:00:00","5.7538826865e+07","4.2641130536e+08"
"2026-04-08 04:00:00","2.9527960164e+07","2.1535412816e+08"
"2026-04-08 06:00:00","2.2499283143e+07","1.2421918368e+08"
"2026-04-08 08:00:00","2.1555816028e+07","1.4282465359e+08"
"2026-04-08 10:00:00","3.5376069552e+07","1.8365535241e+08"
"2026-04-08 12:00:00","3.9302850055e+07","2.0109085409e+08"
"2026-04-08 14:00:00","4.4156208305e+07","2.4974174957e+08"
"2026-04-08 16:00:00","5.1700711254e+07","4.5261763145e+08"
"2026-04-08 18:00:00","4.7476296435e+07","4.8469593005e+08"
"2026-04-08 20:00:00","5.5812776232e+07","4.5552159009e+08"
"2026-04-08 22:00:00","6.7992359170e+07","6.4206567533e+08"
"2026-04-09 00:00:00","7.1949293610e+07","7.7555887817e+08"
"2026-04-09 02:00:00","4.1433953676e+07","4.0545954251e+08"
"2026-04-09 04:00:00","1.9008313588e+07","1.9145404210e+08"
"2026-04-09 06:00:00","2.8628639257e+07","1.4100001520e+08"
"2026-04-09 08:00:00","1.8972536712e+07","1.5739495489e+08"
"2026-04-09 10:00:00","3.3179514876e+07","2.4230711491e+08"
"2026-04-09 12:00:00","3.9559459806e+07","2.0650196175e+08"
"2026-04-09 14:00:00","3.7990845755e+07","2.4254383420e+08"
"2026-04-09 16:00:00","5.2561630590e+07","4.0753051629e+08"
"2026-04-09 18:00:00","5.5597148018e+07","4.4843233409e+08"
"2026-04-09 20:00:00","5.3865704535e+07","4.1730477792e+08"
"2026-04-09 22:00:00","5.4806486335e+07","5.6093262520e+08"
"2026-04-10 00:00:00","6.4662454068e+07","7.9304818863e+08"
"2026-04-10 02:00:00","3.8717805000e+07","4.6557034598e+08"
"2026-04-10 04:00:00","2.3245608524e+07","2.2647180548e+08"
"2026-04-10 06:00:00","1.7146177287e+07","1.2096826696e+08"
"2026-04-10 08:00:00","2.3848671365e+07","1.2989099184e+08"
"2026-04-10 10:00:00","3.5221563213e+07","1.8794361444e+08"
"2026-04-10 12:00:00","4.0369713277e+07","2.1893171450e+08"
"2026-04-10 14:00:00","5.7280056512e+07","2.4294216602e+08"
"2026-04-10 16:00:00","7.6646173970e+07","4.5356333527e+08"
"2026-04-10 18:00:00","7.5719669401e+07","6.9824400234e+08"
"2026-04-10 20:00:00","6.0599063405e+07","4.2612178662e+08"
"2026-04-10 22:00:00","6.2942579952e+07","5.2473873989e+08"
"2026-04-11 00:00:00","6.7041573446e+07","7.2961584417e+08"
"2026-04-11 02:00:00","3.4726976796e+07","4.0987933848e+08"
"2026-04-11 04:00:00","3.2142602591e+07","2.4193002568e+08"
"2026-04-11 06:00:00","2.5397233240e+07","1.4733915528e+08"
"2026-04-11 08:00:00","2.2713319208e+07","1.1238867643e+08"
"2026-04-11 10:00:00","3.3846488254e+07","2.3400840846e+08"
"2026-04-11 12:00:00","4.0174095287e+07","3.9331525833e+08"
"2026-04-11 14:00:00","6.2289216530e+07","5.1620580083e+08"
"2026-04-11 16:00:00","5.2573324198e+07","5.2649347566e+08"
"2026-04-11 18:00:00","4.9387871830e+07","5.2224084475e+08"
"2026-04-11 20:00:00","5.9152499862e+07","4.8607279909e+08"
"2026-04-11 22:00:00","5.9409828796e+07","5.4779964353e+08"
"2026-04-12 00:00:00","5.9620128091e+07","6.8544259018e+08"
"2026-04-12 02:00:00","4.1171477341e+07","4.4265017615e+08"
"2026-04-12 04:00:00","2.1592613025e+07","2.0423778159e+08"
"2026-04-12 06:00:00","2.1682177242e+07","1.3442030150e+08"
"2026-04-12 08:00:00","1.8250648520e+07","1.2863276850e+08"
"2026-04-12 10:00:00","2.4966404653e+07","2.0078090246e+08"
"2026-04-12 12:00:00","5.3098256660e+07","4.1252870398e+08"
"2026-04-12 14:00:00","4.5072238519e+07","5.4302004892e+08"
"2026-04-12 16:00:00","5.5233453752e+07","5.5408984454e+08"
"2026-04-12 18:00:00","5.0616982925e+07","6.0300379703e+08"
"2026-04-12 20:00:00","5.9595180480e+07","5.6502249094e+08"
"2026-04-12 22:00:00","5.1892285649e+07","6.4887888520e+08"
"2026-04-13 00:00:00","5.5887217818e+07","7.2719065059e+08"
"2026-04-13 02:00:00","3.7253539151e+07","5.0146999035e+08"
"2026-04-13 04:00:00","2.7208065919e+07","2.4188344292e+08"
"2026-04-13 06:00:00","1.4244231987e+07","1.3914210227e+08"
"2026-04-13 08:00:00","1.3383486861e+07","1.0748901290e+08"
"2026-04-13 10:00:00","4.5838503875e+07","1.9493753674e+08"
"2026-04-13 12:00:00","3.5640416919e+07","2.7754349961e+08"
"2026-04-13 14:00:00","3.6055299187e+07","3.5885818620e+08"
"2026-04-13 16:00:00","4.5487280797e+07","5.2521396448e+08"
"2026-04-13 18:00:00","4.6922732198e+07","5.4000513243e+08"
"2026-04-13 20:00:00","4.9363437723e+07","4.9496318880e+08"
"2026-04-13 22:00:00","6.0438870041e+07","6.4343489733e+08"
"2026-04-14 00:00:00","9.1934460934e+07","7.9734810529e+08"
"2026-04-14 02:00:00","4.1489275573e+07","3.6458333387e+08"
"2026-04-14 04:00:00","2.0448975503e+07","1.6232579215e+08"
"2026-04-14 06:00:00","1.4654078775e+07","8.3010833756e+07"
"2026-04-14 08:00:00","1.9848588746e+07","1.1920546205e+08"
"2026-04-14 10:00:00","3.3504251511e+07","1.9144777608e+08"
"2026-04-14 12:00:00","3.7545570933e+07","1.8703214550e+08"
"2026-04-14 14:00:00","4.6565601171e+07","3.0879394264e+08"
"2026-04-14 16:00:00","4.5537275843e+07","4.0575529894e+08"
"2026-04-14 18:00:00","5.4530836264e+07","3.9469407848e+08"
"2026-04-14 20:00:00","5.7058558946e+07","4.0360961706e+08"
"2026-04-14 22:00:00","7.5567504189e+07","6.9940348906e+08"
"2026-04-15 00:00:00","8.1052069942e+07","8.3290254591e+08"
"2026-04-15 02:00:00","4.3171850767e+07","3.9770012271e+08"
"2026-04-15 04:00:00","2.2796104715e+07","1.5883991715e+08"
"2026-04-15 06:00:00","1.6769458428e+07","1.0142545192e+08"
"2026-04-15 08:00:00","2.8836562791e+07","1.6203916628e+08"
"2026-04-15 10:00:00","3.3091721518e+07","2.4486905451e+08"
"2026-04-15 12:00:00","4.9555523137e+07","2.6830344001e+08"
"2026-04-15 14:00:00","3.8951875726e+07","1.8709051103e+08"
"2026-04-15 16:00:00","4.3288476325e+07","3.6087215653e+08"
"2026-04-15 18:00:00","4.6374462986e+07","4.0297235954e+08"
"2026-04-15 20:00:00","5.0251747301e+07","3.8320309187e+08"
"2026-04-15 22:00:00","8.0767044428e+07","6.5223985535e+08"
"2026-04-16 00:00:00","7.2305116375e+07","8.2947027291e+08"
"2026-04-16 02:00:00","4.2647888427e+07","4.0744951213e+08"
"2026-04-16 04:00:00","1.8923283690e+07","1.4473190705e+08"
"2026-04-16 06:00:00","2.1541054662e+07","9.0102637000e+07"
"2026-04-16 08:00:00","2.6203627600e+07","1.4660817770e+08"
"2026-04-16 10:00:00","3.7134143033e+07","1.9283099135e+08"
"2026-04-16 12:00:00","4.0660352697e+07","1.8718969558e+08"
"2026-04-16 14:00:00","4.6644576723e+07","2.0172987328e+08"
"2026-04-16 16:00:00","5.7239132839e+07","3.7680973516e+08"
"2026-04-16 18:00:00","5.7194891049e+07","4.7594779519e+08"
"2026-04-16 20:00:00","4.6211528063e+07","3.8750294158e+08"
"2026-04-16 22:00:00","3.3834081918e+07","3.2547797635e+08"
"2026-04-17 00:00:00","6.7096772614e+07","6.8097249944e+08"
"2026-04-17 02:00:00","4.4061862658e+07","3.3079426776e+08"
"2026-04-17 04:00:00","2.4312521674e+07","1.5780025678e+08"
"2026-04-17 06:00:00","1.3640702509e+07","8.8430985776e+07"
"2026-04-17 08:00:00","2.0670395198e+07","1.4415175004e+08"
"2026-04-17 10:00:00","3.3650799403e+07","1.8893662600e+08"
"2026-04-17 12:00:00","4.6601649513e+07","1.8419109895e+08"
"2026-04-17 14:00:00","5.4034099416e+07","2.9747421896e+08"
"2026-04-17 16:00:00","5.5202134393e+07","3.8546891807e+08"
"2026-04-17 18:00:00","7.0363070036e+07","4.8392351039e+08"
"2026-04-17 20:00:00","7.3032456986e+07","3.9096138709e+08"
"2026-04-17 22:00:00","7.2156080103e+07","4.7840139349e+08"
"2026-04-18 00:00:00","6.0935630504e+07","7.2022778514e+08"
"2026-04-18 02:00:00","4.0906390766e+07","4.8285329987e+08"
"2026-04-18 04:00:00","2.5445906446e+07","2.4086969650e+08"
"2026-04-18 06:00:00","1.4176217934e+07","1.0258099864e+08"
"2026-04-18 08:00:00","1.4997018733e+07","1.0484915688e+08"
"2026-04-18 10:00:00","3.1256727275e+07","2.7673972867e+08"
"2026-04-18 12:00:00","4.5461261353e+07","3.4539970225e+08"
"2026-04-18 14:00:00","6.4699224017e+07","3.7937016332e+08"
"2026-04-18 16:00:00","7.4711620478e+07","4.6355174920e+08"
"2026-04-18 18:00:00","6.4906165856e+07","5.4192780309e+08"
"2026-04-18 20:00:00","6.5250839950e+07","4.6143354815e+08"
"2026-04-18 22:00:00","6.7541807522e+07","4.8805899612e+08"
"2026-04-19 00:00:00","5.9573863648e+07","6.6336560946e+08"
"2026-04-19 02:00:00","6.9493835258e+07","5.4083875546e+08"
"2026-04-19 04:00:00","3.5083376143e+07","2.6779547282e+08"
"2026-04-19 06:00:00","1.5725248930e+07","1.0774603817e+08"
"2026-04-19 08:00:00","1.5514273256e+07","9.0029264293e+07"
"2026-04-19 10:00:00","2.4407601355e+07","2.4023568555e+08"
"2026-04-19 12:00:00","3.8361144683e+07","4.0818359022e+08"
"2026-04-19 14:00:00","4.5475462339e+07","5.1230568463e+08"
"2026-04-19 16:00:00","4.2843632437e+07","5.0934468890e+08"
"2026-04-19 18:00:00","5.0993206628e+07","6.3048748787e+08"
"2026-04-19 20:00:00","5.2091974676e+07","5.7712615184e+08"
"2026-04-19 22:00:00","6.7002303999e+07","6.6751898154e+08"
"2026-04-20 00:00:00","7.5239591656e+07","6.8367533641e+08"
"2026-04-20 02:00:00","6.2267973473e+07","3.5919273421e+08"
"2026-04-20 04:00:00","4.1015732968e+07","1.6086719003e+08"
"2026-04-20 06:00:00","2.7242506482e+07","8.2179031230e+07"
"2026-04-20 08:00:00","4.5573341592e+07","1.0458724167e+08"
"2026-04-20 10:00:00","6.0705547492e+07","1.6456715952e+08"
"2026-04-20 12:00:00","7.4542423522e+07","1.7978099938e+08"
"2026-04-20 14:00:00","4.4899419010e+07","2.1736359654e+08"
"2026-04-20 16:00:00","4.5391221125e+07","3.9891269899e+08"
"2026-04-20 18:00:00","4.4786362566e+07","4.5026201838e+08"
"2026-04-20 20:00:00","4.4961356437e+07","4.0309712840e+08"
"2026-04-20 22:00:00","5.0822764040e+07","4.6605566161e+08"
"2026-04-21 00:00:00","6.2437846005e+07","7.5064957439e+08"
"2026-04-21 02:00:00","3.2800063279e+07","3.3449616446e+08"
"2026-04-21 04:00:00","1.6120472918e+07","1.3151855737e+08"
"2026-04-21 06:00:00","1.0298277658e+07","6.9806882969e+07"
"2026-04-21 08:00:00","1.9088505364e+07","1.1136220608e+08"
"2026-04-21 10:00:00","3.1808463184e+07","1.6702272230e+08"
"2026-04-21 12:00:00","3.2740370464e+07","1.6314080120e+08"
"2026-04-21 14:00:00","4.4985109368e+07","2.3159699563e+08"
"2026-04-21 16:00:00","4.3341341786e+07","4.2512998241e+08"
"2026-04-21 18:00:00","4.8718411698e+07","4.3825578369e+08"
"2026-04-21 20:00:00","4.5011845710e+07","4.3695854731e+08"
"2026-04-21 22:00:00","5.9039751334e+07","6.0524111845e+08"
"2026-04-22 00:00:00","6.6728791166e+07","8.7266403996e+08"
"2026-04-22 02:00:00","3.4859523318e+07","4.0440754698e+08"
"2026-04-22 04:00:00","1.5729576788e+07","1.5001376806e+08"
"2026-04-22 06:00:00","1.0819935744e+07","8.9863209644e+07"
"2026-04-22 08:00:00","1.7930371500e+07","1.2301351405e+08"
"2026-04-22 10:00:00","3.8970839984e+07","1.7631300615e+08"
"2026-04-22 12:00:00","3.4895853773e+07","1.9325823659e+08"
"2026-04-22 14:00:00","3.5764066541e+07","2.0722101063e+08"
"2026-04-22 16:00:00","4.9136404028e+07","4.0486326445e+08"
"2026-04-22 18:00:00","5.4238112001e+07","5.2997010420e+08"
"2026-04-22 20:00:00","4.4300152943e+07","3.6764627250e+08"
"2026-04-22 22:00:00","5.4533074981e+07","5.8007722931e+08"
"2026-04-23 00:00:00","6.3199030616e+07","8.0926022474e+08"
"2026-04-23 02:00:00","3.0106544615e+07","3.9588867302e+08"
"2026-04-23 04:00:00","1.4361845589e+07","1.3083972668e+08"
"2026-04-23 06:00:00","1.7821406521e+07","8.4267949224e+07"
"2026-04-23 08:00:00","3.6484171345e+07","1.0691184217e+08"
"2026-04-23 10:00:00","4.8560000134e+07","1.6946431903e+08"
"2026-04-23 12:00:00","4.0281527981e+07","1.9995110178e+08"
"2026-04-23 14:00:00","3.1086296766e+07","1.8205679719e+08"
"2026-04-23 16:00:00","4.4756982279e+07","4.3116229751e+08"
"2026-04-23 18:00:00","4.9273276753e+07","4.6403563490e+08"
"2026-04-23 20:00:00","4.5438068339e+07","3.8450210400e+08"
"2026-04-23 22:00:00","5.5454634633e+07","5.6998250446e+08"
"2026-04-24 00:00:00","6.2357750651e+07","7.8419331816e+08"
"2026-04-24 02:00:00","3.6180558281e+07","3.6558967508e+08"
"2026-04-24 04:00:00","2.1294103619e+07","2.1186308003e+08"
"2026-04-24 06:00:00","1.1769092835e+07","9.8922501369e+07"
"2026-04-24 08:00:00","1.8751195045e+07","1.3137952955e+08"
"2026-04-24 10:00:00","3.4654108405e+07","2.2270975832e+08"
"2026-04-24 12:00:00","3.7530856941e+07","2.2556937249e+08"
"2026-04-24 14:00:00","4.4105071754e+07","2.2238902044e+08"
"2026-04-24 16:00:00","4.5114727422e+07","4.0867832921e+08"
"2026-04-24 18:00:00","4.5676994442e+07","6.5132000366e+08"
"2026-04-24 20:00:00","5.0802886516e+07","6.7600676248e+08"
"2026-04-24 22:00:00","5.5870340762e+07","7.3836383881e+08"
"2026-04-25 00:00:00","5.8139243824e+07","8.7883861907e+08"
"2026-04-25 02:00:00","3.7354966434e+07","4.3950938649e+08"
"2026-04-25 04:00:00","2.7275476075e+07","2.0910183208e+08"
"2026-04-25 06:00:00","1.2421089801e+07","1.0589226568e+08"
"2026-04-25 08:00:00","1.4521744281e+07","1.2012835753e+08"
"2026-04-25 10:00:00","3.8239187141e+07","3.0181149026e+08"
"2026-04-25 12:00:00","4.3928159389e+07","4.2105367526e+08"
"2026-04-25 14:00:00","4.7869826926e+07","4.6981982666e+08"
"2026-04-25 16:00:00","4.1210557849e+07","5.1245380734e+08"
"2026-04-25 18:00:00","4.9007186503e+07","5.8116678456e+08"
"2026-04-25 20:00:00","4.6941766183e+07","4.7636950941e+08"
"2026-04-25 22:00:00","6.9751940491e+07","6.0893604759e+08"
"2026-04-26 00:00:00","5.6971699889e+07","6.9119528998e+08"
"2026-04-26 02:00:00","4.4047359291e+07","4.6192247105e+08"
"2026-04-26 04:00:00","2.4251751705e+07","3.9247057492e+08"
"2026-04-26 06:00:00","3.1230493189e+07","1.4677406701e+08"
"2026-04-26 08:00:00","4.1155934181e+07","9.8346756198e+07"
"2026-04-26 10:00:00","5.5571153309e+07","2.4886413403e+08"
"2026-04-26 12:00:00","5.0798134595e+07","3.4772706981e+08"
"2026-04-26 14:00:00","4.8637871323e+07","4.6041664755e+08"
"2026-04-26 16:00:00","4.9107095029e+07","5.0850738207e+08"
"2026-04-26 18:00:00","4.2447005127e+07","5.9407417378e+08"
"2026-04-26 20:00:00","5.0658226777e+07","5.5941552139e+08"
"2026-04-26 22:00:00","5.6952100016e+07","6.5341969649e+08"
"2026-04-27 00:00:00","5.9278472219e+07","8.6241730088e+08"
"2026-04-27 02:00:00","2.7607600605e+07","4.4875258919e+08"
"2026-04-27 04:00:00","2.4914015058e+07","1.5464089498e+08"
"2026-04-27 06:00:00","1.5697306150e+07","7.1813888603e+07"
"2026-04-27 08:00:00","2.0222579890e+07","1.0647069210e+08"
"2026-04-27 10:00:00","3.0536277108e+07","1.7706227690e+08"
"2026-04-27 12:00:00","3.8103695218e+07","2.0836320054e+08"
"2026-04-27 14:00:00","4.0794978300e+07","2.1559928736e+08"
"2026-04-27 16:00:00","4.0524066283e+07","4.0148919806e+08"
"2026-04-27 18:00:00","NaN","NaN"
