"Title:","'ALCORT_R3_Huawei_GE-0/6/3 - Trafico Orange-Jazztel 10G'"
"Vertical Label:","'bits per second'"
"Start Date:","2026-04-20 17:30:00"
"End Date:","2026-04-20 17:30:00"
"Step:","1800"
"Total Rows:","337"
"Graph ID:","143"
"Host ID:","6"
""
"Date","Inbound","Outbound"
"2026-04-20 17:30:00","2.6275705707e+09","9.7115001377e+08"
"2026-04-20 18:00:00","2.8541174757e+09","8.7115591297e+08"
"2026-04-20 18:30:00","2.3639116300e+09","9.8434081999e+08"
"2026-04-20 19:00:00","2.6063649324e+09","9.6886907650e+08"
"2026-04-20 19:30:00","2.7154484000e+09","1.0024389598e+09"
"2026-04-20 20:00:00","2.6816923008e+09","9.4080230089e+08"
"2026-04-20 20:30:00","3.0738269333e+09","8.1596905295e+08"
"2026-04-20 21:00:00","3.7389970388e+09","8.0129625238e+08"
"2026-04-20 21:30:00","4.8787122499e+09","9.3327481165e+08"
"2026-04-20 22:00:00","5.0321233432e+09","9.4832073802e+08"
"2026-04-20 22:30:00","5.4681719480e+09","1.0132119791e+09"
"2026-04-20 23:00:00","5.7581514902e+09","1.0227922095e+09"
"2026-04-20 23:30:00","5.4343683202e+09","1.1238511945e+09"
"2026-04-21 00:00:00","4.6433837405e+09","1.1080803303e+09"
"2026-04-21 00:30:00","3.5413256281e+09","1.2250218383e+09"
"2026-04-21 01:00:00","2.5072791667e+09","1.0501674955e+09"
"2026-04-21 01:30:00","1.8452966092e+09","6.6563721612e+08"
"2026-04-21 02:00:00","1.4157731432e+09","6.4904484702e+08"
"2026-04-21 02:30:00","1.5461589147e+09","6.1275200867e+08"
"2026-04-21 03:00:00","9.3107208302e+08","5.5862549714e+08"
"2026-04-21 03:30:00","8.4546780899e+08","5.0845335514e+08"
"2026-04-21 04:00:00","7.9821889863e+08","5.7212904257e+08"
"2026-04-21 04:30:00","7.6839103397e+08","3.0310975955e+08"
"2026-04-21 05:00:00","6.9330186821e+08","3.2453516924e+08"
"2026-04-21 05:30:00","5.4400780548e+08","3.1788768035e+08"
"2026-04-21 06:00:00","5.3105578556e+08","3.0410553720e+08"
"2026-04-21 06:30:00","5.9926336402e+08","3.9680449358e+08"
"2026-04-21 07:00:00","7.0301665174e+08","3.8425184371e+08"
"2026-04-21 07:30:00","9.5282185615e+08","5.0306252964e+08"
"2026-04-21 08:00:00","1.0159874084e+09","5.3296853076e+08"
"2026-04-21 08:30:00","1.1168922201e+09","5.9681045460e+08"
"2026-04-21 09:00:00","1.1124272764e+09","6.1859858196e+08"
"2026-04-21 09:30:00","1.1748558531e+09","6.8107545695e+08"
"2026-04-21 10:00:00","1.2197547433e+09","8.1509519236e+08"
"2026-04-21 10:30:00","1.3130551809e+09","6.3593816528e+08"
"2026-04-21 11:00:00","1.3573239781e+09","6.9345625614e+08"
"2026-04-21 11:30:00","1.4666207466e+09","6.5004988714e+08"
"2026-04-21 12:00:00","1.3214536549e+09","7.3053469336e+08"
"2026-04-21 12:30:00","1.3674984662e+09","8.4180994974e+08"
"2026-04-21 13:00:00","1.8101336818e+09","9.7821091107e+08"
"2026-04-21 13:30:00","1.6975862848e+09","8.5733990315e+08"
"2026-04-21 14:00:00","1.7995122519e+09","8.3089576480e+08"
"2026-04-21 14:30:00","1.9044442661e+09","8.7320060515e+08"
"2026-04-21 15:00:00","2.4588632035e+09","8.7966216725e+08"
"2026-04-21 15:30:00","2.9993607809e+09","9.8947321341e+08"
"2026-04-21 16:00:00","3.2752412006e+09","9.7938106691e+08"
"2026-04-21 16:30:00","3.7433089392e+09","1.0169111513e+09"
"2026-04-21 17:00:00","3.4835625050e+09","1.0155030355e+09"
"2026-04-21 17:30:00","3.0773791564e+09","1.1000486203e+09"
"2026-04-21 18:00:00","2.9326186078e+09","1.0306621886e+09"
"2026-04-21 18:30:00","2.7895766449e+09","1.2359567304e+09"
"2026-04-21 19:00:00","3.2406335077e+09","1.2948279252e+09"
"2026-04-21 19:30:00","3.7132334283e+09","1.3475983012e+09"
"2026-04-21 20:00:00","3.8301381352e+09","1.2503553509e+09"
"2026-04-21 20:30:00","4.0416426163e+09","1.0173326583e+09"
"2026-04-21 21:00:00","4.6137373513e+09","1.0005377171e+09"
"2026-04-21 21:30:00","5.4921060335e+09","1.0736273290e+09"
"2026-04-21 22:00:00","7.1638706162e+09","1.1814083307e+09"
"2026-04-21 22:30:00","6.9636674522e+09","1.4519207077e+09"
"2026-04-21 23:00:00","6.7940133805e+09","1.2413621786e+09"
"2026-04-21 23:30:00","6.4527863844e+09","1.1873032810e+09"
"2026-04-22 00:00:00","4.6052538143e+09","9.8702237420e+08"
"2026-04-22 00:30:00","3.8026025594e+09","1.0726846320e+09"
"2026-04-22 01:00:00","2.5619529309e+09","8.7811108205e+08"
"2026-04-22 01:30:00","1.7031960558e+09","7.0438586520e+08"
"2026-04-22 02:00:00","1.3860345888e+09","6.2541539278e+08"
"2026-04-22 02:30:00","1.2517368762e+09","4.6277175955e+08"
"2026-04-22 03:00:00","1.0337248471e+09","5.5873870094e+08"
"2026-04-22 03:30:00","9.9140313435e+08","4.8610456960e+08"
"2026-04-22 04:00:00","8.0056668653e+08","3.8642804664e+08"
"2026-04-22 04:30:00","7.2812541164e+08","3.8412476558e+08"
"2026-04-22 05:00:00","6.1421920955e+08","3.7657091471e+08"
"2026-04-22 05:30:00","5.2414882790e+08","2.7556581030e+08"
"2026-04-22 06:00:00","5.1898066956e+08","3.0757000601e+08"
"2026-04-22 06:30:00","5.6236479976e+08","2.8753069084e+08"
"2026-04-22 07:00:00","8.8108180495e+08","3.3776346205e+08"
"2026-04-22 07:30:00","1.2402841795e+09","4.2670216281e+08"
"2026-04-22 08:00:00","1.1589336496e+09","4.7861228746e+08"
"2026-04-22 08:30:00","1.1403166805e+09","5.4832291655e+08"
"2026-04-22 09:00:00","1.1969668979e+09","6.8543101979e+08"
"2026-04-22 09:30:00","1.2279571851e+09","8.1432869342e+08"
"2026-04-22 10:00:00","1.2010334665e+09","9.3043452897e+08"
"2026-04-22 10:30:00","1.2701674160e+09","8.3841505084e+08"
"2026-04-22 11:00:00","1.2492311491e+09","8.5580784446e+08"
"2026-04-22 11:30:00","1.4229674047e+09","8.0061414399e+08"
"2026-04-22 12:00:00","1.2621889525e+09","8.5788895106e+08"
"2026-04-22 12:30:00","1.4512488587e+09","8.1964952174e+08"
"2026-04-22 13:00:00","1.4445709583e+09","6.8296290653e+08"
"2026-04-22 13:30:00","2.1457821381e+09","9.7387934732e+08"
"2026-04-22 14:00:00","1.8269911753e+09","9.7356989704e+08"
"2026-04-22 14:30:00","2.1482391646e+09","8.7285327836e+08"
"2026-04-22 15:00:00","2.7250061512e+09","9.0309754440e+08"
"2026-04-22 15:30:00","2.6684143818e+09","9.6821205135e+08"
"2026-04-22 16:00:00","3.9909741297e+09","8.9291485283e+08"
"2026-04-22 16:30:00","3.8701323806e+09","9.8865704188e+08"
"2026-04-22 17:00:00","3.3559132467e+09","1.0126023792e+09"
"2026-04-22 17:30:00","3.2641368793e+09","1.0038874686e+09"
"2026-04-22 18:00:00","3.0090340315e+09","9.5780009166e+08"
"2026-04-22 18:30:00","3.2037139331e+09","8.5473429467e+08"
"2026-04-22 19:00:00","2.6080173645e+09","1.0310215620e+09"
"2026-04-22 19:30:00","2.7891740390e+09","1.0612270398e+09"
"2026-04-22 20:00:00","3.2058953421e+09","1.1266193617e+09"
"2026-04-22 20:30:00","3.3769035132e+09","9.6598469379e+08"
"2026-04-22 21:00:00","3.8696200867e+09","9.9884470665e+08"
"2026-04-22 21:30:00","4.9918176732e+09","1.0298649510e+09"
"2026-04-22 22:00:00","6.3903238583e+09","1.0776384906e+09"
"2026-04-22 22:30:00","6.8598493395e+09","1.2177674868e+09"
"2026-04-22 23:00:00","7.4233213899e+09","1.2595986046e+09"
"2026-04-22 23:30:00","6.4071964926e+09","1.1787249746e+09"
"2026-04-23 00:00:00","5.2462426889e+09","1.3484706235e+09"
"2026-04-23 00:30:00","3.3313731312e+09","1.1060082984e+09"
"2026-04-23 01:00:00","2.3701207367e+09","9.7609859480e+08"
"2026-04-23 01:30:00","1.8819827244e+09","7.7323629056e+08"
"2026-04-23 02:00:00","1.5515228576e+09","5.9717819889e+08"
"2026-04-23 02:30:00","1.3537141153e+09","6.6055710323e+08"
"2026-04-23 03:00:00","1.0028962478e+09","5.1562539638e+08"
"2026-04-23 03:30:00","8.4602991653e+08","6.5669123676e+08"
"2026-04-23 04:00:00","7.3092020053e+08","4.0619382603e+08"
"2026-04-23 04:30:00","6.8638912619e+08","4.0490330857e+08"
"2026-04-23 05:00:00","5.8895541747e+08","4.8488264900e+08"
"2026-04-23 05:30:00","5.1893392811e+08","3.0834644945e+08"
"2026-04-23 06:00:00","5.3161751046e+08","3.3334615245e+08"
"2026-04-23 06:30:00","6.1586977099e+08","3.1352845953e+08"
"2026-04-23 07:00:00","6.3960475472e+08","2.8892503436e+08"
"2026-04-23 07:30:00","8.5851685955e+08","4.4339488586e+08"
"2026-04-23 08:00:00","1.0076186686e+09","5.2960941739e+08"
"2026-04-23 08:30:00","1.0926852331e+09","7.9449372620e+08"
"2026-04-23 09:00:00","1.1382806643e+09","9.3400667378e+08"
"2026-04-23 09:30:00","1.1330739781e+09","9.9525281718e+08"
"2026-04-23 10:00:00","1.2180680087e+09","8.0822382426e+08"
"2026-04-23 10:30:00","1.2381428503e+09","1.1715913121e+09"
"2026-04-23 11:00:00","1.3281924686e+09","8.5065656680e+08"
"2026-04-23 11:30:00","1.2560075292e+09","6.8547707229e+08"
"2026-04-23 12:00:00","1.3718622051e+09","6.9111044967e+08"
"2026-04-23 12:30:00","1.3464081744e+09","8.2769107598e+08"
"2026-04-23 13:00:00","1.3718679649e+09","8.4030390707e+08"
"2026-04-23 13:30:00","1.4325573926e+09","9.1638318674e+08"
"2026-04-23 14:00:00","1.6052614124e+09","9.4632244963e+08"
"2026-04-23 14:30:00","1.7341212712e+09","1.0182521595e+09"
"2026-04-23 15:00:00","2.4879302447e+09","1.0128092609e+09"
"2026-04-23 15:30:00","2.6283858114e+09","1.0148700842e+09"
"2026-04-23 16:00:00","3.2932233126e+09","9.5143274755e+08"
"2026-04-23 16:30:00","3.3094670798e+09","1.0366043948e+09"
"2026-04-23 17:00:00","2.9721452397e+09","1.1120448153e+09"
"2026-04-23 17:30:00","3.1372435634e+09","1.0492973222e+09"
"2026-04-23 18:00:00","2.9422338473e+09","1.0391641953e+09"
"2026-04-23 18:30:00","3.2525503049e+09","9.9515408643e+08"
"2026-04-23 19:00:00","3.0443534490e+09","9.5614203723e+08"
"2026-04-23 19:30:00","2.9994515365e+09","1.1875259218e+09"
"2026-04-23 20:00:00","3.2382234410e+09","1.0770773084e+09"
"2026-04-23 20:30:00","3.7806508477e+09","1.1612128475e+09"
"2026-04-23 21:00:00","4.5681307543e+09","1.0418951559e+09"
"2026-04-23 21:30:00","4.7800151739e+09","1.1634103102e+09"
"2026-04-23 22:00:00","5.3864473851e+09","9.7742807748e+08"
"2026-04-23 22:30:00","6.0037181920e+09","1.1631717680e+09"
"2026-04-23 23:00:00","6.1127096603e+09","1.1561008278e+09"
"2026-04-23 23:30:00","5.7149147423e+09","1.2343223157e+09"
"2026-04-24 00:00:00","4.5649561674e+09","1.1823293164e+09"
"2026-04-24 00:30:00","3.3413203404e+09","1.1744199517e+09"
"2026-04-24 01:00:00","2.9190031300e+09","1.0930631726e+09"
"2026-04-24 01:30:00","1.7850151351e+09","9.1466322192e+08"
"2026-04-24 02:00:00","1.3523327131e+09","8.3366993970e+08"
"2026-04-24 02:30:00","1.1832262881e+09","6.0181102473e+08"
"2026-04-24 03:00:00","1.0051580639e+09","5.1597486513e+08"
"2026-04-24 03:30:00","9.4442014814e+08","5.8887007087e+08"
"2026-04-24 04:00:00","8.0543356350e+08","5.1282847426e+08"
"2026-04-24 04:30:00","8.9171102421e+08","5.3124704532e+08"
"2026-04-24 05:00:00","6.9075882098e+08","4.0881556937e+08"
"2026-04-24 05:30:00","7.4132141545e+08","3.7035604589e+08"
"2026-04-24 06:00:00","7.2592859394e+08","4.5773112615e+08"
"2026-04-24 06:30:00","7.3692209787e+08","3.7980002616e+08"
"2026-04-24 07:00:00","7.7382132169e+08","3.9764409532e+08"
"2026-04-24 07:30:00","1.0013942466e+09","5.2836040511e+08"
"2026-04-24 08:00:00","1.1401071427e+09","8.8201949843e+08"
"2026-04-24 08:30:00","1.2623676835e+09","7.4033916028e+08"
"2026-04-24 09:00:00","1.1908410422e+09","7.3616930657e+08"
"2026-04-24 09:30:00","1.2016717454e+09","7.9533678278e+08"
"2026-04-24 10:00:00","1.2508309856e+09","7.9384374446e+08"
"2026-04-24 10:30:00","1.4582283601e+09","9.9803489324e+08"
"2026-04-24 11:00:00","1.4057107462e+09","8.4279803813e+08"
"2026-04-24 11:30:00","1.5821969472e+09","9.5777757219e+08"
"2026-04-24 12:00:00","2.0489603903e+09","9.6039212172e+08"
"2026-04-24 12:30:00","1.8180456960e+09","1.0897372930e+09"
"2026-04-24 13:00:00","1.8057264370e+09","8.7478168454e+08"
"2026-04-24 13:30:00","1.9260637268e+09","1.0335970544e+09"
"2026-04-24 14:00:00","2.1654216229e+09","9.3276586517e+08"
"2026-04-24 14:30:00","1.9587681707e+09","7.7635338215e+08"
"2026-04-24 15:00:00","2.3491635307e+09","9.7466870284e+08"
"2026-04-24 15:30:00","3.0157147889e+09","9.8286192688e+08"
"2026-04-24 16:00:00","3.2951594477e+09","1.0945624942e+09"
"2026-04-24 16:30:00","3.9813063248e+09","1.1831384957e+09"
"2026-04-24 17:00:00","4.1851341532e+09","1.1134217652e+09"
"2026-04-24 17:30:00","4.1244986247e+09","9.4485543422e+08"
"2026-04-24 18:00:00","3.6408558891e+09","9.9252575930e+08"
"2026-04-24 18:30:00","3.3333601111e+09","1.1260642903e+09"
"2026-04-24 19:00:00","3.6993556727e+09","1.0127443170e+09"
"2026-04-24 19:30:00","3.6087854669e+09","8.8249809522e+08"
"2026-04-24 20:00:00","3.6684159275e+09","8.9836408666e+08"
"2026-04-24 20:30:00","3.5119387060e+09","1.0952137250e+09"
"2026-04-24 21:00:00","3.8499254790e+09","1.3323445988e+09"
"2026-04-24 21:30:00","4.8683277744e+09","1.3588256063e+09"
"2026-04-24 22:00:00","5.2261670550e+09","1.4006762430e+09"
"2026-04-24 22:30:00","5.7851885763e+09","1.5251487633e+09"
"2026-04-24 23:00:00","6.1768543130e+09","1.6205132935e+09"
"2026-04-24 23:30:00","5.6928806623e+09","1.2853916998e+09"
"2026-04-25 00:00:00","4.9073342474e+09","1.1898569301e+09"
"2026-04-25 00:30:00","4.3012391995e+09","1.1433275041e+09"
"2026-04-25 01:00:00","3.0561632664e+09","9.4269496232e+08"
"2026-04-25 01:30:00","2.3388721664e+09","1.0549263049e+09"
"2026-04-25 02:00:00","1.7540937866e+09","7.4221507244e+08"
"2026-04-25 02:30:00","1.4667608457e+09","6.6013374890e+08"
"2026-04-25 03:00:00","1.2847447678e+09","7.4812972212e+08"
"2026-04-25 03:30:00","1.1184568685e+09","5.7403494568e+08"
"2026-04-25 04:00:00","9.0429892648e+08","5.5248493615e+08"
"2026-04-25 04:30:00","8.7139341297e+08","4.4397738447e+08"
"2026-04-25 05:00:00","7.0905732777e+08","4.9855555369e+08"
"2026-04-25 05:30:00","7.7400642016e+08","6.5708412897e+08"
"2026-04-25 06:00:00","7.2763411711e+08","6.0830141798e+08"
"2026-04-25 06:30:00","6.5848038105e+08","4.9719640308e+08"
"2026-04-25 07:00:00","7.1117640408e+08","4.4271834420e+08"
"2026-04-25 07:30:00","7.4942707929e+08","4.8336088682e+08"
"2026-04-25 08:00:00","8.4505341416e+08","4.3012717477e+08"
"2026-04-25 08:30:00","1.1244809038e+09","4.6686674588e+08"
"2026-04-25 09:00:00","1.3453002887e+09","5.0558919947e+08"
"2026-04-25 09:30:00","1.7711533283e+09","6.1810184602e+08"
"2026-04-25 10:00:00","2.2867751337e+09","7.3731615808e+08"
"2026-04-25 10:30:00","1.9608395619e+09","7.9151312952e+08"
"2026-04-25 11:00:00","2.1343265477e+09","7.6988748913e+08"
"2026-04-25 11:30:00","2.1564965351e+09","6.5344350684e+08"
"2026-04-25 12:00:00","2.0456590309e+09","6.8561996985e+08"
"2026-04-25 12:30:00","2.5580795420e+09","6.7329805916e+08"
"2026-04-25 13:00:00","2.0040634588e+09","6.6124162228e+08"
"2026-04-25 13:30:00","2.2579721857e+09","7.4943780627e+08"
"2026-04-25 14:00:00","2.3086171530e+09","7.7729856262e+08"
"2026-04-25 14:30:00","2.3619255660e+09","1.2381616448e+09"
"2026-04-25 15:00:00","2.9313151261e+09","9.9644738676e+08"
"2026-04-25 15:30:00","3.1992053810e+09","9.0943221362e+08"
"2026-04-25 16:00:00","3.7771419513e+09","7.8439581692e+08"
"2026-04-25 16:30:00","4.5660184054e+09","8.0211935218e+08"
"2026-04-25 17:00:00","5.0501783222e+09","1.0703775528e+09"
"2026-04-25 17:30:00","4.7004438111e+09","1.0582167483e+09"
"2026-04-25 18:00:00","4.2936839077e+09","1.2783497073e+09"
"2026-04-25 18:30:00","3.6977654943e+09","8.5991144465e+08"
"2026-04-25 19:00:00","3.5609729063e+09","7.9638272448e+08"
"2026-04-25 19:30:00","3.2801004727e+09","8.1297048069e+08"
"2026-04-25 20:00:00","3.4102533510e+09","9.9013978518e+08"
"2026-04-25 20:30:00","3.2460694632e+09","8.1539071427e+08"
"2026-04-25 21:00:00","3.2910533131e+09","7.7741726537e+08"
"2026-04-25 21:30:00","3.5720235937e+09","9.4540622934e+08"
"2026-04-25 22:00:00","4.0184281398e+09","8.5638985720e+08"
"2026-04-25 22:30:00","5.0280138459e+09","9.4476308278e+08"
"2026-04-25 23:00:00","5.0135819859e+09","1.0442402040e+09"
"2026-04-25 23:30:00","4.9087832338e+09","1.0644095089e+09"
"2026-04-26 00:00:00","4.6195490201e+09","9.1287861507e+08"
"2026-04-26 00:30:00","3.8476071200e+09","1.0392810905e+09"
"2026-04-26 01:00:00","3.1314353208e+09","1.1628714371e+09"
"2026-04-26 01:30:00","2.5731572388e+09","1.3446040319e+09"
"2026-04-26 02:00:00","2.1394361113e+09","7.9662530382e+08"
"2026-04-26 02:30:00","2.1024278161e+09","6.8222030281e+08"
"2026-04-26 03:00:00","1.9982133668e+09","5.6830334306e+08"
"2026-04-26 03:30:00","1.3020756478e+09","5.2959741012e+08"
"2026-04-26 04:00:00","1.0643272538e+09","5.1399802819e+08"
"2026-04-26 04:30:00","9.0473087612e+08","5.2075050607e+08"
"2026-04-26 05:00:00","7.1768247860e+08","5.4007055305e+08"
"2026-04-26 05:30:00","6.7401720760e+08","5.1898152787e+08"
"2026-04-26 06:00:00","5.7156423613e+08","5.5673697971e+08"
"2026-04-26 06:30:00","7.0116644906e+08","4.8996075723e+08"
"2026-04-26 07:00:00","5.5992239072e+08","3.9709541278e+08"
"2026-04-26 07:30:00","5.7330554953e+08","4.3568979915e+08"
"2026-04-26 08:00:00","7.4246995453e+08","4.0130620784e+08"
"2026-04-26 08:30:00","1.0088174452e+09","4.9411902186e+08"
"2026-04-26 09:00:00","1.1505449053e+09","4.8841606344e+08"
"2026-04-26 09:30:00","1.3865996730e+09","6.0920541685e+08"
"2026-04-26 10:00:00","1.5646223694e+09","5.8530441385e+08"
"2026-04-26 10:30:00","1.7816563917e+09","8.0258949012e+08"
"2026-04-26 11:00:00","2.0137333480e+09","8.8799733113e+08"
"2026-04-26 11:30:00","2.1578218238e+09","1.0109227656e+09"
"2026-04-26 12:00:00","2.4121225702e+09","1.0287556579e+09"
"2026-04-26 12:30:00","2.8723514039e+09","1.1090430471e+09"
"2026-04-26 13:00:00","2.6588049990e+09","9.6160073577e+08"
"2026-04-26 13:30:00","2.4922902282e+09","7.9672204430e+08"
"2026-04-26 14:00:00","3.1899978284e+09","7.9064048792e+08"
"2026-04-26 14:30:00","2.9324438024e+09","8.5308445496e+08"
"2026-04-26 15:00:00","3.5034011855e+09","9.5635741642e+08"
"2026-04-26 15:30:00","3.4559335558e+09","9.5469612054e+08"
"2026-04-26 16:00:00","4.2441348832e+09","8.0487808134e+08"
"2026-04-26 16:30:00","4.2320139930e+09","8.7938806061e+08"
"2026-04-26 17:00:00","4.0934761661e+09","8.2165865758e+08"
"2026-04-26 17:30:00","4.1432908445e+09","8.2328944578e+08"
"2026-04-26 18:00:00","4.5186453079e+09","9.9331114823e+08"
"2026-04-26 18:30:00","4.3202775075e+09","7.2187921975e+08"
"2026-04-26 19:00:00","3.9483963374e+09","9.3415770763e+08"
"2026-04-26 19:30:00","4.0835949810e+09","8.4415709602e+08"
"2026-04-26 20:00:00","4.5083757753e+09","9.9739957973e+08"
"2026-04-26 20:30:00","4.2153884829e+09","8.7551013741e+08"
"2026-04-26 21:00:00","4.6016215991e+09","8.2377143310e+08"
"2026-04-26 21:30:00","5.1612314056e+09","9.5793304713e+08"
"2026-04-26 22:00:00","5.4457092576e+09","1.3200381890e+09"
"2026-04-26 22:30:00","5.8009245719e+09","1.1977786531e+09"
"2026-04-26 23:00:00","6.2469915919e+09","1.1889167462e+09"
"2026-04-26 23:30:00","5.3945237098e+09","1.1389802885e+09"
"2026-04-27 00:00:00","4.4899385072e+09","9.6448959610e+08"
"2026-04-27 00:30:00","3.4252044346e+09","1.1647769377e+09"
"2026-04-27 01:00:00","2.6945274192e+09","9.8305705720e+08"
"2026-04-27 01:30:00","1.9997542400e+09","9.5262649023e+08"
"2026-04-27 02:00:00","1.6636105159e+09","6.7141114427e+08"
"2026-04-27 02:30:00","1.3659351905e+09","7.6150478629e+08"
"2026-04-27 03:00:00","1.0307697717e+09","5.6813544964e+08"
"2026-04-27 03:30:00","8.7087808043e+08","3.7481339640e+08"
"2026-04-27 04:00:00","7.1617635631e+08","3.4463576783e+08"
"2026-04-27 04:30:00","6.7534304820e+08","2.7937318938e+08"
"2026-04-27 05:00:00","6.3896104098e+08","2.7976878234e+08"
"2026-04-27 05:30:00","5.9595029202e+08","2.8096212936e+08"
"2026-04-27 06:00:00","5.9519138599e+08","4.2109440373e+08"
"2026-04-27 06:30:00","5.7174401169e+08","3.5748766744e+08"
"2026-04-27 07:00:00","6.9297251751e+08","3.7565413383e+08"
"2026-04-27 07:30:00","8.4759361866e+08","4.7683940647e+08"
"2026-04-27 08:00:00","1.0419953033e+09","5.7269676964e+08"
"2026-04-27 08:30:00","1.2056769124e+09","6.7223602441e+08"
"2026-04-27 09:00:00","1.4603262107e+09","8.9350449166e+08"
"2026-04-27 09:30:00","1.4030512839e+09","1.0274013179e+09"
"2026-04-27 10:00:00","1.4843379110e+09","9.2951001890e+08"
"2026-04-27 10:30:00","1.4138885790e+09","9.2507964068e+08"
"2026-04-27 11:00:00","1.5392492302e+09","9.8914268266e+08"
"2026-04-27 11:30:00","1.6860272504e+09","1.1015271754e+09"
"2026-04-27 12:00:00","1.4509224561e+09","1.1107359291e+09"
"2026-04-27 12:30:00","1.9675139708e+09","1.1854952063e+09"
"2026-04-27 13:00:00","1.8767712366e+09","1.3628342917e+09"
"2026-04-27 13:30:00","1.7775042151e+09","1.3438791085e+09"
"2026-04-27 14:00:00","1.7352956387e+09","1.0949755806e+09"
"2026-04-27 14:30:00","1.9444996510e+09","1.0480415036e+09"
"2026-04-27 15:00:00","2.4385145242e+09","1.1714710666e+09"
"2026-04-27 15:30:00","2.7159243645e+09","1.1888710198e+09"
"2026-04-27 16:00:00","3.6338483541e+09","1.2414309544e+09"
"2026-04-27 16:30:00","3.5295269813e+09","1.1845296489e+09"
"2026-04-27 17:00:00","3.2386138145e+09","1.1528126622e+09"
"2026-04-27 17:30:00","NaN","NaN"
