"Title:","'ALCORT_R1_Mikrotik - Traffic XTRA VoIP'"
"Vertical Label:","'bits per second'"
"Start Date:","2026-03-27 23:00:00"
"End Date:","2026-03-27 23:00:00"
"Step:","7200"
"Total Rows:","373"
"Graph ID:","98"
"Host ID:","25"
""
"Date","Inbound","Outbound"
"2026-03-27 23:00:00","6.9605501670e+05","7.4232852532e+05"
"2026-03-28 01:00:00","1.1825619452e+05","1.2635165399e+05"
"2026-03-28 03:00:00","1.0077120267e+04","1.1133248567e+04"
"2026-03-28 05:00:00","1.1430742593e+04","1.2956580463e+04"
"2026-03-28 07:00:00","7.2257597222e+03","8.1481195370e+03"
"2026-03-28 09:00:00","5.2809965648e+04","5.6457785556e+04"
"2026-03-28 11:00:00","7.7114455972e+05","8.2169952741e+05"
"2026-03-28 13:00:00","1.0641475236e+06","1.1334287253e+06"
"2026-03-28 15:00:00","9.3716577870e+05","1.0034725185e+06"
"2026-03-28 17:00:00","4.3053902139e+05","4.5854741491e+05"
"2026-03-28 19:00:00","6.3651183363e+05","6.7869676391e+05"
"2026-03-28 21:00:00","6.9228157489e+05","7.3717434044e+05"
"2026-03-28 23:00:00","6.2913005333e+05","6.7084845907e+05"
"2026-03-29 01:00:00","7.3499957870e+04","7.8678736296e+04"
"2026-03-29 04:00:00","1.5158842706e+04","1.6458031160e+04"
"2026-03-29 06:00:00","9.4202839672e+03","1.0419987974e+04"
"2026-03-29 08:00:00","5.5903496198e+04","5.9963051237e+04"
"2026-03-29 10:00:00","8.3629728556e+04","8.9137048271e+04"
"2026-03-29 12:00:00","6.8675530228e+05","7.3231343654e+05"
"2026-03-29 14:00:00","9.6484418419e+05","1.0274156947e+06"
"2026-03-29 16:00:00","5.8724300381e+05","6.2655973769e+05"
"2026-03-29 18:00:00","4.6932768774e+05","5.0130932577e+05"
"2026-03-29 20:00:00","7.1165126264e+05","7.5933750432e+05"
"2026-03-29 22:00:00","8.5334763931e+05","9.1090239864e+05"
"2026-03-30 00:00:00","4.0526819444e+05","4.3148591324e+05"
"2026-03-30 02:00:00","1.3435409980e+04","1.4671033336e+04"
"2026-03-30 04:00:00","8.1480729834e+03","8.6643865709e+03"
"2026-03-30 06:00:00","6.6024202935e+03","7.1597387021e+03"
"2026-03-30 08:00:00","1.8391864429e+04","1.9453612409e+04"
"2026-03-30 10:00:00","8.2129022898e+05","8.7197259046e+05"
"2026-03-30 12:00:00","2.3417367888e+06","2.4876799546e+06"
"2026-03-30 14:00:00","2.3961576243e+06","2.5522083679e+06"
"2026-03-30 16:00:00","1.0053193581e+06","1.0673355009e+06"
"2026-03-30 18:00:00","1.3595270996e+06","1.4462428812e+06"
"2026-03-30 20:00:00","1.1887177736e+06","1.2636074156e+06"
"2026-03-30 22:00:00","8.6091502210e+05","9.1866564677e+05"
"2026-03-31 00:00:00","3.2676055989e+05","3.4790815460e+05"
"2026-03-31 02:00:00","2.7451277947e+04","2.9142191299e+04"
"2026-03-31 04:00:00","5.0904466321e+03","5.6052443675e+03"
"2026-03-31 06:00:00","7.0174351852e+03","7.7825638889e+03"
"2026-03-31 08:00:00","2.0122814630e+04","2.1450458981e+04"
"2026-03-31 10:00:00","1.0537675959e+06","1.1254608251e+06"
"2026-03-31 12:00:00","2.2628215804e+06","2.4043380923e+06"
"2026-03-31 14:00:00","2.6008652964e+06","2.7658436561e+06"
"2026-03-31 16:00:00","7.5543622102e+05","8.0362539333e+05"
"2026-03-31 18:00:00","1.1726863970e+06","1.2697349119e+06"
"2026-03-31 20:00:00","1.1967249061e+06","1.2727880819e+06"
"2026-03-31 22:00:00","9.3842518413e+05","9.9840319820e+05"
"2026-04-01 00:00:00","3.3603220153e+05","3.5772926059e+05"
"2026-04-01 02:00:00","2.6108907571e+04","2.8533370659e+04"
"2026-04-01 04:00:00","9.1396727834e+03","9.8817149868e+03"
"2026-04-01 06:00:00","6.2424255701e+03","6.9952374827e+03"
"2026-04-01 08:00:00","1.2002742098e+04","1.1787373274e+04"
"2026-04-01 10:00:00","8.6483075063e+05","9.1921516895e+05"
"2026-04-01 12:00:00","2.2614277890e+06","2.4443190511e+06"
"2026-04-01 14:00:00","2.4608266289e+06","2.6197899443e+06"
"2026-04-01 16:00:00","9.9686296038e+05","1.0604181620e+06"
"2026-04-01 18:00:00","1.1713014045e+06","1.2470898651e+06"
"2026-04-01 20:00:00","1.2616205096e+06","1.3456840147e+06"
"2026-04-01 22:00:00","7.8273400387e+05","8.3463754389e+05"
"2026-04-02 00:00:00","3.3734368220e+05","3.5925306597e+05"
"2026-04-02 02:00:00","4.2982030716e+04","4.6942981299e+04"
"2026-04-02 04:00:00","1.0314971479e+04","1.0928813719e+04"
"2026-04-02 06:00:00","8.2965801028e+03","1.0680386696e+04"
"2026-04-02 08:00:00","1.7044120717e+04","1.8505067894e+04"
"2026-04-02 10:00:00","4.3927039206e+05","4.6943266712e+05"
"2026-04-02 12:00:00","1.3776133975e+06","1.4678152986e+06"
"2026-04-02 14:00:00","1.6655615207e+06","1.7767701775e+06"
"2026-04-02 16:00:00","8.2029651691e+05","8.7771194587e+05"
"2026-04-02 18:00:00","6.3259228278e+05","6.7592186917e+05"
"2026-04-02 20:00:00","1.1548753741e+06","1.2357531594e+06"
"2026-04-02 22:00:00","8.6896961880e+05","9.2588326787e+05"
"2026-04-03 00:00:00","3.3119719370e+05","3.5312722928e+05"
"2026-04-03 02:00:00","8.1890237503e+04","8.8243987199e+04"
"2026-04-03 04:00:00","1.9778706389e+04","2.1903339815e+04"
"2026-04-03 06:00:00","1.2471628333e+04","1.3749903333e+04"
"2026-04-03 08:00:00","1.5502462315e+04","1.7094412407e+04"
"2026-04-03 10:00:00","2.3648680435e+05","2.5161896222e+05"
"2026-04-03 12:00:00","9.7181378324e+05","1.0385968041e+06"
"2026-04-03 14:00:00","1.2691060149e+06","1.3526634524e+06"
"2026-04-03 16:00:00","6.5756228787e+05","6.8995669806e+05"
"2026-04-03 18:00:00","5.3342647896e+05","5.6752102487e+05"
"2026-04-03 20:00:00","6.9156867182e+05","7.3877475818e+05"
"2026-04-03 22:00:00","7.2850262302e+05","7.7564695871e+05"
"2026-04-04 00:00:00","3.4699548343e+05","3.6948631229e+05"
"2026-04-04 02:00:00","7.3829411220e+04","7.8841234153e+04"
"2026-04-04 04:00:00","3.9139535627e+04","4.1560902078e+04"
"2026-04-04 06:00:00","1.3648726111e+04","1.5064717963e+04"
"2026-04-04 08:00:00","4.2820829337e+04","4.6057628666e+04"
"2026-04-04 10:00:00","2.5320715418e+05","2.6926590911e+05"
"2026-04-04 12:00:00","9.4713553519e+05","1.0045804448e+06"
"2026-04-04 14:00:00","1.2715612575e+06","1.3522758563e+06"
"2026-04-04 16:00:00","5.7419401415e+05","6.0679595535e+05"
"2026-04-04 18:00:00","4.8115505484e+05","5.1175855942e+05"
"2026-04-04 20:00:00","7.5110941378e+05","7.9935251793e+05"
"2026-04-04 22:00:00","8.2311189648e+05","8.7606921350e+05"
"2026-04-05 00:00:00","3.1128663242e+05","3.3368900842e+05"
"2026-04-05 02:00:00","6.5418701840e+04","6.8886121093e+04"
"2026-04-05 04:00:00","3.8967868744e+04","4.1140255822e+04"
"2026-04-05 06:00:00","9.9272471579e+03","1.0940881883e+04"
"2026-04-05 08:00:00","1.5084650470e+04","1.5829364834e+04"
"2026-04-05 10:00:00","1.8716357767e+05","1.9907549545e+05"
"2026-04-05 12:00:00","7.2776663222e+05","7.7419616689e+05"
"2026-04-05 14:00:00","7.5931736121e+05","8.0670036357e+05"
"2026-04-05 16:00:00","4.0260441379e+05","4.3025610987e+05"
"2026-04-05 18:00:00","4.8728340819e+05","5.2033895831e+05"
"2026-04-05 20:00:00","8.3743008226e+05","8.9346947791e+05"
"2026-04-05 22:00:00","1.0186377461e+06","1.0862018266e+06"
"2026-04-06 00:00:00","3.2574208111e+05","3.4676781271e+05"
"2026-04-06 02:00:00","3.7424405670e+04","3.9654508978e+04"
"2026-04-06 04:00:00","1.1080114778e+04","1.1845750981e+04"
"2026-04-06 06:00:00","1.8962271667e+04","2.0014959556e+04"
"2026-04-06 08:00:00","1.5743335667e+04","1.6324918000e+04"
"2026-04-06 10:00:00","8.0083333311e+05","8.4515362944e+05"
"2026-04-06 12:00:00","2.2631454594e+06","2.3960991434e+06"
"2026-04-06 14:00:00","2.2232057949e+06","2.3567839239e+06"
"2026-04-06 16:00:00","7.3695239802e+05","7.8363052661e+05"
"2026-04-06 18:00:00","1.0724392656e+06","1.1434700922e+06"
"2026-04-06 20:00:00","1.2504629211e+06","1.3339988586e+06"
"2026-04-06 22:00:00","9.2432022700e+05","9.8474147333e+05"
"2026-04-07 00:00:00","2.5910085122e+05","2.7817013367e+05"
"2026-04-07 02:00:00","1.2555152333e+04","1.4100834333e+04"
"2026-04-07 04:00:00","5.1494455556e+03","6.0962673333e+03"
"2026-04-07 06:00:00","6.2479283862e+03","7.1754447322e+03"
"2026-04-07 08:00:00","1.7230941614e+04","2.0017642601e+04"
"2026-04-07 10:00:00","1.1414623594e+06","1.2304777650e+06"
"2026-04-07 12:00:00","2.9911287623e+06","3.1816208532e+06"
"2026-04-07 14:00:00","2.8576907092e+06","3.0358161447e+06"
"2026-04-07 16:00:00","8.7758172742e+05","9.3163444769e+05"
"2026-04-07 18:00:00","1.3539597833e+06","1.4430579282e+06"
"2026-04-07 20:00:00","1.5137126068e+06","1.6096528699e+06"
"2026-04-07 22:00:00","9.9549952601e+05","1.0594537610e+06"
"2026-04-08 00:00:00","3.6399201154e+05","3.8912942601e+05"
"2026-04-08 02:00:00","2.1945606574e+04","2.3995569352e+04"
"2026-04-08 04:00:00","5.2255158176e+03","6.0027605917e+03"
"2026-04-08 06:00:00","6.5966114046e+03","7.3232631121e+03"
"2026-04-08 08:00:00","2.5377392196e+04","2.6258640278e+04"
"2026-04-08 10:00:00","1.0608665293e+06","1.1293072180e+06"
"2026-04-08 12:00:00","2.7804648749e+06","2.9367597127e+06"
"2026-04-08 14:00:00","2.5762009453e+06","2.7217757783e+06"
"2026-04-08 16:00:00","8.5748280974e+05","9.0809773313e+05"
"2026-04-08 18:00:00","1.4980688865e+06","1.5952497854e+06"
"2026-04-08 20:00:00","1.4729595315e+06","1.5689617504e+06"
"2026-04-08 22:00:00","7.9611463231e+05","8.4845680333e+05"
"2026-04-09 00:00:00","3.7269980519e+05","3.9797514361e+05"
"2026-04-09 02:00:00","1.0299622037e+04","1.1093653148e+04"
"2026-04-09 04:00:00","8.6549654630e+03","9.3504120370e+03"
"2026-04-09 06:00:00","6.2398680556e+03","6.8202716667e+03"
"2026-04-09 08:00:00","1.9312218660e+04","2.0497582250e+04"
"2026-04-09 10:00:00","1.0211668139e+06","1.0791185592e+06"
"2026-04-09 12:00:00","2.5763573438e+06","2.7386563159e+06"
"2026-04-09 14:00:00","2.6243550012e+06","2.7800613498e+06"
"2026-04-09 16:00:00","8.1277224154e+05","8.8403775809e+05"
"2026-04-09 18:00:00","1.1248163320e+06","1.1952969666e+06"
"2026-04-09 20:00:00","1.3074798617e+06","1.3867258799e+06"
"2026-04-09 22:00:00","9.2620945880e+05","9.9137323583e+05"
"2026-04-10 00:00:00","3.4365057019e+05","3.6635460565e+05"
"2026-04-10 02:00:00","1.7116587119e+04","1.8216018628e+04"
"2026-04-10 04:00:00","5.3022909107e+03","7.1649785064e+03"
"2026-04-10 06:00:00","5.3693568777e+03","6.0839123103e+03"
"2026-04-10 08:00:00","4.7461136852e+04","5.0656272222e+04"
"2026-04-10 10:00:00","9.1966797457e+05","9.7617591625e+05"
"2026-04-10 12:00:00","2.5399547923e+06","2.6925652003e+06"
"2026-04-10 14:00:00","2.5777342099e+06","2.7398768608e+06"
"2026-04-10 16:00:00","6.2660548667e+05","6.6506790676e+05"
"2026-04-10 18:00:00","9.3963523580e+05","9.9596218074e+05"
"2026-04-10 20:00:00","1.0390971293e+06","1.1047009317e+06"
"2026-04-10 22:00:00","9.0601521722e+05","9.6456989111e+05"
"2026-04-11 00:00:00","2.7477012722e+05","2.9300183676e+05"
"2026-04-11 02:00:00","3.3352143611e+04","3.5335772037e+04"
"2026-04-11 04:00:00","1.1197731063e+04","1.1724713685e+04"
"2026-04-11 06:00:00","1.3303962246e+04","1.5397281675e+04"
"2026-04-11 08:00:00","2.2485913729e+04","2.4009076886e+04"
"2026-04-11 10:00:00","2.4473979067e+05","2.5934340142e+05"
"2026-04-11 12:00:00","8.5376876198e+05","9.0977612691e+05"
"2026-04-11 14:00:00","9.0987755216e+05","9.6636932248e+05"
"2026-04-11 16:00:00","5.3611081855e+05","5.7019623187e+05"
"2026-04-11 18:00:00","5.1216459302e+05","5.4611838267e+05"
"2026-04-11 20:00:00","7.1609792875e+05","7.6390482709e+05"
"2026-04-11 22:00:00","7.7304428362e+05","8.2421865997e+05"
"2026-04-12 00:00:00","3.9223163701e+05","4.1846717235e+05"
"2026-04-12 02:00:00","5.5645362277e+04","5.9659621803e+04"
"2026-04-12 04:00:00","1.8175783153e+04","1.9574809066e+04"
"2026-04-12 06:00:00","1.3998982294e+04","1.5135856380e+04"
"2026-04-12 08:00:00","2.6566593279e+04","2.8131642423e+04"
"2026-04-12 10:00:00","1.6829476285e+05","1.8080166138e+05"
"2026-04-12 12:00:00","7.6952966657e+05","7.5432951130e+05"
"2026-04-12 14:00:00","9.1236467926e+05","9.7301933296e+05"
"2026-04-12 16:00:00","4.2950156444e+05","4.5936583943e+05"
"2026-04-12 18:00:00","4.9729246843e+05","5.3139912538e+05"
"2026-04-12 20:00:00","7.0475319666e+05","7.5345800516e+05"
"2026-04-12 22:00:00","9.3246044084e+05","9.9411170817e+05"
"2026-04-13 00:00:00","3.9791173482e+05","4.2453182556e+05"
"2026-04-13 02:00:00","1.4739579992e+04","1.6955332054e+04"
"2026-04-13 04:00:00","4.2817274153e+03","5.7797479457e+03"
"2026-04-13 06:00:00","1.3749903519e+04","1.4766644259e+04"
"2026-04-13 08:00:00","1.9396664145e+04","2.0416110949e+04"
"2026-04-13 10:00:00","9.8574494923e+05","1.0482062744e+06"
"2026-04-13 12:00:00","2.5282136365e+06","2.6823115738e+06"
"2026-04-13 14:00:00","2.6973072862e+06","2.8553331823e+06"
"2026-04-13 16:00:00","8.2662479085e+05","8.8170685930e+05"
"2026-04-13 18:00:00","1.2239972561e+06","1.3288938293e+06"
"2026-04-13 20:00:00","1.3740743380e+06","1.4623148217e+06"
"2026-04-13 22:00:00","8.8118386935e+05","9.3810558463e+05"
"2026-04-14 00:00:00","3.2333950001e+05","3.4540753738e+05"
"2026-04-14 02:00:00","2.2815206798e+04","2.5059557627e+04"
"2026-04-14 04:00:00","4.3875265207e+03","4.8888751820e+03"
"2026-04-14 06:00:00","8.5259933743e+03","9.2837719156e+03"
"2026-04-14 08:00:00","3.1055219218e+04","3.2015863733e+04"
"2026-04-14 10:00:00","1.0647396637e+06","1.1312174483e+06"
"2026-04-14 12:00:00","2.5109690603e+06","2.6705546903e+06"
"2026-04-14 14:00:00","2.3696002274e+06","2.5157882019e+06"
"2026-04-14 16:00:00","7.8675041147e+05","8.4029660743e+05"
"2026-04-14 18:00:00","1.0364028195e+06","1.1016286750e+06"
"2026-04-14 20:00:00","1.3649779193e+06","1.4536058352e+06"
"2026-04-14 22:00:00","9.7072053664e+05","1.0380613787e+06"
"2026-04-15 00:00:00","2.7953273357e+05","2.9837841803e+05"
"2026-04-15 02:00:00","7.1676660686e+03","6.5832771539e+03"
"2026-04-15 04:00:00","2.5063077141e+04","2.5281788677e+04"
"2026-04-15 06:00:00","9.5859649718e+03","1.0042530320e+04"
"2026-04-15 08:00:00","2.5251283628e+04","2.7022350077e+04"
"2026-04-15 10:00:00","1.0464869141e+06","1.1163585874e+06"
"2026-04-15 12:00:00","2.6240403426e+06","2.7838104026e+06"
"2026-04-15 14:00:00","2.5265241831e+06","2.6846616070e+06"
"2026-04-15 16:00:00","8.1556411838e+05","8.6579149723e+05"
"2026-04-15 18:00:00","1.1592685471e+06","1.2291572709e+06"
"2026-04-15 20:00:00","1.2741926697e+06","1.3565374421e+06"
"2026-04-15 22:00:00","7.9189795189e+05","8.5091488681e+05"
"2026-04-16 00:00:00","1.6528445801e+05","1.7707450962e+05"
"2026-04-16 02:00:00","8.3775946296e+03","1.0898865278e+04"
"2026-04-16 04:00:00","6.9238508394e+03","7.9290285808e+03"
"2026-04-16 06:00:00","1.5082845054e+04","1.6536699685e+04"
"2026-04-16 08:00:00","4.5114185218e+04","4.7229977197e+04"
"2026-04-16 10:00:00","9.9106914000e+05","1.0516559859e+06"
"2026-04-16 12:00:00","2.4858092800e+06","2.6228352254e+06"
"2026-04-16 14:00:00","2.4755727351e+06","2.6079716492e+06"
"2026-04-16 16:00:00","7.5431919491e+05","7.9773127389e+05"
"2026-04-16 18:00:00","1.1359640640e+06","1.2089141391e+06"
"2026-04-16 20:00:00","1.1733691691e+06","1.2512040535e+06"
"2026-04-16 22:00:00","9.5823770800e+05","1.0214310636e+06"
"2026-04-17 00:00:00","3.3743477876e+05","3.6024713102e+05"
"2026-04-17 02:00:00","3.4831508148e+04","3.7555297963e+04"
"2026-04-17 04:00:00","5.8566856481e+03","6.3310919444e+03"
"2026-04-17 06:00:00","1.4020709167e+04","1.5222749537e+04"
"2026-04-17 08:00:00","5.4015079259e+04","5.7497122315e+04"
"2026-04-17 10:00:00","8.9798970153e+05","9.4921931097e+05"
"2026-04-17 12:00:00","2.2398755616e+06","2.3767412165e+06"
"2026-04-17 14:00:00","2.0940760323e+06","2.2246053681e+06"
"2026-04-17 16:00:00","7.2954211427e+05","7.7358752915e+05"
"2026-04-17 18:00:00","9.0592327315e+05","9.6340768630e+05"
"2026-04-17 20:00:00","8.8831856519e+05","9.4443364176e+05"
"2026-04-17 22:00:00","9.2119022679e+05","9.8167986672e+05"
"2026-04-18 00:00:00","4.2682504021e+05","4.5490543553e+05"
"2026-04-18 02:00:00","2.1936290309e+04","2.3798196179e+04"
"2026-04-18 04:00:00","4.5189387037e+03","5.2824811111e+03"
"2026-04-18 06:00:00","5.4894645370e+03","6.3675246296e+03"
"2026-04-18 08:00:00","1.4325247542e+04","1.5657093448e+04"
"2026-04-18 10:00:00","2.1767142718e+05","2.3115777090e+05"
"2026-04-18 12:00:00","8.9263479694e+05","9.4981150139e+05"
"2026-04-18 14:00:00","9.5435976019e+05","1.0202201098e+06"
"2026-04-18 16:00:00","3.9570234352e+05","4.2220752843e+05"
"2026-04-18 18:00:00","5.3138179037e+05","5.6713256315e+05"
"2026-04-18 20:00:00","7.0377701182e+05","7.4961561304e+05"
"2026-04-18 22:00:00","6.2760173944e+05","6.6847245896e+05"
"2026-04-19 00:00:00","3.3420551077e+05","3.5593901485e+05"
"2026-04-19 02:00:00","4.0189068991e+04","4.3018338247e+04"
"2026-04-19 04:00:00","1.1865489815e+04","1.3239565000e+04"
"2026-04-19 06:00:00","9.5548310853e+03","1.0478792849e+04"
"2026-04-19 08:00:00","7.8732378962e+03","8.9825510398e+03"
"2026-04-19 10:00:00","2.0411159985e+05","2.1807640277e+05"
"2026-04-19 12:00:00","7.5182748949e+05","7.9829782639e+05"
"2026-04-19 14:00:00","7.9701519255e+05","8.4885554428e+05"
"2026-04-19 16:00:00","3.2445541217e+05","3.4662171080e+05"
"2026-04-19 18:00:00","3.4692052845e+05","3.7080608770e+05"
"2026-04-19 20:00:00","7.0729391926e+05","7.5495308193e+05"
"2026-04-19 22:00:00","8.2142519377e+05","8.7451606038e+05"
"2026-04-20 00:00:00","3.1039644308e+05","3.3036771371e+05"
"2026-04-20 02:00:00","1.5415354073e+04","1.6738609854e+04"
"2026-04-20 04:00:00","5.8403096206e+03","6.2203254237e+03"
"2026-04-20 06:00:00","5.6705913069e+03","6.3439724074e+03"
"2026-04-20 08:00:00","2.5869884630e+04","2.7147399630e+04"
"2026-04-20 10:00:00","9.9245323339e+05","1.0515106842e+06"
"2026-04-20 12:00:00","2.7218323694e+06","2.8823399990e+06"
"2026-04-20 14:00:00","2.4477795085e+06","2.5922646592e+06"
"2026-04-20 16:00:00","8.5855259067e+05","9.1331218900e+05"
"2026-04-20 18:00:00","1.2009338307e+06","1.2900303453e+06"
"2026-04-20 20:00:00","1.0886328177e+06","1.1585299340e+06"
"2026-04-20 22:00:00","9.5109038722e+05","1.0141190481e+06"
"2026-04-21 00:00:00","3.2988888327e+05","3.5198529572e+05"
"2026-04-21 02:00:00","1.0596344691e+04","1.0945110576e+04"
"2026-04-21 04:00:00","7.2513197913e+03","8.5867027009e+03"
"2026-04-21 06:00:00","6.7899331975e+03","7.7325425921e+03"
"2026-04-21 08:00:00","1.9365090159e+04","2.0475949614e+04"
"2026-04-21 10:00:00","1.0572750736e+06","1.1423563463e+06"
"2026-04-21 12:00:00","2.3702600877e+06","2.5404467499e+06"
"2026-04-21 14:00:00","2.5675040174e+06","2.7286411492e+06"
"2026-04-21 16:00:00","7.9338922057e+05","8.4114885948e+05"
"2026-04-21 18:00:00","1.2431962739e+06","1.3220533421e+06"
"2026-04-21 20:00:00","1.3348316476e+06","1.4213665938e+06"
"2026-04-21 22:00:00","8.3159462597e+05","8.8685108110e+05"
"2026-04-22 00:00:00","2.7381782583e+05","2.9221212806e+05"
"2026-04-22 02:00:00","3.4138499614e+04","3.6651350770e+04"
"2026-04-22 04:00:00","6.5433766818e+03","8.0821474712e+03"
"2026-04-22 06:00:00","5.4976353947e+03","6.0831770644e+03"
"2026-04-22 08:00:00","1.7562720601e+04","1.8310595173e+04"
"2026-04-22 10:00:00","9.8542028552e+05","1.0425779104e+06"
"2026-04-22 12:00:00","2.1981744223e+06","2.3257022831e+06"
"2026-04-22 14:00:00","2.6435564210e+06","2.8099807176e+06"
"2026-04-22 16:00:00","1.0189647431e+06","1.0841340011e+06"
"2026-04-22 18:00:00","1.2177661805e+06","1.2935546956e+06"
"2026-04-22 20:00:00","1.3608610173e+06","1.4502746746e+06"
"2026-04-22 22:00:00","7.6043979500e+05","8.1031039889e+05"
"2026-04-23 00:00:00","2.2104183787e+05","2.3526648111e+05"
"2026-04-23 02:00:00","9.0525621296e+03","1.0170175556e+04"
"2026-04-23 04:00:00","1.6750835556e+04","1.5943144630e+04"
"2026-04-23 06:00:00","8.0831230556e+03","9.5024649074e+03"
"2026-04-23 08:00:00","2.3766377172e+04","2.5054902644e+04"
"2026-04-23 10:00:00","9.6195670644e+05","1.0210909372e+06"
"2026-04-23 12:00:00","2.1691373140e+06","2.3009748219e+06"
"2026-04-23 14:00:00","2.2863702820e+06","2.4246485651e+06"
"2026-04-23 16:00:00","8.7450379296e+05","9.2884166898e+05"
"2026-04-23 18:00:00","1.0944453361e+06","1.1641887754e+06"
"2026-04-23 20:00:00","1.2994733034e+06","1.3845373043e+06"
"2026-04-23 22:00:00","9.5230402038e+05","1.0133437311e+06"
"2026-04-24 00:00:00","4.1427757564e+05","4.4250438747e+05"
"2026-04-24 02:00:00","2.6942417500e+04","2.9054087037e+04"
"2026-04-24 04:00:00","5.5718073148e+03","6.2185486111e+03"
"2026-04-24 06:00:00","1.6453423500e+04","1.7853420829e+04"
"2026-04-24 08:00:00","1.9519049463e+04","2.2642008801e+04"
"2026-04-24 10:00:00","1.0003867161e+06","1.0621155870e+06"
"2026-04-24 12:00:00","2.2203046790e+06","2.3607675552e+06"
"2026-04-24 14:00:00","2.4537864930e+06","2.5939431982e+06"
"2026-04-24 16:00:00","8.9976084694e+05","9.5648827993e+05"
"2026-04-24 18:00:00","1.0842309553e+06","1.1627986604e+06"
"2026-04-24 20:00:00","1.1717934567e+06","1.2091230752e+06"
"2026-04-24 22:00:00","9.3537107729e+05","9.4960425078e+05"
"2026-04-25 00:00:00","5.3230335666e+05","5.6861589623e+05"
"2026-04-25 02:00:00","4.8812395293e+04","5.1771544356e+04"
"2026-04-25 04:00:00","1.5855232114e+04","1.7413083051e+04"
"2026-04-25 06:00:00","1.5068722407e+04","1.6519433426e+04"
"2026-04-25 08:00:00","1.7721261019e+04","1.8538921574e+04"
"2026-04-25 10:00:00","2.6957367565e+05","2.8544139583e+05"
"2026-04-25 12:00:00","8.6402118213e+05","9.2181217000e+05"
"2026-04-25 14:00:00","1.0800040795e+06","1.1502965561e+06"
"2026-04-25 16:00:00","4.6778245962e+05","5.0051797806e+05"
"2026-04-25 18:00:00","5.5948027547e+05","5.9808956296e+05"
"2026-04-25 20:00:00","5.3658387139e+05","5.7362965259e+05"
"2026-04-25 22:00:00","7.7936076991e+05","8.2968168991e+05"
"2026-04-26 00:00:00","3.8748992907e+05","4.1324265574e+05"
"2026-04-26 02:00:00","3.6704819842e+04","3.9702259707e+04"
"2026-04-26 04:00:00","8.2978185974e+03","9.3622557559e+03"
"2026-04-26 06:00:00","1.0645707656e+04","1.1676906234e+04"
"2026-04-26 08:00:00","3.2050500479e+04","3.4839145433e+04"
"2026-04-26 10:00:00","2.2167736630e+05","2.3606180750e+05"
"2026-04-26 12:00:00","7.0705735657e+05","7.5515797250e+05"
"2026-04-26 14:00:00","9.7052538278e+05","1.0344296502e+06"
"2026-04-26 16:00:00","3.3963284500e+05","3.6160322083e+05"
"2026-04-26 18:00:00","4.3627846569e+05","4.5955818868e+05"
"2026-04-26 20:00:00","8.4782436194e+05","9.0441289894e+05"
"2026-04-26 22:00:00","7.6772061825e+05","8.1372395345e+05"
"2026-04-27 00:00:00","2.8068793977e+05","2.9974145912e+05"
"2026-04-27 02:00:00","1.2042488426e+04","1.3247358241e+04"
"2026-04-27 04:00:00","9.5412220370e+03","1.0648792130e+04"
"2026-04-27 06:00:00","7.0781757407e+03","8.8572122222e+03"
"2026-04-27 08:00:00","1.7318946123e+04","1.8464611914e+04"
"2026-04-27 10:00:00","1.0993701755e+06","1.1672729409e+06"
"2026-04-27 12:00:00","2.6151391300e+06","2.7741582530e+06"
"2026-04-27 14:00:00","2.5895945323e+06","2.7458230344e+06"
"2026-04-27 16:00:00","8.8799648389e+05","9.4456848713e+05"
"2026-04-27 18:00:00","1.2672403270e+06","1.3444910499e+06"
"2026-04-27 20:00:00","1.3354696789e+06","1.4165378660e+06"
"2026-04-27 22:00:00","9.8780336049e+05","1.0522128482e+06"
"2026-04-28 00:00:00","NaN","NaN"
