"Title:","'ALCORT_R1_Mikrotik - Traffic AIRE VoIP'"
"Vertical Label:","'bits per second'"
"Start Date:","2026-04-20 22:30:00"
"End Date:","2026-04-20 22:30:00"
"Step:","1800"
"Total Rows:","337"
"Graph ID:","62"
"Host ID:","25"
""
"Date","Inbound","Outbound"
"2026-04-20 22:30:00","4.6469872486e+05","4.9600919654e+05"
"2026-04-20 23:00:00","3.1546412181e+05","3.3692665087e+05"
"2026-04-20 23:30:00","2.0419357889e+05","2.1748077333e+05"
"2026-04-21 00:00:00","1.3065146579e+03","5.0240769617e+02"
"2026-04-21 00:30:00","1.2630790458e+03","7.1371600753e+02"
"2026-04-21 01:00:00","6.7503998057e+03","6.5929817851e+03"
"2026-04-21 01:30:00","8.3174389800e+02","1.0458265938e+02"
"2026-04-21 02:00:00","7.5411555556e+02","2.9632000000e+02"
"2026-04-21 02:30:00","6.9243629630e+02","1.0456444444e+02"
"2026-04-21 03:00:00","8.0677481481e+02","1.0488000000e+02"
"2026-04-21 03:30:00","1.8954022222e+03","1.1331996296e+03"
"2026-04-21 04:00:00","1.4975451601e+03","8.1990568110e+02"
"2026-04-21 04:30:00","1.5181615066e+03","5.2151691149e+02"
"2026-04-21 05:00:00","1.0124451852e+03","4.1511555556e+02"
"2026-04-21 05:30:00","1.3714980917e+03","8.1132467043e+02"
"2026-04-21 06:00:00","1.1440893643e+03","2.0979044796e+02"
"2026-04-21 06:30:00","2.2900532848e+03","1.6178093260e+03"
"2026-04-21 07:00:00","6.8764677464e+03","6.6521671563e+03"
"2026-04-21 07:30:00","6.2691926240e+03","5.9135024733e+03"
"2026-04-21 08:00:00","4.1074271111e+04","4.2565030000e+04"
"2026-04-21 08:30:00","2.3740298966e+05","2.5237727276e+05"
"2026-04-21 09:00:00","3.8282048034e+05","4.0946480465e+05"
"2026-04-21 09:30:00","8.4598094647e+05","9.0724720242e+05"
"2026-04-21 10:00:00","9.2762862929e+05","9.9624696226e+05"
"2026-04-21 10:30:00","1.0280669835e+06","1.0978447268e+06"
"2026-04-21 11:00:00","1.0796519911e+06","1.1465019419e+06"
"2026-04-21 11:30:00","1.3261588456e+06","1.4175575469e+06"
"2026-04-21 12:00:00","1.0132323243e+06","1.0852887865e+06"
"2026-04-21 12:30:00","1.2667729224e+06","1.3717116388e+06"
"2026-04-21 13:00:00","1.4550064559e+06","1.5591650741e+06"
"2026-04-21 13:30:00","1.2050374966e+06","1.2864064300e+06"
"2026-04-21 14:00:00","8.3254392808e+05","8.9094777887e+05"
"2026-04-21 14:30:00","5.0970622936e+05","5.4081549487e+05"
"2026-04-21 15:00:00","3.3116639704e+05","3.5301845852e+05"
"2026-04-21 15:30:00","1.8521090147e+05","1.9646413434e+05"
"2026-04-21 16:00:00","1.7890895112e+05","1.8916860418e+05"
"2026-04-21 16:30:00","4.1639261222e+05","4.4433602222e+05"
"2026-04-21 17:00:00","3.9997335374e+05","4.2663709578e+05"
"2026-04-21 17:30:00","7.6919445982e+05","8.1988372605e+05"
"2026-04-21 18:00:00","7.3269156831e+05","7.8046902754e+05"
"2026-04-21 18:30:00","5.3689827869e+05","5.7136564488e+05"
"2026-04-21 19:00:00","7.0478408144e+05","7.5050506314e+05"
"2026-04-21 19:30:00","7.7616602542e+05","8.2657710816e+05"
"2026-04-21 20:00:00","7.2692153978e+05","7.7519256028e+05"
"2026-04-21 20:30:00","8.1082145060e+05","8.6527748935e+05"
"2026-04-21 21:00:00","6.7248629667e+05","6.3860008148e+05"
"2026-04-21 21:30:00","9.0895071704e+05","9.4485545667e+05"
"2026-04-21 22:00:00","4.5895098296e+05","4.8926664889e+05"
"2026-04-21 22:30:00","2.0324677481e+05","2.1621066037e+05"
"2026-04-21 23:00:00","2.5961854074e+05","2.7664299556e+05"
"2026-04-21 23:30:00","1.1430991630e+05","1.2164256296e+05"
"2026-04-22 00:00:00","4.1543279259e+04","4.3575917037e+04"
"2026-04-22 00:30:00","3.4731037037e+03","2.9911777778e+03"
"2026-04-22 01:00:00","1.6939444068e+03","1.1858567985e+03"
"2026-04-22 01:30:00","6.6804911488e+02","1.3045258004e+02"
"2026-04-22 02:00:00","6.7779780803e+02","1.1198351764e+02"
"2026-04-22 02:30:00","6.8154644809e+02","1.0514666667e+02"
"2026-04-22 03:00:00","1.0209517668e+03","2.2082754098e+02"
"2026-04-22 03:30:00","1.1865343534e+03","4.4759038251e+02"
"2026-04-22 04:00:00","1.6539705464e+03","9.6574029144e+02"
"2026-04-22 04:30:00","1.0950081481e+03","5.1577111111e+02"
"2026-04-22 05:00:00","9.9426925926e+02","4.1644666667e+02"
"2026-04-22 05:30:00","9.2329518519e+02","1.0674444444e+02"
"2026-04-22 06:00:00","1.7218454948e+03","1.0812395628e+03"
"2026-04-22 06:30:00","4.5380767942e+03","4.1320628051e+03"
"2026-04-22 07:00:00","1.1876125258e+03","4.7704874317e+02"
"2026-04-22 07:30:00","1.0416530370e+04","1.0316124444e+04"
"2026-04-22 08:00:00","2.3901979654e+04","2.4848905647e+04"
"2026-04-22 08:30:00","2.4989870701e+05","2.6836717361e+05"
"2026-04-22 09:00:00","4.4612929313e+05","4.9055158493e+05"
"2026-04-22 09:30:00","6.7435002549e+05","7.2526652993e+05"
"2026-04-22 10:00:00","8.0526629271e+05","8.6457929832e+05"
"2026-04-22 10:30:00","9.6711774714e+05","1.0257107192e+06"
"2026-04-22 11:00:00","8.9871896078e+05","9.5660084832e+05"
"2026-04-22 11:30:00","9.5771937519e+05","1.0236862259e+06"
"2026-04-22 12:00:00","8.0515418481e+05","8.5933409407e+05"
"2026-04-22 12:30:00","1.0345598056e+06","1.0996084885e+06"
"2026-04-22 13:00:00","9.6615863222e+05","1.0332666648e+06"
"2026-04-22 13:30:00","8.9351103667e+05","9.5508140963e+05"
"2026-04-22 14:00:00","7.1889500037e+05","7.6928610185e+05"
"2026-04-22 14:30:00","2.0549666963e+05","2.1916378889e+05"
"2026-04-22 15:00:00","2.1564669114e+05","2.2572179595e+05"
"2026-04-22 15:30:00","1.6293705997e+05","1.7275619627e+05"
"2026-04-22 16:00:00","3.5869390852e+05","3.8052017852e+05"
"2026-04-22 16:30:00","2.7932830667e+05","2.9963718111e+05"
"2026-04-22 17:00:00","3.8887148718e+05","4.1087719849e+05"
"2026-04-22 17:30:00","6.6689615653e+05","7.0875795336e+05"
"2026-04-22 18:00:00","7.8909950519e+05","8.3663652111e+05"
"2026-04-22 18:30:00","6.3035062407e+05","6.6461166148e+05"
"2026-04-22 19:00:00","4.3038592333e+05","4.5505820630e+05"
"2026-04-22 19:30:00","6.4604584037e+05","6.8729710185e+05"
"2026-04-22 20:00:00","3.6193952259e+05","3.8463292667e+05"
"2026-04-22 20:30:00","5.3564283333e+05","5.7162351222e+05"
"2026-04-22 21:00:00","4.2091360667e+05","4.4802807074e+05"
"2026-04-22 21:30:00","5.6266119374e+05","5.9898569567e+05"
"2026-04-22 22:00:00","5.9471959775e+05","6.3403577804e+05"
"2026-04-22 22:30:00","5.8755998109e+05","6.2174929164e+05"
"2026-04-22 23:00:00","4.0378907040e+05","4.2626030465e+05"
"2026-04-22 23:30:00","8.0730960000e+04","8.5401023333e+04"
"2026-04-23 00:00:00","5.6470739259e+04","5.9559360000e+04"
"2026-04-23 00:30:00","1.7262049592e+03","6.0722726930e+02"
"2026-04-23 01:00:00","4.2729114670e+04","4.4896883101e+04"
"2026-04-23 01:30:00","9.3880318519e+04","9.9960975556e+04"
"2026-04-23 02:00:00","8.3647100741e+04","8.8811365556e+04"
"2026-04-23 02:30:00","8.1241074444e+04","8.6410183333e+04"
"2026-04-23 03:00:00","7.9545916296e+04","8.4520322222e+04"
"2026-04-23 03:30:00","5.7737994815e+04","6.1163280741e+04"
"2026-04-23 04:00:00","1.4426000000e+03","7.9772222222e+02"
"2026-04-23 04:30:00","1.3853859259e+03","4.7412000000e+02"
"2026-04-23 05:00:00","1.5288329630e+03","7.0069555556e+02"
"2026-04-23 05:30:00","6.3619444444e+02","1.0545111111e+02"
"2026-04-23 06:00:00","6.7196703704e+02","1.0585111111e+02"
"2026-04-23 06:30:00","1.1975477778e+03","5.1094222222e+02"
"2026-04-23 07:00:00","1.0589351852e+03","4.3860666667e+02"
"2026-04-23 07:30:00","2.8016381852e+04","2.9128358644e+04"
"2026-04-23 08:00:00","3.5318027978e+04","3.6934794944e+04"
"2026-04-23 08:30:00","1.7747100943e+05","1.8712203234e+05"
"2026-04-23 09:00:00","2.9398782384e+05","3.1489779675e+05"
"2026-04-23 09:30:00","6.7464943209e+05","7.2274073918e+05"
"2026-04-23 10:00:00","9.6207281593e+05","1.0322393441e+06"
"2026-04-23 10:30:00","1.1423128822e+06","1.2254756504e+06"
"2026-04-23 11:00:00","9.7464286407e+05","1.0437138352e+06"
"2026-04-23 11:30:00","7.7431685593e+05","8.2782089667e+05"
"2026-04-23 12:00:00","1.1200849843e+06","1.1979528826e+06"
"2026-04-23 12:30:00","1.0293343757e+06","1.1005560311e+06"
"2026-04-23 13:00:00","1.0474120900e+06","1.1198217356e+06"
"2026-04-23 13:30:00","1.0594400041e+06","1.1365692696e+06"
"2026-04-23 14:00:00","8.0719655852e+05","8.6005742222e+05"
"2026-04-23 14:30:00","3.6127404525e+05","3.8467594291e+05"
"2026-04-23 15:00:00","3.3499054798e+05","3.5805497093e+05"
"2026-04-23 15:30:00","1.9760161714e+05","2.0897136320e+05"
"2026-04-23 16:00:00","4.1009366444e+05","4.3648369704e+05"
"2026-04-23 16:30:00","4.4217114469e+05","4.7025669761e+05"
"2026-04-23 17:00:00","4.4010126309e+05","4.7388578424e+05"
"2026-04-23 17:30:00","5.4392317333e+05","5.7876058259e+05"
"2026-04-23 18:00:00","5.1174504370e+05","5.4384498704e+05"
"2026-04-23 18:30:00","6.1244661963e+05","6.5211704741e+05"
"2026-04-23 19:00:00","6.4074423667e+05","6.8485585889e+05"
"2026-04-23 19:30:00","6.2045106296e+05","6.6209531667e+05"
"2026-04-23 20:00:00","4.0432500481e+05","4.3018214407e+05"
"2026-04-23 20:30:00","5.3881290333e+05","5.7526809407e+05"
"2026-04-23 21:00:00","6.2467172222e+05","6.6593034222e+05"
"2026-04-23 21:30:00","8.5374870407e+05","9.1308473407e+05"
"2026-04-23 22:00:00","6.7446692892e+05","7.1976131791e+05"
"2026-04-23 22:30:00","3.0217358034e+05","3.2272628691e+05"
"2026-04-23 23:00:00","3.7948108328e+05","4.0510512165e+05"
"2026-04-23 23:30:00","1.1819706672e+05","1.2581120576e+05"
"2026-04-24 00:00:00","7.0268394444e+04","7.4893444444e+04"
"2026-04-24 00:30:00","7.3845462963e+03","7.7024977778e+03"
"2026-04-24 01:00:00","2.3078425173e+03","1.6293646704e+03"
"2026-04-24 01:30:00","6.1502489014e+02","1.1045088512e+02"
"2026-04-24 02:00:00","6.9257037037e+02","1.0687333333e+02"
"2026-04-24 02:30:00","1.7719674074e+03","1.1895422222e+03"
"2026-04-24 03:00:00","7.4524666667e+02","1.0747777778e+02"
"2026-04-24 03:30:00","9.9338481481e+02","4.1424000000e+02"
"2026-04-24 04:00:00","1.6325637037e+03","8.9617555556e+02"
"2026-04-24 04:30:00","2.0079881481e+03","1.1570081481e+03"
"2026-04-24 05:00:00","9.8809925926e+02","1.7152518519e+02"
"2026-04-24 05:30:00","4.7044696296e+03","4.4265600000e+03"
"2026-04-24 06:00:00","6.5559447480e+02","1.0448014572e+02"
"2026-04-24 06:30:00","1.0874158956e+03","5.1293318761e+02"
"2026-04-24 07:00:00","4.4071514815e+03","4.0236622222e+03"
"2026-04-24 07:30:00","1.3293081481e+04","1.3602897778e+04"
"2026-04-24 08:00:00","4.5260212963e+04","4.7272199630e+04"
"2026-04-24 08:30:00","1.9919211667e+05","2.1252208556e+05"
"2026-04-24 09:00:00","2.4303151556e+05","2.6509977407e+05"
"2026-04-24 09:30:00","6.4480835179e+05","6.9348443094e+05"
"2026-04-24 10:00:00","7.4762245859e+05","8.0458527758e+05"
"2026-04-24 10:30:00","8.1366357741e+05","8.7447250889e+05"
"2026-04-24 11:00:00","1.1477446511e+06","1.2404225856e+06"
"2026-04-24 11:30:00","1.0564734341e+06","1.1344748993e+06"
"2026-04-24 12:00:00","1.0559356289e+06","1.1296419263e+06"
"2026-04-24 12:30:00","1.1119610900e+06","1.1784946015e+06"
"2026-04-24 13:00:00","1.0341497415e+06","1.0973254163e+06"
"2026-04-24 13:30:00","1.0021867151e+06","1.0749546674e+06"
"2026-04-24 14:00:00","6.7627203634e+05","7.2608627740e+05"
"2026-04-24 14:30:00","4.8143243556e+05","5.1408090000e+05"
"2026-04-24 15:00:00","4.3561881593e+05","4.6566515037e+05"
"2026-04-24 15:30:00","4.5998429148e+05","4.9036111630e+05"
"2026-04-24 16:00:00","3.2786439366e+05","3.5064088752e+05"
"2026-04-24 16:30:00","2.6735851597e+05","2.8530801396e+05"
"2026-04-24 17:00:00","4.1545964563e+05","4.3412997008e+05"
"2026-04-24 17:30:00","6.5683844240e+05","6.9761386244e+05"
"2026-04-24 18:00:00","6.0513394448e+05","6.4365585213e+05"
"2026-04-24 18:30:00","4.3432436415e+05","4.6237351498e+05"
"2026-04-24 19:00:00","5.5329095333e+05","5.8483749185e+05"
"2026-04-24 19:30:00","7.5289477239e+05","8.0364863957e+05"
"2026-04-24 20:00:00","5.0755507094e+05","5.4081388705e+05"
"2026-04-24 20:30:00","3.9954327279e+05","4.2572932350e+05"
"2026-04-24 21:00:00","4.8012447129e+05","5.1167519063e+05"
"2026-04-24 21:30:00","5.9177496185e+05","6.3046844370e+05"
"2026-04-24 22:00:00","6.5385244685e+05","6.9757273681e+05"
"2026-04-24 22:30:00","5.8046621522e+05","6.1850514456e+05"
"2026-04-24 23:00:00","3.7219562274e+05","3.9740894122e+05"
"2026-04-24 23:30:00","2.4384038441e+05","2.6081231558e+05"
"2026-04-25 00:00:00","1.2488337707e+05","1.3285116368e+05"
"2026-04-25 00:30:00","6.5887394444e+04","6.9626559259e+04"
"2026-04-25 01:00:00","4.7751877778e+03","4.4875866667e+03"
"2026-04-25 01:30:00","5.3371944444e+03","5.4749533333e+03"
"2026-04-25 02:00:00","8.2437062538e+02","1.0525067395e+02"
"2026-04-25 02:30:00","1.1542782635e+03","1.0319154827e+02"
"2026-04-25 03:00:00","1.1394781481e+03","1.1360222222e+02"
"2026-04-25 03:30:00","1.1529011111e+03","4.0714000000e+02"
"2026-04-25 04:00:00","1.8748325926e+03","1.2214088889e+03"
"2026-04-25 04:30:00","1.3874620590e+03","4.7667826742e+02"
"2026-04-25 05:00:00","1.5969409040e+03","7.0018691777e+02"
"2026-04-25 05:30:00","1.0096759259e+03","1.0418370370e+02"
"2026-04-25 06:00:00","1.0933181481e+03","1.0263185185e+02"
"2026-04-25 06:30:00","1.2108340741e+03","4.6508814815e+02"
"2026-04-25 07:00:00","3.6536174074e+03","3.1603155556e+03"
"2026-04-25 07:30:00","1.5969219854e+03","8.5743067395e+02"
"2026-04-25 08:00:00","1.8694301348e+04","1.9180438215e+04"
"2026-04-25 08:30:00","1.0937389450e+05","1.1434401570e+05"
"2026-04-25 09:00:00","7.6511671056e+04","8.0842108743e+04"
"2026-04-25 09:30:00","8.4207506610e+04","8.7266584068e+04"
"2026-04-25 10:00:00","2.6323728858e+05","2.8025577815e+05"
"2026-04-25 10:30:00","4.1954067444e+05","4.4567736593e+05"
"2026-04-25 11:00:00","4.6854076148e+05","4.9741066037e+05"
"2026-04-25 11:30:00","2.9389979778e+05","3.1269656481e+05"
"2026-04-25 12:00:00","5.4746540444e+05","5.8203616000e+05"
"2026-04-25 12:30:00","3.2268674593e+05","3.4130098296e+05"
"2026-04-25 13:00:00","4.1795796765e+05","4.4535438269e+05"
"2026-04-25 13:30:00","5.3169270716e+05","5.6278396435e+05"
"2026-04-25 14:00:00","3.9170096852e+05","4.1616546667e+05"
"2026-04-25 14:30:00","2.1079198148e+05","2.2287771704e+05"
"2026-04-25 15:00:00","8.9060667037e+04","9.4178120370e+04"
"2026-04-25 15:30:00","1.7569702815e+05","1.8656219296e+05"
"2026-04-25 16:00:00","1.0661414881e+05","1.1310621151e+05"
"2026-04-25 16:30:00","2.1393585749e+05","2.2793231035e+05"
"2026-04-25 17:00:00","2.1112680815e+05","2.2471742556e+05"
"2026-04-25 17:30:00","3.4546921148e+05","3.6604808111e+05"
"2026-04-25 18:00:00","5.1292646259e+05","5.4749398889e+05"
"2026-04-25 18:30:00","4.5164487704e+05","4.8183545370e+05"
"2026-04-25 19:00:00","5.8897096037e+05","6.2870846481e+05"
"2026-04-25 19:30:00","3.8806601261e+05","4.1458301496e+05"
"2026-04-25 20:00:00","2.4581446332e+05","2.6177607541e+05"
"2026-04-25 20:30:00","2.9677205963e+05","3.1538323074e+05"
"2026-04-25 21:00:00","3.7286691630e+05","3.9620991778e+05"
"2026-04-25 21:30:00","3.7526142889e+05","3.9951383741e+05"
"2026-04-25 22:00:00","3.4341507481e+05","3.6151798148e+05"
"2026-04-25 22:30:00","2.5991941963e+05","2.7491262259e+05"
"2026-04-25 23:00:00","2.9799438778e+05","3.1675811222e+05"
"2026-04-25 23:30:00","1.0940164148e+05","1.1589325185e+05"
"2026-04-26 00:00:00","9.5880819630e+04","1.0126372593e+05"
"2026-04-26 00:30:00","6.6723015556e+04","7.0576790000e+04"
"2026-04-26 01:00:00","1.6932536221e+03","7.1986589454e+02"
"2026-04-26 01:30:00","1.3717793409e+03","1.0514410546e+02"
"2026-04-26 02:00:00","2.1958192896e+03","9.6658987250e+02"
"2026-04-26 02:30:00","8.7247774742e+02","1.1731679417e+02"
"2026-04-26 03:00:00","9.2493167264e+02","1.0459569892e+02"
"2026-04-26 03:30:00","2.5394801792e+03","1.4478665233e+03"
"2026-04-26 04:00:00","5.8047619126e+03","5.0305908197e+03"
"2026-04-26 04:30:00","1.9781190528e+03","9.1439744991e+02"
"2026-04-26 05:00:00","1.4870219235e+03","4.1748728597e+02"
"2026-04-26 05:30:00","1.3499767407e+03","1.0459111111e+02"
"2026-04-26 06:00:00","6.5402050220e+03","7.3218587571e+03"
"2026-04-26 06:30:00","1.3564097928e+03","5.0609013183e+02"
"2026-04-26 07:00:00","1.0445051852e+03","1.0494444444e+02"
"2026-04-26 07:30:00","3.0172444444e+03","1.6520503704e+03"
"2026-04-26 08:00:00","5.8837240741e+03","4.1642948148e+03"
"2026-04-26 08:30:00","1.3174523259e+05","1.3951702444e+05"
"2026-04-26 09:00:00","4.8092361111e+04","4.7636655926e+04"
"2026-04-26 09:30:00","1.5722621593e+05","1.6664235926e+05"
"2026-04-26 10:00:00","2.2328905778e+05","2.3564274259e+05"
"2026-04-26 10:30:00","4.5104154296e+05","4.7883146778e+05"
"2026-04-26 11:00:00","3.6947921556e+05","3.9333268667e+05"
"2026-04-26 11:30:00","5.3894700148e+05","5.7321430778e+05"
"2026-04-26 12:00:00","4.2328824037e+05","4.4869875222e+05"
"2026-04-26 12:30:00","3.6553035185e+05","3.9010983199e+05"
"2026-04-26 13:00:00","3.9859992741e+05","4.2192376801e+05"
"2026-04-26 13:30:00","3.6582345649e+05","3.8954059848e+05"
"2026-04-26 14:00:00","2.8718561092e+05","3.0443978004e+05"
"2026-04-26 14:30:00","4.3453683768e+05","4.6212139693e+05"
"2026-04-26 15:00:00","4.0203165750e+05","4.2609023121e+05"
"2026-04-26 15:30:00","2.7800934037e+05","2.9625707333e+05"
"2026-04-26 16:00:00","2.7410389630e+05","2.9057013444e+05"
"2026-04-26 16:30:00","1.0124522379e+05","1.0625549893e+05"
"2026-04-26 17:00:00","9.3098692137e+04","9.8289654032e+04"
"2026-04-26 17:30:00","2.0572977111e+05","2.1856831704e+05"
"2026-04-26 18:00:00","3.6142646343e+05","3.8503804998e+05"
"2026-04-26 18:30:00","2.9327192139e+05","3.1364815632e+05"
"2026-04-26 19:00:00","4.4404364185e+05","4.7348546370e+05"
"2026-04-26 19:30:00","4.0871645259e+05","4.3525488556e+05"
"2026-04-26 20:00:00","3.2600995163e+05","3.4513699593e+05"
"2026-04-26 20:30:00","3.1776373652e+05","3.3817941926e+05"
"2026-04-26 21:00:00","7.7777503681e+05","8.2731733549e+05"
"2026-04-26 21:30:00","7.5342586494e+05","8.0092536110e+05"
"2026-04-26 22:00:00","6.1906575583e+05","6.6087673463e+05"
"2026-04-26 22:30:00","5.9438742339e+05","6.3523628736e+05"
"2026-04-26 23:00:00","4.7419021866e+05","5.0502747622e+05"
"2026-04-26 23:30:00","4.1801561000e+05","4.4436003704e+05"
"2026-04-27 00:00:00","1.1140641037e+05","1.1795646222e+05"
"2026-04-27 00:30:00","4.2939803704e+04","4.4854411111e+04"
"2026-04-27 01:00:00","9.5459128719e+02","1.0424408015e+02"
"2026-04-27 01:30:00","9.0044389800e+02","1.0882703097e+02"
"2026-04-27 02:00:00","9.4199259259e+02","1.9333777778e+02"
"2026-04-27 02:30:00","1.0267711111e+03","1.1000000000e+02"
"2026-04-27 03:00:00","1.0166170370e+03","2.5456000000e+02"
"2026-04-27 03:30:00","1.4215144444e+03","4.1422000000e+02"
"2026-04-27 04:00:00","1.7440448148e+03","1.0333711111e+03"
"2026-04-27 04:30:00","1.4379962963e+03","5.0944888889e+02"
"2026-04-27 05:00:00","1.1603885185e+03","4.3676000000e+02"
"2026-04-27 05:30:00","8.3133081607e+02","1.0495578154e+02"
"2026-04-27 06:00:00","8.3986733208e+02","1.1154644068e+02"
"2026-04-27 06:30:00","1.8007069052e+03","8.9475864407e+02"
"2026-04-27 07:00:00","1.7357905022e+03","1.1425613559e+03"
"2026-04-27 07:30:00","4.1608484815e+04","4.3624866667e+04"
"2026-04-27 08:00:00","3.0993399988e+04","3.2269728452e+04"
"2026-04-27 08:30:00","1.8746860446e+05","1.9827134599e+05"
"2026-04-27 09:00:00","2.0006033778e+05","2.1728844111e+05"
"2026-04-27 09:30:00","7.9205604844e+05","8.4798968867e+05"
"2026-04-27 10:00:00","8.6371467008e+05","9.2593728874e+05"
"2026-04-27 10:30:00","7.9951285667e+05","8.5450223963e+05"
"2026-04-27 11:00:00","1.1158837689e+06","1.1894164613e+06"
"2026-04-27 11:30:00","1.1147583615e+06","1.1903146622e+06"
"2026-04-27 12:00:00","9.8291432666e+05","1.0532289369e+06"
"2026-04-27 12:30:00","1.1943560826e+06","1.2806049507e+06"
"2026-04-27 13:00:00","9.8107811963e+05","1.0511978533e+06"
"2026-04-27 13:30:00","1.0821613296e+06","1.1449096074e+06"
"2026-04-27 14:00:00","8.6329282519e+05","9.2094999222e+05"
"2026-04-27 14:30:00","3.8832297186e+05","4.1157098427e+05"
"2026-04-27 15:00:00","2.5543052073e+05","2.6707732722e+05"
"2026-04-27 15:30:00","1.7741085963e+05","1.8938683148e+05"
"2026-04-27 16:00:00","1.9187423444e+05","2.0471511741e+05"
"2026-04-27 16:30:00","4.4162076259e+05","4.7053956741e+05"
"2026-04-27 17:00:00","4.2702570111e+05","4.5599335593e+05"
"2026-04-27 17:30:00","9.3045506556e+05","9.9244702926e+05"
"2026-04-27 18:00:00","7.9057820963e+05","8.4120339111e+05"
"2026-04-27 18:30:00","9.7309607370e+05","1.0392585685e+06"
"2026-04-27 19:00:00","9.3741421407e+05","9.9553218481e+05"
"2026-04-27 19:30:00","6.7613151444e+05","7.2071835889e+05"
"2026-04-27 20:00:00","4.7151078963e+05","4.9573343704e+05"
"2026-04-27 20:30:00","6.9226731185e+05","7.3860951704e+05"
"2026-04-27 21:00:00","4.5393836074e+05","4.8193625111e+05"
"2026-04-27 21:30:00","6.6735684370e+05","7.1142531852e+05"
"2026-04-27 22:00:00","6.9276255262e+05","7.3893908617e+05"
"2026-04-27 22:30:00","NaN","NaN"
