"Title:","'ALCORT_R3_Huawei_Trunk7 - Hurricane 20G Traffic '"
"Vertical Label:","'bits per second'"
"Start Date:","2026-04-20 17:30:00"
"End Date:","2026-04-20 17:30:00"
"Step:","1800"
"Total Rows:","337"
"Graph ID:","271"
"Host ID:","6"
""
"Date","Inbound","Outbound"
"2026-04-20 17:30:00","6.4702635034e+09","1.0917649998e+09"
"2026-04-20 18:00:00","6.2052495553e+09","1.1594544320e+09"
"2026-04-20 18:30:00","5.9632644250e+09","1.1848012036e+09"
"2026-04-20 19:00:00","5.6472769098e+09","1.1176327949e+09"
"2026-04-20 19:30:00","6.1076321930e+09","9.5629254007e+08"
"2026-04-20 20:00:00","6.8429924128e+09","9.1938686194e+08"
"2026-04-20 20:30:00","6.9175123727e+09","9.2491486405e+08"
"2026-04-20 21:00:00","7.7508319040e+09","1.0312650986e+09"
"2026-04-20 21:30:00","8.7603358606e+09","9.1519539601e+08"
"2026-04-20 22:00:00","9.9653811990e+09","9.4825847516e+08"
"2026-04-20 22:30:00","1.0770082549e+10","9.1606263462e+08"
"2026-04-20 23:00:00","1.0990895986e+10","9.3606511141e+08"
"2026-04-20 23:30:00","1.0167912767e+10","8.2806816598e+08"
"2026-04-21 00:00:00","9.2264489830e+09","7.8134937223e+08"
"2026-04-21 00:30:00","6.9158712313e+09","6.2645037003e+08"
"2026-04-21 01:00:00","4.2062605079e+09","6.2171794693e+08"
"2026-04-21 01:30:00","3.4008037332e+09","5.3102624645e+08"
"2026-04-21 02:00:00","2.8343056358e+09","4.6763499104e+08"
"2026-04-21 02:30:00","2.3348908766e+09","4.3256131129e+08"
"2026-04-21 03:00:00","2.0272687009e+09","3.9380653211e+08"
"2026-04-21 03:30:00","1.8158950941e+09","4.2630415197e+08"
"2026-04-21 04:00:00","1.5801631585e+09","3.4629503214e+08"
"2026-04-21 04:30:00","1.4452307040e+09","3.1595364103e+08"
"2026-04-21 05:00:00","1.3616310925e+09","2.8623573364e+08"
"2026-04-21 05:30:00","1.2976143247e+09","2.6850244845e+08"
"2026-04-21 06:00:00","1.2879561368e+09","2.9954033360e+08"
"2026-04-21 06:30:00","1.3644641937e+09","2.4123420488e+08"
"2026-04-21 07:00:00","1.4238968572e+09","2.7141532755e+08"
"2026-04-21 07:30:00","1.9473316395e+09","3.6886792812e+08"
"2026-04-21 08:00:00","2.0882405657e+09","3.0967603596e+08"
"2026-04-21 08:30:00","2.2772156491e+09","3.9535340871e+08"
"2026-04-21 09:00:00","2.2249630308e+09","3.4872911554e+08"
"2026-04-21 09:30:00","2.3085717983e+09","4.9549807696e+08"
"2026-04-21 10:00:00","2.4250557295e+09","4.8262049144e+08"
"2026-04-21 10:30:00","2.8084909994e+09","5.2156962413e+08"
"2026-04-21 11:00:00","2.6087191493e+09","5.6402446919e+08"
"2026-04-21 11:30:00","2.6450797764e+09","6.8989855503e+08"
"2026-04-21 12:00:00","2.5619581129e+09","6.3297301596e+08"
"2026-04-21 12:30:00","2.8299155434e+09","7.5804786070e+08"
"2026-04-21 13:00:00","2.7796206905e+09","5.8764599246e+08"
"2026-04-21 13:30:00","2.8937505921e+09","5.9149728345e+08"
"2026-04-21 14:00:00","3.3785031519e+09","5.0825148304e+08"
"2026-04-21 14:30:00","3.4012143516e+09","5.1363819765e+08"
"2026-04-21 15:00:00","3.7458383450e+09","5.7579812927e+08"
"2026-04-21 15:30:00","4.4661878958e+09","6.8168015229e+08"
"2026-04-21 16:00:00","5.5642736193e+09","6.9341245403e+08"
"2026-04-21 16:30:00","7.1686947189e+09","6.5522142183e+08"
"2026-04-21 17:00:00","8.0721096019e+09","6.4095954950e+08"
"2026-04-21 17:30:00","6.5595924779e+09","8.4912063014e+08"
"2026-04-21 18:00:00","6.7867809034e+09","9.0302198055e+08"
"2026-04-21 18:30:00","6.6814849756e+09","9.1345701205e+08"
"2026-04-21 19:00:00","6.4861863340e+09","7.3622390045e+08"
"2026-04-21 19:30:00","7.1282292038e+09","8.2757088042e+08"
"2026-04-21 20:00:00","7.5266868199e+09","8.1352820910e+08"
"2026-04-21 20:30:00","8.2490760116e+09","8.6343896060e+08"
"2026-04-21 21:00:00","9.0340447545e+09","1.0003173978e+09"
"2026-04-21 21:30:00","1.0833162072e+10","9.1810676837e+08"
"2026-04-21 22:00:00","1.3276957913e+10","1.0808926115e+09"
"2026-04-21 22:30:00","1.4614516036e+10","1.2084366175e+09"
"2026-04-21 23:00:00","1.4999483761e+10","1.2342875440e+09"
"2026-04-21 23:30:00","1.3926987636e+10","1.2458411467e+09"
"2026-04-22 00:00:00","1.0374099393e+10","7.3678936609e+08"
"2026-04-22 00:30:00","7.2316460321e+09","5.7357767358e+08"
"2026-04-22 01:00:00","4.4427414640e+09","5.7988324441e+08"
"2026-04-22 01:30:00","3.4506361556e+09","5.7541328214e+08"
"2026-04-22 02:00:00","2.8567332625e+09","5.1001177124e+08"
"2026-04-22 02:30:00","2.3926701270e+09","4.0568318829e+08"
"2026-04-22 03:00:00","2.0773250359e+09","4.0672434386e+08"
"2026-04-22 03:30:00","1.8728563444e+09","3.6331369765e+08"
"2026-04-22 04:00:00","1.5683798771e+09","3.6060906813e+08"
"2026-04-22 04:30:00","1.4155062700e+09","3.0348214148e+08"
"2026-04-22 05:00:00","1.4698097736e+09","3.0599119970e+08"
"2026-04-22 05:30:00","1.3004345140e+09","2.6423803095e+08"
"2026-04-22 06:00:00","1.1435671637e+09","3.0446238342e+08"
"2026-04-22 06:30:00","1.3155002266e+09","2.7965801157e+08"
"2026-04-22 07:00:00","1.5546419446e+09","2.5775598677e+08"
"2026-04-22 07:30:00","1.9323245240e+09","3.0358128670e+08"
"2026-04-22 08:00:00","1.9738446662e+09","3.0450792895e+08"
"2026-04-22 08:30:00","2.2250150681e+09","3.7371050219e+08"
"2026-04-22 09:00:00","2.2382738697e+09","3.6316324813e+08"
"2026-04-22 09:30:00","2.4100505071e+09","4.1354867588e+08"
"2026-04-22 10:00:00","2.4503625625e+09","3.4577333718e+08"
"2026-04-22 10:30:00","2.5781960825e+09","3.7685670202e+08"
"2026-04-22 11:00:00","2.4852922648e+09","4.3001156762e+08"
"2026-04-22 11:30:00","2.5938717642e+09","4.4499838697e+08"
"2026-04-22 12:00:00","2.4787372871e+09","4.1715529829e+08"
"2026-04-22 12:30:00","2.5648005877e+09","5.6901910034e+08"
"2026-04-22 13:00:00","2.7889567157e+09","4.8113589996e+08"
"2026-04-22 13:30:00","2.8704979273e+09","5.6037569774e+08"
"2026-04-22 14:00:00","3.1730477247e+09","5.3841505139e+08"
"2026-04-22 14:30:00","3.4388077101e+09","5.9702624894e+08"
"2026-04-22 15:00:00","4.3863625707e+09","6.6741391082e+08"
"2026-04-22 15:30:00","4.7801401621e+09","6.9044008425e+08"
"2026-04-22 16:00:00","6.0205773735e+09","6.8734439326e+08"
"2026-04-22 16:30:00","7.4405015316e+09","7.4374337761e+08"
"2026-04-22 17:00:00","7.4532098000e+09","7.2078455480e+08"
"2026-04-22 17:30:00","7.3651549192e+09","7.1342753380e+08"
"2026-04-22 18:00:00","7.3246238176e+09","8.9589566247e+08"
"2026-04-22 18:30:00","7.0511690258e+09","8.5606571880e+08"
"2026-04-22 19:00:00","6.9274497152e+09","7.9948809030e+08"
"2026-04-22 19:30:00","6.2611730868e+09","8.5492706917e+08"
"2026-04-22 20:00:00","7.4860581311e+09","8.9602438703e+08"
"2026-04-22 20:30:00","8.6105893766e+09","8.0818200151e+08"
"2026-04-22 21:00:00","9.1439751950e+09","1.0350527840e+09"
"2026-04-22 21:30:00","1.0225182513e+10","9.9173224386e+08"
"2026-04-22 22:00:00","1.2451897405e+10","1.1082018276e+09"
"2026-04-22 22:30:00","1.1671398460e+10","1.1881446691e+09"
"2026-04-22 23:00:00","1.1717402061e+10","1.0508360969e+09"
"2026-04-22 23:30:00","1.2920985285e+10","1.1928745716e+09"
"2026-04-23 00:00:00","1.1489547404e+10","9.9754926432e+08"
"2026-04-23 00:30:00","7.7547048446e+09","6.3406187484e+08"
"2026-04-23 01:00:00","4.7455445994e+09","6.1220478774e+08"
"2026-04-23 01:30:00","4.0034649924e+09","5.6237631266e+08"
"2026-04-23 02:00:00","3.0067664454e+09","4.8450627253e+08"
"2026-04-23 02:30:00","2.6399398430e+09","6.7814745512e+08"
"2026-04-23 03:00:00","2.1297869263e+09","1.0435397249e+09"
"2026-04-23 03:30:00","1.7912163714e+09","7.6615323264e+08"
"2026-04-23 04:00:00","1.6061987809e+09","4.1904226769e+08"
"2026-04-23 04:30:00","1.5715708906e+09","4.2028026046e+08"
"2026-04-23 05:00:00","1.6127796496e+09","5.0354610861e+08"
"2026-04-23 05:30:00","1.4390903938e+09","4.8215802533e+08"
"2026-04-23 06:00:00","1.3725063510e+09","4.6188083446e+08"
"2026-04-23 06:30:00","1.4752991159e+09","4.2473301341e+08"
"2026-04-23 07:00:00","1.5375758855e+09","4.8221195692e+08"
"2026-04-23 07:30:00","1.8911168395e+09","4.3689953688e+08"
"2026-04-23 08:00:00","2.0280630790e+09","4.6359629313e+08"
"2026-04-23 08:30:00","2.4160010534e+09","4.7795194307e+08"
"2026-04-23 09:00:00","2.2476703750e+09","4.3478130762e+08"
"2026-04-23 09:30:00","2.3060992827e+09","4.6924768476e+08"
"2026-04-23 10:00:00","2.3878631195e+09","3.9299753575e+08"
"2026-04-23 10:30:00","2.5113380970e+09","4.9822207179e+08"
"2026-04-23 11:00:00","2.5612819855e+09","5.0838829120e+08"
"2026-04-23 11:30:00","3.0070716746e+09","5.0157085141e+08"
"2026-04-23 12:00:00","2.7254210608e+09","4.7798416939e+08"
"2026-04-23 12:30:00","2.7129397670e+09","5.1075439861e+08"
"2026-04-23 13:00:00","2.9064879544e+09","5.0785724624e+08"
"2026-04-23 13:30:00","2.8474007255e+09","6.5170245870e+08"
"2026-04-23 14:00:00","3.1552931339e+09","5.7892173205e+08"
"2026-04-23 14:30:00","3.4237171245e+09","5.1712101119e+08"
"2026-04-23 15:00:00","3.8379610238e+09","5.7692886172e+08"
"2026-04-23 15:30:00","4.9661774028e+09","5.6188408121e+08"
"2026-04-23 16:00:00","5.0496137163e+09","6.7224845202e+08"
"2026-04-23 16:30:00","6.2744067404e+09","7.9134105222e+08"
"2026-04-23 17:00:00","6.2516978865e+09","6.8947697422e+08"
"2026-04-23 17:30:00","5.8152840684e+09","8.0578819257e+08"
"2026-04-23 18:00:00","5.9476152899e+09","6.1111446762e+08"
"2026-04-23 18:30:00","5.8613041852e+09","7.6353405888e+08"
"2026-04-23 19:00:00","5.8099687086e+09","8.4040048982e+08"
"2026-04-23 19:30:00","6.3383298335e+09","9.7301103887e+08"
"2026-04-23 20:00:00","7.3063833676e+09","9.7639425322e+08"
"2026-04-23 20:30:00","8.9643943122e+09","8.4032662983e+08"
"2026-04-23 21:00:00","1.0079719085e+10","9.0492267330e+08"
"2026-04-23 21:30:00","9.6983758676e+09","9.0879760491e+08"
"2026-04-23 22:00:00","1.0715307468e+10","8.6001071539e+08"
"2026-04-23 22:30:00","1.1368538832e+10","9.4417186758e+08"
"2026-04-23 23:00:00","1.1738433977e+10","9.4786943029e+08"
"2026-04-23 23:30:00","1.1229634009e+10","9.8183044240e+08"
"2026-04-24 00:00:00","9.5566155268e+09","9.4515006578e+08"
"2026-04-24 00:30:00","6.7030192441e+09","7.0968675584e+08"
"2026-04-24 01:00:00","4.1657171383e+09","6.0117008265e+08"
"2026-04-24 01:30:00","3.3103774081e+09","6.1740744295e+08"
"2026-04-24 02:00:00","2.5727923432e+09","6.2824080285e+08"
"2026-04-24 02:30:00","2.3143862245e+09","5.5905060647e+08"
"2026-04-24 03:00:00","2.1959011550e+09","4.3352050032e+08"
"2026-04-24 03:30:00","1.7702595112e+09","3.8850899816e+08"
"2026-04-24 04:00:00","1.5398960228e+09","3.9693814805e+08"
"2026-04-24 04:30:00","1.3446700433e+09","4.8990820201e+08"
"2026-04-24 05:00:00","1.2367070436e+09","4.0303899736e+08"
"2026-04-24 05:30:00","1.3530030614e+09","3.4422810386e+08"
"2026-04-24 06:00:00","1.3724175839e+09","3.6323564429e+08"
"2026-04-24 06:30:00","1.3281101564e+09","4.2253036861e+08"
"2026-04-24 07:00:00","1.4175795871e+09","3.8360193078e+08"
"2026-04-24 07:30:00","1.8079760473e+09","3.9862495052e+08"
"2026-04-24 08:00:00","2.1765596557e+09","4.3444815538e+08"
"2026-04-24 08:30:00","2.7922482210e+09","4.9793623760e+08"
"2026-04-24 09:00:00","2.3227109795e+09","5.7857358544e+08"
"2026-04-24 09:30:00","2.1833908820e+09","7.4001741189e+08"
"2026-04-24 10:00:00","2.5294798675e+09","5.5520819592e+08"
"2026-04-24 10:30:00","2.6142575866e+09","7.3817897658e+08"
"2026-04-24 11:00:00","2.5208193354e+09","6.5102478767e+08"
"2026-04-24 11:30:00","2.8110168094e+09","7.0373538028e+08"
"2026-04-24 12:00:00","2.8979311002e+09","6.9365087048e+08"
"2026-04-24 12:30:00","3.1124996106e+09","6.1539252846e+08"
"2026-04-24 13:00:00","3.1597057637e+09","6.3431424782e+08"
"2026-04-24 13:30:00","3.2598328397e+09","6.2058790805e+08"
"2026-04-24 14:00:00","3.3985421504e+09","5.7360678396e+08"
"2026-04-24 14:30:00","3.6566091260e+09","7.0368704872e+08"
"2026-04-24 15:00:00","3.8677299610e+09","8.0662218708e+08"
"2026-04-24 15:30:00","4.6556393507e+09","6.5218259340e+08"
"2026-04-24 16:00:00","5.7763034823e+09","5.8176100806e+08"
"2026-04-24 16:30:00","7.9963214579e+09","7.5780907586e+08"
"2026-04-24 17:00:00","8.1133101871e+09","8.6989550488e+08"
"2026-04-24 17:30:00","8.3409757758e+09","7.8837723297e+08"
"2026-04-24 18:00:00","8.1525969627e+09","9.3697699842e+08"
"2026-04-24 18:30:00","7.1845972911e+09","7.8204375343e+08"
"2026-04-24 19:00:00","5.9575195333e+09","7.9381902156e+08"
"2026-04-24 19:30:00","7.1140005535e+09","9.5274777209e+08"
"2026-04-24 20:00:00","7.0886230910e+09","7.7616719274e+08"
"2026-04-24 20:30:00","8.0117968700e+09","9.1315400729e+08"
"2026-04-24 21:00:00","8.8141468045e+09","1.0052473688e+09"
"2026-04-24 21:30:00","1.1852569481e+10","1.0147287495e+09"
"2026-04-24 22:00:00","1.3593490891e+10","1.1824409263e+09"
"2026-04-24 22:30:00","1.4058423755e+10","1.1970409949e+09"
"2026-04-24 23:00:00","1.4713689368e+10","1.2091216860e+09"
"2026-04-24 23:30:00","1.2139671714e+10","9.8123713272e+08"
"2026-04-25 00:00:00","1.0456807411e+10","1.0279792325e+09"
"2026-04-25 00:30:00","9.2502973128e+09","8.9869494110e+08"
"2026-04-25 01:00:00","5.7679575129e+09","8.2840213564e+08"
"2026-04-25 01:30:00","4.4979828991e+09","7.8401477609e+08"
"2026-04-25 02:00:00","3.9091637501e+09","6.0643765168e+08"
"2026-04-25 02:30:00","3.5782729361e+09","6.6222771004e+08"
"2026-04-25 03:00:00","2.5240547536e+09","4.5385404312e+08"
"2026-04-25 03:30:00","2.4196457095e+09","3.8131659361e+08"
"2026-04-25 04:00:00","2.0806119125e+09","4.2146819621e+08"
"2026-04-25 04:30:00","1.9109073241e+09","3.4720962357e+08"
"2026-04-25 05:00:00","1.6486466972e+09","3.9981301397e+08"
"2026-04-25 05:30:00","1.4985167721e+09","4.0352964771e+08"
"2026-04-25 06:00:00","1.5528001907e+09","3.9282024523e+08"
"2026-04-25 06:30:00","1.5227078490e+09","3.8439738570e+08"
"2026-04-25 07:00:00","1.5159317245e+09","3.5978964118e+08"
"2026-04-25 07:30:00","1.5184743471e+09","4.4734142676e+08"
"2026-04-25 08:00:00","1.8162877858e+09","4.8652729119e+08"
"2026-04-25 08:30:00","2.1768864853e+09","4.3130271381e+08"
"2026-04-25 09:00:00","2.6022588332e+09","4.3960903846e+08"
"2026-04-25 09:30:00","3.2010754458e+09","4.7121123972e+08"
"2026-04-25 10:00:00","3.4733513414e+09","4.9415351028e+08"
"2026-04-25 10:30:00","3.6493808135e+09","5.1016210629e+08"
"2026-04-25 11:00:00","3.9887639033e+09","5.3281365459e+08"
"2026-04-25 11:30:00","4.2072112015e+09","5.8726797549e+08"
"2026-04-25 12:00:00","4.1644791719e+09","6.6878042929e+08"
"2026-04-25 12:30:00","4.5653713546e+09","7.8154090680e+08"
"2026-04-25 13:00:00","4.7886318867e+09","9.0296279173e+08"
"2026-04-25 13:30:00","5.2936453548e+09","7.2458448460e+08"
"2026-04-25 14:00:00","4.9204821654e+09","6.7195656287e+08"
"2026-04-25 14:30:00","4.9770168565e+09","6.6481541725e+08"
"2026-04-25 15:00:00","5.7941057612e+09","7.8815698283e+08"
"2026-04-25 15:30:00","6.7420916938e+09","8.0556391687e+08"
"2026-04-25 16:00:00","9.3196951148e+09","9.2490876902e+08"
"2026-04-25 16:30:00","9.4658125464e+09","8.7721466702e+08"
"2026-04-25 17:00:00","1.0057475255e+10","9.5682423672e+08"
"2026-04-25 17:30:00","8.8432577118e+09","8.4603730593e+08"
"2026-04-25 18:00:00","7.0068705338e+09","9.0248556825e+08"
"2026-04-25 18:30:00","6.2753837739e+09","7.4847996571e+08"
"2026-04-25 19:00:00","6.1069290784e+09","6.7998075186e+08"
"2026-04-25 19:30:00","5.7481888401e+09","6.8990089261e+08"
"2026-04-25 20:00:00","5.6065808624e+09","7.2231506929e+08"
"2026-04-25 20:30:00","5.5400219969e+09","6.8367676270e+08"
"2026-04-25 21:00:00","5.6884407503e+09","7.8141480895e+08"
"2026-04-25 21:30:00","6.1354342769e+09","8.2095760356e+08"
"2026-04-25 22:00:00","7.4501926212e+09","8.2007651989e+08"
"2026-04-25 22:30:00","9.9541993101e+09","9.1428424551e+08"
"2026-04-25 23:00:00","1.0328344689e+10","8.4356188600e+08"
"2026-04-25 23:30:00","9.9540599273e+09","7.1769940255e+08"
"2026-04-26 00:00:00","9.2660209399e+09","6.9083921776e+08"
"2026-04-26 00:30:00","7.5085449603e+09","6.3913566496e+08"
"2026-04-26 01:00:00","5.2617845663e+09","5.5614806857e+08"
"2026-04-26 01:30:00","4.7015096003e+09","6.5138012546e+08"
"2026-04-26 02:00:00","3.9293145763e+09","5.8168549411e+08"
"2026-04-26 02:30:00","3.2557307844e+09","5.7842579333e+08"
"2026-04-26 03:00:00","2.6579824607e+09","4.1789724039e+08"
"2026-04-26 03:30:00","2.1801901426e+09","4.6313755198e+08"
"2026-04-26 04:00:00","2.0234376769e+09","4.1310154015e+08"
"2026-04-26 04:30:00","1.7927972017e+09","3.8420804058e+08"
"2026-04-26 05:00:00","1.6029002159e+09","8.3598447917e+08"
"2026-04-26 05:30:00","1.4410510294e+09","9.0661843842e+08"
"2026-04-26 06:00:00","1.2883364488e+09","6.4411348322e+08"
"2026-04-26 06:30:00","1.2734477728e+09","4.1423155248e+08"
"2026-04-26 07:00:00","1.1045667477e+09","3.9335018218e+08"
"2026-04-26 07:30:00","1.3000110834e+09","3.4447951321e+08"
"2026-04-26 08:00:00","1.4889988038e+09","3.4610552225e+08"
"2026-04-26 08:30:00","1.9091537333e+09","3.2211877071e+08"
"2026-04-26 09:00:00","2.3668474277e+09","4.2040180302e+08"
"2026-04-26 09:30:00","2.7430576527e+09","5.7039992032e+08"
"2026-04-26 10:00:00","2.9335327325e+09","5.9491171729e+08"
"2026-04-26 10:30:00","3.4703842358e+09","5.9551177660e+08"
"2026-04-26 11:00:00","3.8003693794e+09","6.7625077317e+08"
"2026-04-26 11:30:00","4.1916973834e+09","6.3310058595e+08"
"2026-04-26 12:00:00","4.3754993625e+09","6.0862103222e+08"
"2026-04-26 12:30:00","4.8112633296e+09","7.3959420787e+08"
"2026-04-26 13:00:00","5.5247281920e+09","6.3176427730e+08"
"2026-04-26 13:30:00","5.6908709431e+09","6.6190414898e+08"
"2026-04-26 14:00:00","5.6221740150e+09","6.8654153745e+08"
"2026-04-26 14:30:00","5.9603362814e+09","7.0969845226e+08"
"2026-04-26 15:00:00","6.1605336590e+09","8.0420553431e+08"
"2026-04-26 15:30:00","6.1101974249e+09","7.4559703803e+08"
"2026-04-26 16:00:00","7.9023532010e+09","7.4549848621e+08"
"2026-04-26 16:30:00","9.2017573530e+09","8.0794053840e+08"
"2026-04-26 17:00:00","9.1820305860e+09","7.8235699192e+08"
"2026-04-26 17:30:00","9.5984671591e+09","8.6257848678e+08"
"2026-04-26 18:00:00","9.8956653876e+09","9.1128468624e+08"
"2026-04-26 18:30:00","9.1977163477e+09","8.6356728483e+08"
"2026-04-26 19:00:00","9.3771558474e+09","1.0335125331e+09"
"2026-04-26 19:30:00","9.4629430183e+09","1.0201293203e+09"
"2026-04-26 20:00:00","9.0568801239e+09","9.6301845061e+08"
"2026-04-26 20:30:00","9.3599224767e+09","9.6269185369e+08"
"2026-04-26 21:00:00","8.9691524483e+09","8.4835739969e+08"
"2026-04-26 21:30:00","1.0404250601e+10","8.5589338873e+08"
"2026-04-26 22:00:00","1.1011892730e+10","8.9165528885e+08"
"2026-04-26 22:30:00","1.2132868077e+10","1.0546425669e+09"
"2026-04-26 23:00:00","1.1955720958e+10","9.9707444144e+08"
"2026-04-26 23:30:00","1.1147691840e+10","9.7251909443e+08"
"2026-04-27 00:00:00","9.8062398959e+09","7.9828092177e+08"
"2026-04-27 00:30:00","6.9833720878e+09","6.9474244211e+08"
"2026-04-27 01:00:00","4.6920294374e+09","6.6551428266e+08"
"2026-04-27 01:30:00","3.8144601557e+09","5.9847948794e+08"
"2026-04-27 02:00:00","3.0652460872e+09","5.1054794124e+08"
"2026-04-27 02:30:00","2.6424497162e+09","4.9509839466e+08"
"2026-04-27 03:00:00","2.1360551017e+09","3.9479132628e+08"
"2026-04-27 03:30:00","1.8580760690e+09","4.0607106040e+08"
"2026-04-27 04:00:00","1.5752308853e+09","4.2653267766e+08"
"2026-04-27 04:30:00","1.3745370234e+09","3.9783522463e+08"
"2026-04-27 05:00:00","1.2653723818e+09","2.9904697159e+08"
"2026-04-27 05:30:00","1.1984310164e+09","4.1794500550e+08"
"2026-04-27 06:00:00","1.1282656113e+09","2.7090908937e+08"
"2026-04-27 06:30:00","1.2512748281e+09","2.9984217340e+08"
"2026-04-27 07:00:00","1.4581973964e+09","2.7435880126e+08"
"2026-04-27 07:30:00","1.7414792603e+09","3.4694062274e+08"
"2026-04-27 08:00:00","1.9268565365e+09","4.0462769212e+08"
"2026-04-27 08:30:00","2.2772711811e+09","5.1813647558e+08"
"2026-04-27 09:00:00","2.2715494824e+09","5.3531552476e+08"
"2026-04-27 09:30:00","2.5814447153e+09","5.2847482575e+08"
"2026-04-27 10:00:00","2.6069027349e+09","5.4002807218e+08"
"2026-04-27 10:30:00","2.6630781949e+09","7.1614611019e+08"
"2026-04-27 11:00:00","2.5758041289e+09","1.0177683958e+09"
"2026-04-27 11:30:00","2.5407156010e+09","8.4821759042e+08"
"2026-04-27 12:00:00","2.3399792383e+09","6.3434402631e+08"
"2026-04-27 12:30:00","2.6623793116e+09","8.0092774827e+08"
"2026-04-27 13:00:00","2.8395749890e+09","8.0113012702e+08"
"2026-04-27 13:30:00","2.9040328675e+09","7.3921150620e+08"
"2026-04-27 14:00:00","2.8936567462e+09","5.6345299292e+08"
"2026-04-27 14:30:00","3.3617657794e+09","5.3046668771e+08"
"2026-04-27 15:00:00","3.5520353820e+09","6.3650298794e+08"
"2026-04-27 15:30:00","4.1383611211e+09","7.5717948232e+08"
"2026-04-27 16:00:00","7.0880850993e+09","6.9523721647e+08"
"2026-04-27 16:30:00","7.8983149750e+09","8.9312273675e+08"
"2026-04-27 17:00:00","7.6888446662e+09","7.7831035746e+08"
"2026-04-27 17:30:00","NaN","NaN"
