"Title:","'ALCORT_R3_Huawei_GE-0/2/0 - Traffico 10G Avatel Serosense'"
"Vertical Label:","'bits per second'"
"Start Date:","2026-04-20 18:00:00"
"End Date:","2026-04-20 18:00:00"
"Step:","1800"
"Total Rows:","337"
"Graph ID:","241"
"Host ID:","6"
""
"Date","Inbound","Outbound"
"2026-04-20 18:00:00","1.9790516018e+08","2.4720783011e+09"
"2026-04-20 18:30:00","2.7388782954e+08","2.4465503817e+09"
"2026-04-20 19:00:00","2.2679975669e+08","2.6444945393e+09"
"2026-04-20 19:30:00","2.2768328732e+08","2.5741707189e+09"
"2026-04-20 20:00:00","2.4326099338e+08","2.8251520982e+09"
"2026-04-20 20:30:00","2.4935493364e+08","3.1049110100e+09"
"2026-04-20 21:00:00","2.5891643354e+08","3.3865967388e+09"
"2026-04-20 21:30:00","2.9238080472e+08","3.6390265329e+09"
"2026-04-20 22:00:00","3.1172440109e+08","4.3770186412e+09"
"2026-04-20 22:30:00","3.6219024928e+08","4.7351576798e+09"
"2026-04-20 23:00:00","3.2756214127e+08","4.4735641456e+09"
"2026-04-20 23:30:00","3.4044159580e+08","4.1657581068e+09"
"2026-04-21 00:00:00","3.4894376027e+08","3.0343342659e+09"
"2026-04-21 00:30:00","2.7844875511e+08","2.3719597892e+09"
"2026-04-21 01:00:00","2.4819506048e+08","1.8043212484e+09"
"2026-04-21 01:30:00","2.9316730082e+08","1.6355522430e+09"
"2026-04-21 02:00:00","2.8498762551e+08","1.2532984497e+09"
"2026-04-21 02:30:00","2.2499507380e+08","1.1112125886e+09"
"2026-04-21 03:00:00","1.9365689906e+08","9.8667558819e+08"
"2026-04-21 03:30:00","2.1321771324e+08","9.3765389688e+08"
"2026-04-21 04:00:00","2.2038694370e+08","8.0672520405e+08"
"2026-04-21 04:30:00","1.9850105128e+08","7.2804822493e+08"
"2026-04-21 05:00:00","1.7140852428e+08","7.1949440882e+08"
"2026-04-21 05:30:00","1.6889836135e+08","7.7138920442e+08"
"2026-04-21 06:00:00","1.6144496724e+08","7.8846849577e+08"
"2026-04-21 06:30:00","1.6652458935e+08","9.2852395729e+08"
"2026-04-21 07:00:00","1.5792627476e+08","1.1266742243e+09"
"2026-04-21 07:30:00","1.6215055773e+08","1.3635521416e+09"
"2026-04-21 08:00:00","1.8555992161e+08","1.5597891755e+09"
"2026-04-21 08:30:00","1.7055799961e+08","1.5397222699e+09"
"2026-04-21 09:00:00","1.6584583429e+08","1.3840589009e+09"
"2026-04-21 09:30:00","1.7360867074e+08","1.0882846596e+09"
"2026-04-21 10:00:00","1.3737191989e+08","1.0680472737e+09"
"2026-04-21 10:30:00","1.9031287052e+08","1.1149872586e+09"
"2026-04-21 11:00:00","1.4320714510e+08","1.1435537893e+09"
"2026-04-21 11:30:00","1.4762964916e+08","1.3094698298e+09"
"2026-04-21 12:00:00","1.4963645364e+08","1.4170007103e+09"
"2026-04-21 12:30:00","1.5673435619e+08","1.5033062727e+09"
"2026-04-21 13:00:00","2.1753577387e+08","1.5717396043e+09"
"2026-04-21 13:30:00","1.6958215776e+08","1.7761031235e+09"
"2026-04-21 14:00:00","1.6385556067e+08","2.4846639454e+09"
"2026-04-21 14:30:00","2.0302347285e+08","2.5785857384e+09"
"2026-04-21 15:00:00","1.8233286900e+08","2.5304582372e+09"
"2026-04-21 15:30:00","1.8135331111e+08","2.3105783624e+09"
"2026-04-21 16:00:00","1.8168201647e+08","2.5685080173e+09"
"2026-04-21 16:30:00","2.1676389754e+08","2.4144572173e+09"
"2026-04-21 17:00:00","2.1435445051e+08","2.3296723964e+09"
"2026-04-21 17:30:00","1.9843816048e+08","2.5920927177e+09"
"2026-04-21 18:00:00","2.5072889323e+08","2.5230428971e+09"
"2026-04-21 18:30:00","2.2534179058e+08","2.5809024961e+09"
"2026-04-21 19:00:00","2.3127459262e+08","2.6688057065e+09"
"2026-04-21 19:30:00","2.3191749154e+08","2.5442272763e+09"
"2026-04-21 20:00:00","2.5610571370e+08","2.8228368252e+09"
"2026-04-21 20:30:00","2.7913191309e+08","2.9201947442e+09"
"2026-04-21 21:00:00","2.7258948515e+08","3.2688906708e+09"
"2026-04-21 21:30:00","2.7594281039e+08","3.6759351237e+09"
"2026-04-21 22:00:00","3.2226317864e+08","4.3732194625e+09"
"2026-04-21 22:30:00","4.0616865330e+08","4.7233726955e+09"
"2026-04-21 23:00:00","4.8209606083e+08","4.6730919951e+09"
"2026-04-21 23:30:00","4.2750692250e+08","3.9056577902e+09"
"2026-04-22 00:00:00","3.9890222057e+08","3.1922926058e+09"
"2026-04-22 00:30:00","2.7721769859e+08","2.4279874258e+09"
"2026-04-22 01:00:00","2.1786466875e+08","1.8804768992e+09"
"2026-04-22 01:30:00","1.9579304815e+08","1.7794428807e+09"
"2026-04-22 02:00:00","1.9187583380e+08","1.2870756181e+09"
"2026-04-22 02:30:00","1.8649851160e+08","1.1030448619e+09"
"2026-04-22 03:00:00","1.4619526978e+08","9.7688213442e+08"
"2026-04-22 03:30:00","1.7174334609e+08","9.1317554285e+08"
"2026-04-22 04:00:00","1.6172823757e+08","7.6111979419e+08"
"2026-04-22 04:30:00","1.3837816437e+08","7.5799486631e+08"
"2026-04-22 05:00:00","2.1884207053e+08","7.3027414900e+08"
"2026-04-22 05:30:00","2.1265041403e+08","7.9860304629e+08"
"2026-04-22 06:00:00","1.7650545397e+08","8.2958921013e+08"
"2026-04-22 06:30:00","1.5477216328e+08","1.0217174589e+09"
"2026-04-22 07:00:00","1.7234501627e+08","1.2243675326e+09"
"2026-04-22 07:30:00","2.1010187383e+08","1.4131243889e+09"
"2026-04-22 08:00:00","1.7721203547e+08","1.4783244663e+09"
"2026-04-22 08:30:00","1.8323736158e+08","1.5161792780e+09"
"2026-04-22 09:00:00","1.5624631667e+08","1.3470454596e+09"
"2026-04-22 09:30:00","1.5621565372e+08","1.2291959908e+09"
"2026-04-22 10:00:00","1.3746825731e+08","1.1502071279e+09"
"2026-04-22 10:30:00","1.3609593789e+08","1.2074215820e+09"
"2026-04-22 11:00:00","1.4787097355e+08","1.2129002167e+09"
"2026-04-22 11:30:00","1.7899886983e+08","1.3011029215e+09"
"2026-04-22 12:00:00","1.6486727297e+08","1.3421438394e+09"
"2026-04-22 12:30:00","1.7439346343e+08","1.3398922578e+09"
"2026-04-22 13:00:00","1.6931695843e+08","1.6536670081e+09"
"2026-04-22 13:30:00","2.0023863072e+08","1.9553113829e+09"
"2026-04-22 14:00:00","1.7444256412e+08","2.1584906653e+09"
"2026-04-22 14:30:00","2.0279350772e+08","2.3342175756e+09"
"2026-04-22 15:00:00","2.4042327870e+08","2.3322819619e+09"
"2026-04-22 15:30:00","1.9786148286e+08","2.5348691252e+09"
"2026-04-22 16:00:00","1.9423954157e+08","2.5506899103e+09"
"2026-04-22 16:30:00","1.9889439057e+08","2.4742695409e+09"
"2026-04-22 17:00:00","2.0395850523e+08","2.4955272090e+09"
"2026-04-22 17:30:00","2.5805260673e+08","2.8193189591e+09"
"2026-04-22 18:00:00","2.3628378018e+08","2.6579319354e+09"
"2026-04-22 18:30:00","2.5437727220e+08","2.5762496141e+09"
"2026-04-22 19:00:00","2.3772358179e+08","2.6736511623e+09"
"2026-04-22 19:30:00","2.5412878837e+08","2.8651476769e+09"
"2026-04-22 20:00:00","2.4113630758e+08","3.1007862715e+09"
"2026-04-22 20:30:00","2.7627628230e+08","3.2006105425e+09"
"2026-04-22 21:00:00","2.9220037872e+08","3.3817595439e+09"
"2026-04-22 21:30:00","3.2151668133e+08","3.9187113392e+09"
"2026-04-22 22:00:00","3.6352296417e+08","4.7085610941e+09"
"2026-04-22 22:30:00","4.1585930838e+08","4.6445804293e+09"
"2026-04-22 23:00:00","3.9144216617e+08","4.5157439194e+09"
"2026-04-22 23:30:00","4.0393543053e+08","4.1589846627e+09"
"2026-04-23 00:00:00","4.3339852564e+08","3.2280245089e+09"
"2026-04-23 00:30:00","3.8916262536e+08","2.5631427012e+09"
"2026-04-23 01:00:00","2.8264844358e+08","1.8700054921e+09"
"2026-04-23 01:30:00","2.4527740042e+08","1.5860079608e+09"
"2026-04-23 02:00:00","2.2986601356e+08","1.3285693688e+09"
"2026-04-23 02:30:00","2.0559620399e+08","1.1102094376e+09"
"2026-04-23 03:00:00","1.7183297871e+08","9.7222890138e+08"
"2026-04-23 03:30:00","2.7478432416e+08","8.3340708625e+08"
"2026-04-23 04:00:00","2.0836184804e+08","8.1209459894e+08"
"2026-04-23 04:30:00","1.5830182541e+08","8.0794354880e+08"
"2026-04-23 05:00:00","1.3940304188e+08","7.6172333416e+08"
"2026-04-23 05:30:00","1.3054930206e+08","7.7369152764e+08"
"2026-04-23 06:00:00","1.5117754194e+08","8.6217289710e+08"
"2026-04-23 06:30:00","1.5337296876e+08","1.0113997374e+09"
"2026-04-23 07:00:00","1.5674865894e+08","1.2088865026e+09"
"2026-04-23 07:30:00","1.6658990154e+08","1.4403128396e+09"
"2026-04-23 08:00:00","1.8232719797e+08","1.5310376318e+09"
"2026-04-23 08:30:00","2.4154597764e+08","1.6569949791e+09"
"2026-04-23 09:00:00","1.7533037271e+08","1.3024258792e+09"
"2026-04-23 09:30:00","1.6092691446e+08","1.2537030633e+09"
"2026-04-23 10:00:00","2.3581988389e+08","1.1633325535e+09"
"2026-04-23 10:30:00","1.5358575379e+08","1.1897751913e+09"
"2026-04-23 11:00:00","1.4926557126e+08","1.2011337411e+09"
"2026-04-23 11:30:00","2.0982439497e+08","1.3667386865e+09"
"2026-04-23 12:00:00","1.9146116828e+08","1.3821326355e+09"
"2026-04-23 12:30:00","1.6772502105e+08","1.4418259298e+09"
"2026-04-23 13:00:00","1.6811032185e+08","1.5093710779e+09"
"2026-04-23 13:30:00","2.1483953878e+08","1.7266618431e+09"
"2026-04-23 14:00:00","2.7992152832e+08","2.3169407426e+09"
"2026-04-23 14:30:00","2.2305346636e+08","2.4520856652e+09"
"2026-04-23 15:00:00","2.0682450955e+08","2.4399738126e+09"
"2026-04-23 15:30:00","1.9669047355e+08","2.3238570902e+09"
"2026-04-23 16:00:00","2.5898873884e+08","2.7386767981e+09"
"2026-04-23 16:30:00","2.3719732932e+08","2.4203084442e+09"
"2026-04-23 17:00:00","2.4363191389e+08","2.2993450878e+09"
"2026-04-23 17:30:00","2.7499034795e+08","2.3153131190e+09"
"2026-04-23 18:00:00","2.6239068523e+08","2.5834409652e+09"
"2026-04-23 18:30:00","4.2563404985e+08","2.8263011064e+09"
"2026-04-23 19:00:00","6.6511264237e+08","2.6963600584e+09"
"2026-04-23 19:30:00","2.4426662940e+08","2.8233585934e+09"
"2026-04-23 20:00:00","2.7688595627e+08","2.8397860514e+09"
"2026-04-23 20:30:00","2.9586328839e+08","3.1839149088e+09"
"2026-04-23 21:00:00","3.2055950415e+08","3.3585607189e+09"
"2026-04-23 21:30:00","3.2259906184e+08","3.6202937449e+09"
"2026-04-23 22:00:00","3.6984752032e+08","4.1979922924e+09"
"2026-04-23 22:30:00","3.6733361752e+08","4.5386671284e+09"
"2026-04-23 23:00:00","4.1787528265e+08","5.0379040784e+09"
"2026-04-23 23:30:00","4.4726156311e+08","4.0390972540e+09"
"2026-04-24 00:00:00","4.0966383184e+08","3.1378321842e+09"
"2026-04-24 00:30:00","3.5650886079e+08","2.3828254905e+09"
"2026-04-24 01:00:00","3.5519534559e+08","1.8300985769e+09"
"2026-04-24 01:30:00","2.8283270161e+08","1.6269780626e+09"
"2026-04-24 02:00:00","2.2645993453e+08","1.3858772104e+09"
"2026-04-24 02:30:00","2.1926088792e+08","1.2026518769e+09"
"2026-04-24 03:00:00","1.6844005625e+08","1.0881016173e+09"
"2026-04-24 03:30:00","1.4099835015e+08","9.7029131078e+08"
"2026-04-24 04:00:00","1.6704945986e+08","8.7839368863e+08"
"2026-04-24 04:30:00","1.4425158577e+08","8.5702367314e+08"
"2026-04-24 05:00:00","1.5437365417e+08","8.3170538436e+08"
"2026-04-24 05:30:00","1.5358213214e+08","8.1719372528e+08"
"2026-04-24 06:00:00","1.6008282853e+08","8.5219954181e+08"
"2026-04-24 06:30:00","1.7669673879e+08","1.0628918991e+09"
"2026-04-24 07:00:00","1.8552884768e+08","1.4200818774e+09"
"2026-04-24 07:30:00","2.0773351272e+08","1.5998041340e+09"
"2026-04-24 08:00:00","1.6194854214e+08","1.6195865795e+09"
"2026-04-24 08:30:00","1.8733999892e+08","1.6311440736e+09"
"2026-04-24 09:00:00","1.7117820181e+08","1.4498011292e+09"
"2026-04-24 09:30:00","1.6692464328e+08","1.2803855573e+09"
"2026-04-24 10:00:00","1.9918159777e+08","1.2803932316e+09"
"2026-04-24 10:30:00","2.1567285281e+08","1.3790025651e+09"
"2026-04-24 11:00:00","1.9850307489e+08","1.3119195700e+09"
"2026-04-24 11:30:00","1.6890213650e+08","1.3621437371e+09"
"2026-04-24 12:00:00","1.7172028125e+08","1.4744900319e+09"
"2026-04-24 12:30:00","1.9151970148e+08","1.8624343692e+09"
"2026-04-24 13:00:00","2.2054950508e+08","1.8557182564e+09"
"2026-04-24 13:30:00","2.2282330033e+08","2.0444834532e+09"
"2026-04-24 14:00:00","2.0337963253e+08","2.7015913983e+09"
"2026-04-24 14:30:00","3.4419870393e+08","2.4187062410e+09"
"2026-04-24 15:00:00","2.1372712877e+08","2.4199632326e+09"
"2026-04-24 15:30:00","2.1618065490e+08","2.5442937565e+09"
"2026-04-24 16:00:00","2.9040936195e+08","2.9186871799e+09"
"2026-04-24 16:30:00","2.7893267929e+08","2.6600637018e+09"
"2026-04-24 17:00:00","3.0827061025e+08","2.5598658776e+09"
"2026-04-24 17:30:00","2.1440096391e+08","2.6527119184e+09"
"2026-04-24 18:00:00","2.4371991736e+08","2.8169644029e+09"
"2026-04-24 18:30:00","2.1562903425e+08","2.6309667799e+09"
"2026-04-24 19:00:00","2.0288679913e+08","2.5566576332e+09"
"2026-04-24 19:30:00","2.1287681382e+08","2.7887991377e+09"
"2026-04-24 20:00:00","2.1296670133e+08","2.8599522457e+09"
"2026-04-24 20:30:00","2.8749690769e+08","2.9008843861e+09"
"2026-04-24 21:00:00","2.7311485957e+08","3.3102759786e+09"
"2026-04-24 21:30:00","3.2967736028e+08","4.3710744204e+09"
"2026-04-24 22:00:00","3.3188386488e+08","4.3832294779e+09"
"2026-04-24 22:30:00","3.9397506814e+08","4.7771531819e+09"
"2026-04-24 23:00:00","3.7787204071e+08","4.8335033485e+09"
"2026-04-24 23:30:00","2.8998791323e+08","4.3715211065e+09"
"2026-04-25 00:00:00","2.7376190252e+08","3.8114000404e+09"
"2026-04-25 00:30:00","3.5965344772e+08","2.9896462030e+09"
"2026-04-25 01:00:00","2.3322322008e+08","2.4434059919e+09"
"2026-04-25 01:30:00","2.7081734067e+08","2.0316280267e+09"
"2026-04-25 02:00:00","2.3798335336e+08","1.6121203445e+09"
"2026-04-25 02:30:00","1.9633767979e+08","1.4314581226e+09"
"2026-04-25 03:00:00","1.8299256340e+08","1.2057175950e+09"
"2026-04-25 03:30:00","1.4867926445e+08","1.0063207298e+09"
"2026-04-25 04:00:00","1.5128260022e+08","9.4115337989e+08"
"2026-04-25 04:30:00","1.5632101583e+08","8.9386980904e+08"
"2026-04-25 05:00:00","1.4828357706e+08","8.1180586370e+08"
"2026-04-25 05:30:00","1.3896225471e+08","8.0231916336e+08"
"2026-04-25 06:00:00","1.8526274048e+08","8.7524379918e+08"
"2026-04-25 06:30:00","1.9231765105e+08","9.5657158787e+08"
"2026-04-25 07:00:00","1.9413306128e+08","1.1088769064e+09"
"2026-04-25 07:30:00","1.7209221018e+08","1.2622627145e+09"
"2026-04-25 08:00:00","1.5701000361e+08","1.4885624976e+09"
"2026-04-25 08:30:00","2.1790023744e+08","1.8480249355e+09"
"2026-04-25 09:00:00","2.0948417468e+08","1.9902498637e+09"
"2026-04-25 09:30:00","2.2263509490e+08","2.3286863559e+09"
"2026-04-25 10:00:00","2.2040987512e+08","2.3338065191e+09"
"2026-04-25 10:30:00","1.9744718981e+08","2.3270342255e+09"
"2026-04-25 11:00:00","2.1033603317e+08","2.3378341215e+09"
"2026-04-25 11:30:00","2.0908452828e+08","2.3294707719e+09"
"2026-04-25 12:00:00","3.1616091119e+08","2.3048249898e+09"
"2026-04-25 12:30:00","2.3788540873e+08","2.3821198909e+09"
"2026-04-25 13:00:00","2.4152576603e+08","2.7445689151e+09"
"2026-04-25 13:30:00","2.3738711939e+08","2.6915273357e+09"
"2026-04-25 14:00:00","2.4613589416e+08","2.7906127626e+09"
"2026-04-25 14:30:00","2.6303317454e+08","3.2843491477e+09"
"2026-04-25 15:00:00","2.7259339903e+08","3.3851554566e+09"
"2026-04-25 15:30:00","2.6125814332e+08","3.6042582886e+09"
"2026-04-25 16:00:00","3.2301085330e+08","3.6596697060e+09"
"2026-04-25 16:30:00","2.5715493432e+08","3.5101171825e+09"
"2026-04-25 17:00:00","3.2989251888e+08","3.5592662296e+09"
"2026-04-25 17:30:00","2.8416678353e+08","3.5666193248e+09"
"2026-04-25 18:00:00","3.7358950956e+08","3.4089792577e+09"
"2026-04-25 18:30:00","2.5241831982e+08","3.2037674913e+09"
"2026-04-25 19:00:00","2.5926967053e+08","3.1233728644e+09"
"2026-04-25 19:30:00","3.0591795662e+08","2.9880036891e+09"
"2026-04-25 20:00:00","2.3479329312e+08","3.0193189659e+09"
"2026-04-25 20:30:00","2.8917797888e+08","2.9598704082e+09"
"2026-04-25 21:00:00","2.7729675068e+08","3.2227050876e+09"
"2026-04-25 21:30:00","3.2805640928e+08","3.2672586359e+09"
"2026-04-25 22:00:00","2.9257101136e+08","3.9249226978e+09"
"2026-04-25 22:30:00","2.6611358768e+08","4.7992156181e+09"
"2026-04-25 23:00:00","2.7924687423e+08","4.5828187054e+09"
"2026-04-25 23:30:00","2.5963978275e+08","4.1579867025e+09"
"2026-04-26 00:00:00","3.4230516647e+08","4.1170726264e+09"
"2026-04-26 00:30:00","2.8042077142e+08","3.4109633353e+09"
"2026-04-26 01:00:00","2.8194154654e+08","2.7957532543e+09"
"2026-04-26 01:30:00","2.5050309561e+08","2.3306528964e+09"
"2026-04-26 02:00:00","2.3835510442e+08","1.9366260286e+09"
"2026-04-26 02:30:00","2.3435045477e+08","1.5279966358e+09"
"2026-04-26 03:00:00","2.1500437249e+08","1.3228919679e+09"
"2026-04-26 03:30:00","2.1306152820e+08","1.0833155485e+09"
"2026-04-26 04:00:00","2.0282602637e+08","1.0071535708e+09"
"2026-04-26 04:30:00","1.9744226718e+08","9.2017755526e+08"
"2026-04-26 05:00:00","1.8040853102e+08","8.0759139008e+08"
"2026-04-26 05:30:00","1.5978747793e+08","7.6203978832e+08"
"2026-04-26 06:00:00","1.6566021116e+08","7.6373228529e+08"
"2026-04-26 06:30:00","1.8687973322e+08","7.9629095699e+08"
"2026-04-26 07:00:00","2.0473942649e+08","8.9578966553e+08"
"2026-04-26 07:30:00","1.9259542080e+08","1.0449337735e+09"
"2026-04-26 08:00:00","2.1467270974e+08","1.3054227413e+09"
"2026-04-26 08:30:00","1.9945535739e+08","1.7523680727e+09"
"2026-04-26 09:00:00","2.1965019572e+08","1.9119069638e+09"
"2026-04-26 09:30:00","2.3690088110e+08","2.2537875281e+09"
"2026-04-26 10:00:00","2.6755605713e+08","2.3338631186e+09"
"2026-04-26 10:30:00","2.5727903740e+08","2.6130580641e+09"
"2026-04-26 11:00:00","2.7168407056e+08","2.6550745659e+09"
"2026-04-26 11:30:00","2.4590228635e+08","2.8709689293e+09"
"2026-04-26 12:00:00","2.2174912564e+08","2.7225657328e+09"
"2026-04-26 12:30:00","2.7626216952e+08","2.7620687208e+09"
"2026-04-26 13:00:00","3.1167370722e+08","3.0941955545e+09"
"2026-04-26 13:30:00","2.9766026702e+08","3.6884611379e+09"
"2026-04-26 14:00:00","2.9570239475e+08","3.2985177855e+09"
"2026-04-26 14:30:00","3.1508907707e+08","3.6348465212e+09"
"2026-04-26 15:00:00","3.6713638340e+08","3.8978846062e+09"
"2026-04-26 15:30:00","3.2956726318e+08","3.9493199949e+09"
"2026-04-26 16:00:00","3.2784928171e+08","3.9992679622e+09"
"2026-04-26 16:30:00","3.2149426619e+08","4.2392777139e+09"
"2026-04-26 17:00:00","3.0642877047e+08","4.2656122234e+09"
"2026-04-26 17:30:00","3.2741966388e+08","4.5030929014e+09"
"2026-04-26 18:00:00","3.1250249128e+08","3.9708289744e+09"
"2026-04-26 18:30:00","2.9771896838e+08","3.6432068912e+09"
"2026-04-26 19:00:00","2.9634746308e+08","3.5999866475e+09"
"2026-04-26 19:30:00","3.2195872133e+08","3.5365415278e+09"
"2026-04-26 20:00:00","3.2514330807e+08","3.5833687177e+09"
"2026-04-26 20:30:00","3.4216134108e+08","3.7321629147e+09"
"2026-04-26 21:00:00","3.3075360249e+08","4.0400324941e+09"
"2026-04-26 21:30:00","3.0459155758e+08","4.6370702998e+09"
"2026-04-26 22:00:00","3.6647817235e+08","5.3434820698e+09"
"2026-04-26 22:30:00","4.1798887735e+08","5.6933227653e+09"
"2026-04-26 23:00:00","4.2240884022e+08","4.8420392255e+09"
"2026-04-26 23:30:00","3.8779216548e+08","4.4448516981e+09"
"2026-04-27 00:00:00","4.3808140582e+08","3.5817659285e+09"
"2026-04-27 00:30:00","3.4527617188e+08","2.5266649309e+09"
"2026-04-27 01:00:00","3.0326708774e+08","1.9891495856e+09"
"2026-04-27 01:30:00","2.5055735804e+08","1.6488816375e+09"
"2026-04-27 02:00:00","2.1140639009e+08","1.2585698196e+09"
"2026-04-27 02:30:00","2.8827341766e+08","1.1196634538e+09"
"2026-04-27 03:00:00","2.6554201743e+08","9.9856958017e+08"
"2026-04-27 03:30:00","2.2467588760e+08","8.1432568357e+08"
"2026-04-27 04:00:00","2.2966262309e+08","7.8632548169e+08"
"2026-04-27 04:30:00","1.6967536410e+08","7.5058278255e+08"
"2026-04-27 05:00:00","2.1363116867e+08","7.4934103535e+08"
"2026-04-27 05:30:00","1.9106348348e+08","7.7235364970e+08"
"2026-04-27 06:00:00","2.0898713376e+08","7.5805673692e+08"
"2026-04-27 06:30:00","1.8299869411e+08","9.3013356700e+08"
"2026-04-27 07:00:00","2.2812341076e+08","1.1127168623e+09"
"2026-04-27 07:30:00","2.7061247227e+08","1.3473564322e+09"
"2026-04-27 08:00:00","1.9598670681e+08","1.4828386882e+09"
"2026-04-27 08:30:00","1.7402725247e+08","1.5124891486e+09"
"2026-04-27 09:00:00","1.4974671503e+08","1.2886041520e+09"
"2026-04-27 09:30:00","1.6516744662e+08","1.1860602165e+09"
"2026-04-27 10:00:00","1.5745723082e+08","1.1968714809e+09"
"2026-04-27 10:30:00","1.7278640380e+08","1.2208624289e+09"
"2026-04-27 11:00:00","1.6206737874e+08","1.2212204653e+09"
"2026-04-27 11:30:00","1.8234792730e+08","1.2319592397e+09"
"2026-04-27 12:00:00","1.6095641001e+08","1.2261950487e+09"
"2026-04-27 12:30:00","1.6600787074e+08","1.4085859835e+09"
"2026-04-27 13:00:00","1.6316080267e+08","1.6192312729e+09"
"2026-04-27 13:30:00","1.9537691819e+08","1.9783236447e+09"
"2026-04-27 14:00:00","2.1957902327e+08","2.2856392758e+09"
"2026-04-27 14:30:00","2.0557418937e+08","2.4797830959e+09"
"2026-04-27 15:00:00","1.8077902482e+08","2.3663648982e+09"
"2026-04-27 15:30:00","1.9729612067e+08","2.2685972903e+09"
"2026-04-27 16:00:00","2.2975242553e+08","2.5796855083e+09"
"2026-04-27 16:30:00","2.0922068267e+08","2.5274239513e+09"
"2026-04-27 17:00:00","1.8986629395e+08","2.4691225226e+09"
"2026-04-27 17:30:00","2.0672234896e+08","2.5247369820e+09"
"2026-04-27 18:00:00","NaN","NaN"
