"Title:","'ALCORT_R3_Huawei_Trunk5.403 - Trafico 10G Lyntia Medina Garvey'"
"Vertical Label:","'bits per second'"
"Start Date:","2026-04-20 18:00:00"
"End Date:","2026-04-20 18:00:00"
"Step:","1800"
"Total Rows:","337"
"Graph ID:","306"
"Host ID:","6"
""
"Date","Inbound","Outbound"
"2026-04-20 18:00:00","6.0454006065e+08","2.8257660499e+09"
"2026-04-20 18:30:00","6.4162117258e+08","2.8884659031e+09"
"2026-04-20 19:00:00","6.6077460920e+08","2.6010062999e+09"
"2026-04-20 19:30:00","7.4082142628e+08","2.6990335381e+09"
"2026-04-20 20:00:00","7.3492513625e+08","2.1824132119e+09"
"2026-04-20 20:30:00","7.3968002693e+08","2.1235946155e+09"
"2026-04-20 21:00:00","6.4806145651e+08","2.4684005158e+09"
"2026-04-20 21:30:00","6.0885013959e+08","3.0322373394e+09"
"2026-04-20 22:00:00","6.6308780078e+08","3.7966572010e+09"
"2026-04-20 22:30:00","6.5426057681e+08","3.6735867471e+09"
"2026-04-20 23:00:00","7.3783454505e+08","4.1574363689e+09"
"2026-04-20 23:30:00","6.2694522303e+08","3.9461901396e+09"
"2026-04-21 00:00:00","6.4986103846e+08","3.5085574740e+09"
"2026-04-21 00:30:00","4.7251489675e+08","2.7871474743e+09"
"2026-04-21 01:00:00","4.8533461923e+08","2.4553318392e+09"
"2026-04-21 01:30:00","4.7715092681e+08","1.6407294219e+09"
"2026-04-21 02:00:00","4.6055791939e+08","1.1861457399e+09"
"2026-04-21 02:30:00","4.2238338421e+08","1.4841693065e+09"
"2026-04-21 03:00:00","4.0456862709e+08","7.8634028060e+08"
"2026-04-21 03:30:00","4.2629679746e+08","7.0844529991e+08"
"2026-04-21 04:00:00","3.4999757698e+08","6.4991175187e+08"
"2026-04-21 04:30:00","3.5535171087e+08","5.5420810896e+08"
"2026-04-21 05:00:00","3.7088600909e+08","4.9455878097e+08"
"2026-04-21 05:30:00","3.7693825947e+08","4.3815043179e+08"
"2026-04-21 06:00:00","3.8892698777e+08","4.4587284305e+08"
"2026-04-21 06:30:00","3.5912188384e+08","5.5443434567e+08"
"2026-04-21 07:00:00","3.5220639346e+08","6.1932982680e+08"
"2026-04-21 07:30:00","3.8516443241e+08","6.8739101163e+08"
"2026-04-21 08:00:00","4.2544517822e+08","8.2411062582e+08"
"2026-04-21 08:30:00","4.3468449604e+08","1.0634635807e+09"
"2026-04-21 09:00:00","4.3942434427e+08","1.0270983280e+09"
"2026-04-21 09:30:00","5.6789814233e+08","9.7154489753e+08"
"2026-04-21 10:00:00","4.8995551643e+08","1.0107043082e+09"
"2026-04-21 10:30:00","5.7122451696e+08","1.0675882949e+09"
"2026-04-21 11:00:00","6.2434929161e+08","1.1961851934e+09"
"2026-04-21 11:30:00","6.4762422523e+08","1.1826448584e+09"
"2026-04-21 12:00:00","4.7970983353e+08","1.1434600820e+09"
"2026-04-21 12:30:00","5.7268580771e+08","1.2290999305e+09"
"2026-04-21 13:00:00","5.9275208524e+08","1.6126192274e+09"
"2026-04-21 13:30:00","7.4672415225e+08","1.5656155657e+09"
"2026-04-21 14:00:00","5.6542494650e+08","1.4691908869e+09"
"2026-04-21 14:30:00","7.7041567143e+08","1.8518900249e+09"
"2026-04-21 15:00:00","5.9910137097e+08","2.3139019598e+09"
"2026-04-21 15:30:00","7.5709231787e+08","2.8727299099e+09"
"2026-04-21 16:00:00","7.0670443550e+08","3.3866409034e+09"
"2026-04-21 16:30:00","5.9325638045e+08","3.1661537713e+09"
"2026-04-21 17:00:00","6.2536784002e+08","2.9587970342e+09"
"2026-04-21 17:30:00","6.2931622400e+08","2.9976705960e+09"
"2026-04-21 18:00:00","5.8982648020e+08","2.7664955775e+09"
"2026-04-21 18:30:00","6.2699112992e+08","2.4987962160e+09"
"2026-04-21 19:00:00","6.1098496616e+08","2.2752798439e+09"
"2026-04-21 19:30:00","5.7635282892e+08","2.7046086342e+09"
"2026-04-21 20:00:00","5.0419868736e+08","2.5764371698e+09"
"2026-04-21 20:30:00","6.5634793426e+08","3.0739857274e+09"
"2026-04-21 21:00:00","7.1329852288e+08","3.5055827726e+09"
"2026-04-21 21:30:00","7.2360092744e+08","3.9827036980e+09"
"2026-04-21 22:00:00","8.3323336197e+08","4.5607920908e+09"
"2026-04-21 22:30:00","9.3590385576e+08","5.1177403190e+09"
"2026-04-21 23:00:00","8.7774067132e+08","5.1294924524e+09"
"2026-04-21 23:30:00","9.2144344597e+08","5.0235246229e+09"
"2026-04-22 00:00:00","6.3708324585e+08","4.1856134680e+09"
"2026-04-22 00:30:00","6.2693086254e+08","2.8966344175e+09"
"2026-04-22 01:00:00","5.4942928628e+08","2.2073814316e+09"
"2026-04-22 01:30:00","5.4175208346e+08","1.7616432999e+09"
"2026-04-22 02:00:00","5.6418398090e+08","1.2418516159e+09"
"2026-04-22 02:30:00","4.2626584073e+08","1.0526734968e+09"
"2026-04-22 03:00:00","4.2811778744e+08","8.7660714459e+08"
"2026-04-22 03:30:00","4.0123455737e+08","7.7638095670e+08"
"2026-04-22 04:00:00","4.1074673916e+08","6.1504387324e+08"
"2026-04-22 04:30:00","3.9701661856e+08","6.0291413260e+08"
"2026-04-22 05:00:00","3.7384059201e+08","4.9515924455e+08"
"2026-04-22 05:30:00","3.5721580738e+08","4.6058362879e+08"
"2026-04-22 06:00:00","4.0684279253e+08","4.6283254226e+08"
"2026-04-22 06:30:00","3.5069055190e+08","4.9693142945e+08"
"2026-04-22 07:00:00","3.9071557046e+08","6.7749688777e+08"
"2026-04-22 07:30:00","3.4423536436e+08","8.2116096617e+08"
"2026-04-22 08:00:00","3.4556063723e+08","9.9877720907e+08"
"2026-04-22 08:30:00","3.8566569397e+08","1.2314045457e+09"
"2026-04-22 09:00:00","3.8845170254e+08","1.0891586206e+09"
"2026-04-22 09:30:00","4.9089876587e+08","1.0014474288e+09"
"2026-04-22 10:00:00","3.9428848853e+08","9.7812001307e+08"
"2026-04-22 10:30:00","4.2513268551e+08","1.0684469003e+09"
"2026-04-22 11:00:00","4.2526797220e+08","1.1001417593e+09"
"2026-04-22 11:30:00","4.1556403521e+08","1.0952135764e+09"
"2026-04-22 12:00:00","4.3568839596e+08","1.0982233911e+09"
"2026-04-22 12:30:00","4.5035607088e+08","1.2629809424e+09"
"2026-04-22 13:00:00","4.7082620977e+08","1.8399328313e+09"
"2026-04-22 13:30:00","5.6572936026e+08","2.0577867839e+09"
"2026-04-22 14:00:00","4.9196445764e+08","1.4509771012e+09"
"2026-04-22 14:30:00","5.0771390350e+08","1.8256437957e+09"
"2026-04-22 15:00:00","5.8912240072e+08","2.6526584205e+09"
"2026-04-22 15:30:00","6.4536329059e+08","3.0069098144e+09"
"2026-04-22 16:00:00","5.9735381543e+08","3.2624442869e+09"
"2026-04-22 16:30:00","5.7334834234e+08","3.8557018938e+09"
"2026-04-22 17:00:00","5.8146846028e+08","2.9364666687e+09"
"2026-04-22 17:30:00","6.0289112133e+08","2.7167811650e+09"
"2026-04-22 18:00:00","7.6051211643e+08","2.5213677488e+09"
"2026-04-22 18:30:00","5.5795568353e+08","2.3985820976e+09"
"2026-04-22 19:00:00","6.6334381700e+08","2.3300169713e+09"
"2026-04-22 19:30:00","7.4133094375e+08","2.3243278040e+09"
"2026-04-22 20:00:00","6.9581051663e+08","2.3710083428e+09"
"2026-04-22 20:30:00","6.5449906379e+08","2.3766396476e+09"
"2026-04-22 21:00:00","8.2237401412e+08","2.5450595284e+09"
"2026-04-22 21:30:00","8.3292407483e+08","2.8723784895e+09"
"2026-04-22 22:00:00","7.5639016200e+08","3.7343235251e+09"
"2026-04-22 22:30:00","8.4184643540e+08","4.1976183436e+09"
"2026-04-22 23:00:00","7.5501821720e+08","5.0132100569e+09"
"2026-04-22 23:30:00","7.6210519212e+08","5.0013831390e+09"
"2026-04-23 00:00:00","7.1308982426e+08","3.8862815127e+09"
"2026-04-23 00:30:00","5.5583480028e+08","2.7924281030e+09"
"2026-04-23 01:00:00","5.4137815767e+08","2.2478111405e+09"
"2026-04-23 01:30:00","4.3930502140e+08","1.9822110622e+09"
"2026-04-23 02:00:00","4.5426357562e+08","1.4908182056e+09"
"2026-04-23 02:30:00","4.3310853388e+08","1.0777192803e+09"
"2026-04-23 03:00:00","4.8729578050e+08","1.0900152515e+09"
"2026-04-23 03:30:00","4.5947751785e+08","9.3203652733e+08"
"2026-04-23 04:00:00","4.9046759387e+08","6.5001895297e+08"
"2026-04-23 04:30:00","3.8967824049e+08","6.4660821358e+08"
"2026-04-23 05:00:00","4.3478880457e+08","4.9492386104e+08"
"2026-04-23 05:30:00","4.4868648460e+08","4.6495084701e+08"
"2026-04-23 06:00:00","4.6199505418e+08","5.0834884995e+08"
"2026-04-23 06:30:00","3.9153370505e+08","6.8132201678e+08"
"2026-04-23 07:00:00","4.3917811452e+08","5.7342752294e+08"
"2026-04-23 07:30:00","4.7384079354e+08","7.5115481059e+08"
"2026-04-23 08:00:00","6.0119713676e+08","9.2418414811e+08"
"2026-04-23 08:30:00","5.6190334362e+08","1.1201061082e+09"
"2026-04-23 09:00:00","5.7042738624e+08","1.1105108614e+09"
"2026-04-23 09:30:00","5.6089962368e+08","9.5984124149e+08"
"2026-04-23 10:00:00","4.1780360997e+08","1.0067780817e+09"
"2026-04-23 10:30:00","6.1249650812e+08","1.0124446184e+09"
"2026-04-23 11:00:00","6.6258931969e+08","1.2742011384e+09"
"2026-04-23 11:30:00","6.4837100615e+08","1.2277798373e+09"
"2026-04-23 12:00:00","6.5216428058e+08","1.4831638715e+09"
"2026-04-23 12:30:00","7.6869727614e+08","1.3167421362e+09"
"2026-04-23 13:00:00","6.5943842719e+08","1.6201464801e+09"
"2026-04-23 13:30:00","6.5342157528e+08","1.4864513725e+09"
"2026-04-23 14:00:00","6.2780630074e+08","1.3941813875e+09"
"2026-04-23 14:30:00","5.4852393906e+08","1.6486766374e+09"
"2026-04-23 15:00:00","6.3744716119e+08","2.5179454838e+09"
"2026-04-23 15:30:00","5.8594049177e+08","2.8434084873e+09"
"2026-04-23 16:00:00","6.0405035469e+08","3.1566865913e+09"
"2026-04-23 16:30:00","6.1189263233e+08","3.5511183410e+09"
"2026-04-23 17:00:00","6.5790740571e+08","3.1722982079e+09"
"2026-04-23 17:30:00","7.1476278728e+08","3.4378024286e+09"
"2026-04-23 18:00:00","5.3975618656e+08","2.9729071707e+09"
"2026-04-23 18:30:00","6.3043804326e+08","2.7684982952e+09"
"2026-04-23 19:00:00","6.4352712388e+08","2.3975872879e+09"
"2026-04-23 19:30:00","9.0125815671e+08","2.8438425295e+09"
"2026-04-23 20:00:00","8.3533759297e+08","3.1997150705e+09"
"2026-04-23 20:30:00","9.2907686533e+08","3.1784840690e+09"
"2026-04-23 21:00:00","1.0286292242e+09","3.5260353363e+09"
"2026-04-23 21:30:00","1.0118363044e+09","4.5640090297e+09"
"2026-04-23 22:00:00","7.9261393907e+08","4.1370676508e+09"
"2026-04-23 22:30:00","8.1778659258e+08","4.6116302418e+09"
"2026-04-23 23:00:00","8.0168406080e+08","4.6088326707e+09"
"2026-04-23 23:30:00","8.1641050324e+08","5.1308100774e+09"
"2026-04-24 00:00:00","7.7778582279e+08","3.9964052558e+09"
"2026-04-24 00:30:00","5.4084845597e+08","3.2232177652e+09"
"2026-04-24 01:00:00","5.0529404688e+08","2.2369785840e+09"
"2026-04-24 01:30:00","5.2232081461e+08","1.8349496533e+09"
"2026-04-24 02:00:00","5.2088172481e+08","1.5090607756e+09"
"2026-04-24 02:30:00","4.9363927500e+08","1.2194392798e+09"
"2026-04-24 03:00:00","4.9828981653e+08","9.7497872696e+08"
"2026-04-24 03:30:00","4.4567875113e+08","7.5224798222e+08"
"2026-04-24 04:00:00","3.9298632791e+08","5.9535753922e+08"
"2026-04-24 04:30:00","4.8384197397e+08","6.0590401483e+08"
"2026-04-24 05:00:00","4.2088697710e+08","4.8219895321e+08"
"2026-04-24 05:30:00","4.1624793402e+08","4.6843299620e+08"
"2026-04-24 06:00:00","4.2779786004e+08","5.2216589793e+08"
"2026-04-24 06:30:00","3.8449748893e+08","5.8778049844e+08"
"2026-04-24 07:00:00","4.0183090496e+08","7.3049821896e+08"
"2026-04-24 07:30:00","4.6936063673e+08","8.2240859441e+08"
"2026-04-24 08:00:00","6.3971810168e+08","9.7463474573e+08"
"2026-04-24 08:30:00","5.5737178960e+08","1.2083817676e+09"
"2026-04-24 09:00:00","6.3739946255e+08","1.1179394214e+09"
"2026-04-24 09:30:00","7.0569086220e+08","1.0792602865e+09"
"2026-04-24 10:00:00","4.9705505368e+08","1.1148422941e+09"
"2026-04-24 10:30:00","4.8974535941e+08","1.2354152393e+09"
"2026-04-24 11:00:00","6.3446837167e+08","1.3193377121e+09"
"2026-04-24 11:30:00","5.8522336129e+08","1.3247893088e+09"
"2026-04-24 12:00:00","6.8781988916e+08","1.4831765092e+09"
"2026-04-24 12:30:00","6.8000339139e+08","1.4910683340e+09"
"2026-04-24 13:00:00","6.4402569378e+08","1.4476024043e+09"
"2026-04-24 13:30:00","6.5846522716e+08","1.6539664541e+09"
"2026-04-24 14:00:00","5.5325958897e+08","1.5728289650e+09"
"2026-04-24 14:30:00","6.8431667176e+08","1.9234133773e+09"
"2026-04-24 15:00:00","9.0561411453e+08","2.5314956326e+09"
"2026-04-24 15:30:00","7.1319200517e+08","2.8188003300e+09"
"2026-04-24 16:00:00","6.9161177473e+08","3.3978927298e+09"
"2026-04-24 16:30:00","8.6261287200e+08","3.4927490787e+09"
"2026-04-24 17:00:00","8.1290777598e+08","3.3269725792e+09"
"2026-04-24 17:30:00","7.2183290326e+08","3.1113712738e+09"
"2026-04-24 18:00:00","8.6761916250e+08","2.6155460496e+09"
"2026-04-24 18:30:00","7.3972764621e+08","2.3791142411e+09"
"2026-04-24 19:00:00","7.2299530146e+08","2.5434600562e+09"
"2026-04-24 19:30:00","8.8117193878e+08","2.2816129188e+09"
"2026-04-24 20:00:00","7.5884200096e+08","2.1225639116e+09"
"2026-04-24 20:30:00","8.0506019558e+08","2.0546315692e+09"
"2026-04-24 21:00:00","7.4475691419e+08","2.7976605419e+09"
"2026-04-24 21:30:00","6.8709536015e+08","3.6767782635e+09"
"2026-04-24 22:00:00","9.6766422266e+08","4.2755283113e+09"
"2026-04-24 22:30:00","9.7062334125e+08","4.2564567059e+09"
"2026-04-24 23:00:00","8.6387332929e+08","4.5408849836e+09"
"2026-04-24 23:30:00","6.9470835215e+08","4.1389570443e+09"
"2026-04-25 00:00:00","5.7034094684e+08","3.7962752308e+09"
"2026-04-25 00:30:00","5.4095574847e+08","3.4136095336e+09"
"2026-04-25 01:00:00","5.1122638651e+08","2.8024713953e+09"
"2026-04-25 01:30:00","4.9060834664e+08","2.3303563425e+09"
"2026-04-25 02:00:00","4.4889250138e+08","1.8143454325e+09"
"2026-04-25 02:30:00","4.9744768765e+08","1.9172792712e+09"
"2026-04-25 03:00:00","4.3269738056e+08","1.1690951546e+09"
"2026-04-25 03:30:00","3.8043101689e+08","9.4833767785e+08"
"2026-04-25 04:00:00","3.7474924441e+08","7.5939556112e+08"
"2026-04-25 04:30:00","3.9472005007e+08","6.8729853129e+08"
"2026-04-25 05:00:00","3.9203645731e+08","6.3143729526e+08"
"2026-04-25 05:30:00","4.3108800086e+08","6.1047274613e+08"
"2026-04-25 06:00:00","3.7055942668e+08","5.7280240153e+08"
"2026-04-25 06:30:00","3.8113080477e+08","5.6744325329e+08"
"2026-04-25 07:00:00","4.6473860575e+08","5.9433495287e+08"
"2026-04-25 07:30:00","4.7854535891e+08","5.6281541376e+08"
"2026-04-25 08:00:00","4.2531486401e+08","6.3550425524e+08"
"2026-04-25 08:30:00","3.8668787907e+08","8.6866067756e+08"
"2026-04-25 09:00:00","3.7998097458e+08","1.1645435071e+09"
"2026-04-25 09:30:00","4.0022289840e+08","1.4656526433e+09"
"2026-04-25 10:00:00","4.9835016811e+08","1.7426535192e+09"
"2026-04-25 10:30:00","5.0690543647e+08","2.4738927163e+09"
"2026-04-25 11:00:00","5.0588993849e+08","2.7370043499e+09"
"2026-04-25 11:30:00","4.8426096105e+08","2.1237032269e+09"
"2026-04-25 12:00:00","4.8422767754e+08","2.1517624973e+09"
"2026-04-25 12:30:00","5.3370086836e+08","2.5931099691e+09"
"2026-04-25 13:00:00","5.9898920156e+08","2.3767281036e+09"
"2026-04-25 13:30:00","5.4667856581e+08","2.8835682984e+09"
"2026-04-25 14:00:00","4.8402212918e+08","2.5435237764e+09"
"2026-04-25 14:30:00","4.7472127231e+08","2.3556259993e+09"
"2026-04-25 15:00:00","5.1957072183e+08","2.8257253172e+09"
"2026-04-25 15:30:00","5.0330971716e+08","3.2585274181e+09"
"2026-04-25 16:00:00","5.2078042135e+08","3.6568377538e+09"
"2026-04-25 16:30:00","6.7249314669e+08","3.5926658351e+09"
"2026-04-25 17:00:00","6.6677094376e+08","3.3046149733e+09"
"2026-04-25 17:30:00","5.8732348189e+08","3.2182863182e+09"
"2026-04-25 18:00:00","6.5937442230e+08","3.2977520683e+09"
"2026-04-25 18:30:00","5.1630542656e+08","3.3860196843e+09"
"2026-04-25 19:00:00","7.0411149468e+08","2.9947537267e+09"
"2026-04-25 19:30:00","6.7834982285e+08","3.0127138743e+09"
"2026-04-25 20:00:00","6.3405359374e+08","3.1774670047e+09"
"2026-04-25 20:30:00","4.8913116076e+08","2.7918220083e+09"
"2026-04-25 21:00:00","5.0595593087e+08","3.0055673765e+09"
"2026-04-25 21:30:00","6.0372301773e+08","3.0826499564e+09"
"2026-04-25 22:00:00","5.2572630584e+08","3.0963376757e+09"
"2026-04-25 22:30:00","5.0580584963e+08","3.5993757236e+09"
"2026-04-25 23:00:00","5.4141248787e+08","3.7099103985e+09"
"2026-04-25 23:30:00","5.1826524455e+08","3.7428116332e+09"
"2026-04-26 00:00:00","5.1544239566e+08","3.5551197142e+09"
"2026-04-26 00:30:00","5.5447709212e+08","3.1481201099e+09"
"2026-04-26 01:00:00","4.8961296357e+08","2.8459605906e+09"
"2026-04-26 01:30:00","5.0967124462e+08","2.3733671574e+09"
"2026-04-26 02:00:00","4.2926122092e+08","1.9503217167e+09"
"2026-04-26 02:30:00","5.5863608943e+08","1.6863410026e+09"
"2026-04-26 03:00:00","4.4025530534e+08","1.2820420178e+09"
"2026-04-26 03:30:00","3.8517817164e+08","1.0796115286e+09"
"2026-04-26 04:00:00","4.4724088827e+08","8.4505867321e+08"
"2026-04-26 04:30:00","4.2716098197e+08","7.5632631194e+08"
"2026-04-26 05:00:00","4.1146753024e+08","5.6255940132e+08"
"2026-04-26 05:30:00","3.6534750346e+08","5.2553312071e+08"
"2026-04-26 06:00:00","4.5092329854e+08","7.3538561669e+08"
"2026-04-26 06:30:00","3.9425077893e+08","6.0641185261e+08"
"2026-04-26 07:00:00","3.4131470627e+08","4.4830685966e+08"
"2026-04-26 07:30:00","3.5950795244e+08","4.9358306807e+08"
"2026-04-26 08:00:00","3.8517232087e+08","5.8845303851e+08"
"2026-04-26 08:30:00","3.8988174404e+08","7.3434218046e+08"
"2026-04-26 09:00:00","4.6031779926e+08","1.0383512265e+09"
"2026-04-26 09:30:00","4.5600948431e+08","1.4017621993e+09"
"2026-04-26 10:00:00","4.5750428224e+08","1.6441574072e+09"
"2026-04-26 10:30:00","4.1276098077e+08","1.8669677145e+09"
"2026-04-26 11:00:00","4.9839180247e+08","2.0412417925e+09"
"2026-04-26 11:30:00","4.7211782854e+08","2.0302973305e+09"
"2026-04-26 12:00:00","4.6104054328e+08","2.1754217299e+09"
"2026-04-26 12:30:00","4.7825726090e+08","2.2998339107e+09"
"2026-04-26 13:00:00","4.9076533315e+08","2.6804772455e+09"
"2026-04-26 13:30:00","5.2290524168e+08","2.6497249541e+09"
"2026-04-26 14:00:00","5.0442261944e+08","2.8603479125e+09"
"2026-04-26 14:30:00","5.0422126190e+08","3.0278322167e+09"
"2026-04-26 15:00:00","4.9819560516e+08","3.0084958499e+09"
"2026-04-26 15:30:00","5.3600918306e+08","3.2585121577e+09"
"2026-04-26 16:00:00","5.3477079348e+08","3.5428245564e+09"
"2026-04-26 16:30:00","5.0765501303e+08","3.6482912742e+09"
"2026-04-26 17:00:00","5.1006096032e+08","4.5839770908e+09"
"2026-04-26 17:30:00","5.0461960802e+08","3.8536835287e+09"
"2026-04-26 18:00:00","5.1476771671e+08","3.4977154486e+09"
"2026-04-26 18:30:00","5.3466695408e+08","3.5599265546e+09"
"2026-04-26 19:00:00","5.8589978642e+08","3.5849435499e+09"
"2026-04-26 19:30:00","6.1733669486e+08","4.1237661553e+09"
"2026-04-26 20:00:00","6.6537782932e+08","4.1700953127e+09"
"2026-04-26 20:30:00","6.9087761585e+08","3.7005352148e+09"
"2026-04-26 21:00:00","7.0429527444e+08","3.1893433039e+09"
"2026-04-26 21:30:00","6.5715955219e+08","3.4502621092e+09"
"2026-04-26 22:00:00","6.0692982539e+08","3.7452129603e+09"
"2026-04-26 22:30:00","6.3046152906e+08","3.9960373503e+09"
"2026-04-26 23:00:00","6.2618930221e+08","4.6390363694e+09"
"2026-04-26 23:30:00","5.7886296394e+08","3.9893247469e+09"
"2026-04-27 00:00:00","6.1250820708e+08","3.6485748296e+09"
"2026-04-27 00:30:00","5.5359864768e+08","2.8729835219e+09"
"2026-04-27 01:00:00","5.0308615243e+08","2.3082455607e+09"
"2026-04-27 01:30:00","4.5850165595e+08","1.8100127734e+09"
"2026-04-27 02:00:00","4.6165120797e+08","1.4810787118e+09"
"2026-04-27 02:30:00","4.3747464260e+08","1.1606719451e+09"
"2026-04-27 03:00:00","3.8836879865e+08","9.9531446746e+08"
"2026-04-27 03:30:00","4.2270216220e+08","8.5437042459e+08"
"2026-04-27 04:00:00","4.2273286158e+08","6.8751864085e+08"
"2026-04-27 04:30:00","3.9395913054e+08","6.4403553207e+08"
"2026-04-27 05:00:00","3.6552968488e+08","5.3208014563e+08"
"2026-04-27 05:30:00","4.4647889707e+08","4.8656671553e+08"
"2026-04-27 06:00:00","3.7462435668e+08","4.4788031508e+08"
"2026-04-27 06:30:00","3.7460728615e+08","4.8369466117e+08"
"2026-04-27 07:00:00","3.9953052600e+08","5.9295556798e+08"
"2026-04-27 07:30:00","4.2654431327e+08","6.9508461161e+08"
"2026-04-27 08:00:00","4.7963586247e+08","8.3641095746e+08"
"2026-04-27 08:30:00","6.2539798263e+08","1.0257825051e+09"
"2026-04-27 09:00:00","7.1767681063e+08","1.0282151123e+09"
"2026-04-27 09:30:00","4.5744752377e+08","9.5984650598e+08"
"2026-04-27 10:00:00","4.7711661660e+08","9.7949841396e+08"
"2026-04-27 10:30:00","6.2342561873e+08","1.0255485907e+09"
"2026-04-27 11:00:00","8.0957368968e+08","9.8139748282e+08"
"2026-04-27 11:30:00","6.9641642700e+08","9.8790625991e+08"
"2026-04-27 12:00:00","6.3778115995e+08","1.0931683523e+09"
"2026-04-27 12:30:00","7.2669819854e+08","1.0791210129e+09"
"2026-04-27 13:00:00","6.2625060184e+08","1.1592311500e+09"
"2026-04-27 13:30:00","6.5356275007e+08","1.2490563090e+09"
"2026-04-27 14:00:00","5.1949117603e+08","1.2637233477e+09"
"2026-04-27 14:30:00","4.6831061132e+08","1.5935825310e+09"
"2026-04-27 15:00:00","4.3202361709e+08","2.0364634384e+09"
"2026-04-27 15:30:00","5.6596401727e+08","2.6033698877e+09"
"2026-04-27 16:00:00","5.0754112764e+08","3.0157586096e+09"
"2026-04-27 16:30:00","6.1576505309e+08","3.1037784286e+09"
"2026-04-27 17:00:00","4.8283414926e+08","2.9497082194e+09"
"2026-04-27 17:30:00","5.1898361980e+08","2.5301709260e+09"
"2026-04-27 18:00:00","NaN","NaN"
