"Title:","'ALCORT_R3_Huawei_GE-0/7/6 - Traffico EAM Telefonica'"
"Vertical Label:","'bits per second'"
"Start Date:","2026-03-27 17:00:00"
"End Date:","2026-03-27 17:00:00"
"Step:","7200"
"Total Rows:","373"
"Graph ID:","251"
"Host ID:","6"
""
"Date","Inbound","Outbound"
"2026-03-27 17:00:00","1.3037285800e+08","6.6001924407e+03"
"2026-03-27 19:00:00","1.0252709703e+08","6.5945447650e+03"
"2026-03-27 21:00:00","1.1706424653e+08","6.5738913479e+03"
"2026-03-27 23:00:00","1.6462104475e+08","6.5903844056e+03"
"2026-03-28 01:00:00","1.7004759700e+08","6.6104855944e+03"
"2026-03-28 03:00:00","1.0925744988e+08","6.5940610352e+03"
"2026-03-28 05:00:00","7.2644182861e+07","6.5896694444e+03"
"2026-03-28 07:00:00","4.1921839032e+07","6.5464929812e+03"
"2026-03-28 09:00:00","5.5066414085e+07","6.5849253892e+03"
"2026-03-28 11:00:00","8.4270641147e+07","6.6001791111e+03"
"2026-03-28 13:00:00","8.6762695770e+07","6.5894533333e+03"
"2026-03-28 15:00:00","1.1520990656e+08","6.5964683817e+03"
"2026-03-28 17:00:00","1.1479393904e+08","6.5938956554e+03"
"2026-03-28 19:00:00","9.3792419986e+07","6.6050519718e+03"
"2026-03-28 21:00:00","1.7449786583e+08","6.5914079609e+03"
"2026-03-28 23:00:00","1.6358601433e+08","6.5612400364e+03"
"2026-03-29 01:00:00","1.2501576260e+08","6.6054784384e+03"
"2026-03-29 04:00:00","9.2141476010e+07","6.5958978393e+03"
"2026-03-29 06:00:00","4.6370734705e+07","6.5657674570e+03"
"2026-03-29 08:00:00","4.6669852111e+07","6.5987996296e+03"
"2026-03-29 10:00:00","5.3765402868e+07","6.6032238670e+03"
"2026-03-29 12:00:00","1.1025389827e+08","6.5916518737e+03"
"2026-03-29 14:00:00","8.6952496682e+07","6.6073707492e+03"
"2026-03-29 16:00:00","9.8096522587e+07","6.5897496211e+03"
"2026-03-29 18:00:00","8.4666471699e+07","6.5907327721e+03"
"2026-03-29 20:00:00","9.6983028729e+07","6.6080181714e+03"
"2026-03-29 22:00:00","1.4048186713e+08","6.5963015750e+03"
"2026-03-30 00:00:00","1.9418600243e+08","6.5966672593e+03"
"2026-03-30 02:00:00","1.6638670839e+08","6.6065598519e+03"
"2026-03-30 04:00:00","8.5093610708e+07","6.5903477037e+03"
"2026-03-30 06:00:00","5.2414979555e+07","6.5972105612e+03"
"2026-03-30 08:00:00","6.4779954602e+07","6.5654014758e+03"
"2026-03-30 10:00:00","5.5551796965e+07","6.6044857037e+03"
"2026-03-30 12:00:00","8.5951178141e+07","6.5933033666e+03"
"2026-03-30 14:00:00","7.2049978587e+07","6.6087089667e+03"
"2026-03-30 16:00:00","8.8806061191e+07","6.6009395741e+03"
"2026-03-30 18:00:00","9.2587966551e+07","6.6015711296e+03"
"2026-03-30 20:00:00","1.5530125316e+08","6.6023292561e+03"
"2026-03-30 22:00:00","1.8272576087e+08","6.6018788586e+03"
"2026-03-31 00:00:00","1.4625254548e+08","6.6019824220e+03"
"2026-03-31 02:00:00","1.3674993873e+08","6.6005107345e+03"
"2026-03-31 04:00:00","6.1534443444e+07","6.5965975807e+03"
"2026-03-31 06:00:00","3.6962757284e+07","6.6022912593e+03"
"2026-03-31 08:00:00","5.8671161209e+07","6.5933839630e+03"
"2026-03-31 10:00:00","5.8111871333e+07","6.5056393048e+03"
"2026-03-31 12:00:00","7.9172384113e+07","6.5368848434e+03"
"2026-03-31 14:00:00","7.5328378709e+07","6.5544639259e+03"
"2026-03-31 16:00:00","1.0095827981e+08","6.6112815926e+03"
"2026-03-31 18:00:00","8.1487357991e+07","9.9299411753e+05"
"2026-03-31 20:00:00","7.4436720015e+07","6.6095486177e+03"
"2026-03-31 22:00:00","1.0082461361e+08","6.6012767407e+03"
"2026-04-01 00:00:00","1.6940590323e+08","6.6105054074e+03"
"2026-04-01 02:00:00","1.4262433912e+08","6.5945717037e+03"
"2026-04-01 04:00:00","7.9548889719e+07","6.6043700741e+03"
"2026-04-01 06:00:00","5.0614777043e+07","6.5984272143e+03"
"2026-04-01 08:00:00","6.2695353538e+07","6.5964944040e+03"
"2026-04-01 10:00:00","8.7940575587e+07","6.6063962335e+03"
"2026-04-01 12:00:00","7.4818196664e+07","6.5916685926e+03"
"2026-04-01 14:00:00","8.1095985282e+07","6.5903747590e+03"
"2026-04-01 16:00:00","9.8600202940e+07","6.5948511475e+03"
"2026-04-01 18:00:00","9.6693059833e+07","6.5988854639e+03"
"2026-04-01 20:00:00","7.7464287799e+07","6.6046220370e+03"
"2026-04-01 22:00:00","1.0754044980e+08","6.5984427778e+03"
"2026-04-02 00:00:00","1.6651944141e+08","6.6086051852e+03"
"2026-04-02 02:00:00","1.3132604978e+08","6.5920278901e+03"
"2026-04-02 04:00:00","8.3706026803e+07","6.5959130728e+03"
"2026-04-02 06:00:00","5.6613827097e+07","6.6019904677e+03"
"2026-04-02 08:00:00","3.8408796859e+07","6.5953182785e+03"
"2026-04-02 10:00:00","4.7250125002e+07","6.6095686242e+03"
"2026-04-02 12:00:00","1.0591311097e+08","6.5900092555e+03"
"2026-04-02 14:00:00","6.5001136851e+07","6.6027710274e+03"
"2026-04-02 16:00:00","7.3151085722e+07","6.5997624226e+03"
"2026-04-02 18:00:00","1.0566248175e+08","6.5970869982e+03"
"2026-04-02 20:00:00","9.5454887927e+07","6.5936091111e+03"
"2026-04-02 22:00:00","1.3796013709e+08","6.5918745926e+03"
"2026-04-03 00:00:00","1.3140914904e+08","6.5961301419e+03"
"2026-04-03 02:00:00","1.1774751548e+08","6.5967155744e+03"
"2026-04-03 04:00:00","3.4437347354e+07","2.5446320245e+03"
"2026-04-03 06:00:00","0.0000000000e+00","4.1134444444e+02"
"2026-04-03 08:00:00","0.0000000000e+00","4.2925722222e+02"
"2026-04-03 10:00:00","0.0000000000e+00","4.1290849341e+02"
"2026-04-03 12:00:00","0.0000000000e+00","4.3673095104e+02"
"2026-04-03 14:00:00","0.0000000000e+00","4.4968825800e+02"
"2026-04-03 16:00:00","5.4170189479e+07","4.1762495568e+03"
"2026-04-03 18:00:00","7.9775114803e+07","6.5917295713e+03"
"2026-04-03 20:00:00","7.7445136101e+07","6.5993440734e+03"
"2026-04-03 22:00:00","8.2125461877e+07","6.6033671331e+03"
"2026-04-04 00:00:00","1.4085819719e+08","6.5913516715e+03"
"2026-04-04 02:00:00","1.5604202225e+08","6.5962851366e+03"
"2026-04-04 04:00:00","9.6148325698e+07","6.5912287474e+03"
"2026-04-04 06:00:00","5.6481508438e+07","6.5929271481e+03"
"2026-04-04 08:00:00","6.0364384456e+07","6.5958419733e+03"
"2026-04-04 10:00:00","7.7086091052e+07","6.6036294712e+03"
"2026-04-04 12:00:00","8.2182560928e+07","6.5877611852e+03"
"2026-04-04 14:00:00","7.7123659467e+07","6.5272755938e+03"
"2026-04-04 16:00:00","8.7858062577e+07","6.5159804432e+03"
"2026-04-04 18:00:00","1.1807458322e+08","6.5289609630e+03"
"2026-04-04 20:00:00","1.1613335133e+08","6.5796826296e+03"
"2026-04-04 22:00:00","1.4025328545e+08","6.5945004074e+03"
"2026-04-05 00:00:00","1.6403926847e+08","6.5951308185e+03"
"2026-04-05 02:00:00","1.5955537785e+08","6.6056545149e+03"
"2026-04-05 04:00:00","8.3151351822e+07","6.5911712593e+03"
"2026-04-05 06:00:00","5.4488612719e+07","6.5952954815e+03"
"2026-04-05 08:00:00","4.7360511268e+07","6.5885956485e+03"
"2026-04-05 10:00:00","5.8952360182e+07","6.5913752404e+03"
"2026-04-05 12:00:00","8.3957781111e+07","6.5954240185e+03"
"2026-04-05 14:00:00","7.1921041713e+07","6.6031728352e+03"
"2026-04-05 16:00:00","9.5969905356e+07","6.5956878130e+03"
"2026-04-05 18:00:00","1.3999488193e+08","6.6074331852e+03"
"2026-04-05 20:00:00","1.3321872353e+08","6.5985195556e+03"
"2026-04-05 22:00:00","1.2177328686e+08","6.5880806852e+03"
"2026-04-06 00:00:00","1.9220040186e+08","6.5959175225e+03"
"2026-04-06 02:00:00","1.4175840566e+08","6.5951356812e+03"
"2026-04-06 04:00:00","1.0542520333e+08","6.6042955556e+03"
"2026-04-06 06:00:00","8.6121620277e+07","6.5929647250e+03"
"2026-04-06 08:00:00","5.9710461085e+07","6.5818994231e+03"
"2026-04-06 10:00:00","9.0264997412e+07","6.5983725185e+03"
"2026-04-06 12:00:00","9.8015135976e+07","6.5925396403e+03"
"2026-04-06 14:00:00","1.1471709549e+08","6.5932036560e+03"
"2026-04-06 16:00:00","1.0060480628e+08","6.6051305853e+03"
"2026-04-06 18:00:00","1.3278611379e+08","6.5919685064e+03"
"2026-04-06 20:00:00","1.0045020703e+08","6.6100197382e+03"
"2026-04-06 22:00:00","1.3029322039e+08","6.5961191701e+03"
"2026-04-07 00:00:00","1.5763814414e+08","6.5996960926e+03"
"2026-04-07 02:00:00","1.5690349235e+08","6.6070659815e+03"
"2026-04-07 04:00:00","1.1470179758e+08","6.5905227407e+03"
"2026-04-07 06:00:00","6.5983620430e+07","6.6034135185e+03"
"2026-04-07 08:00:00","6.8666899271e+07","6.6012767527e+03"
"2026-04-07 10:00:00","5.5914580884e+07","6.5966855436e+03"
"2026-04-07 12:00:00","5.5280810530e+07","6.5872949083e+03"
"2026-04-07 14:00:00","6.3816201432e+07","6.5968866472e+03"
"2026-04-07 16:00:00","8.6165531210e+07","6.6029899994e+03"
"2026-04-07 18:00:00","1.0119354408e+08","6.5900853552e+03"
"2026-04-07 20:00:00","1.0846901755e+08","6.5964642010e+03"
"2026-04-07 22:00:00","1.4653944910e+08","6.6056317445e+03"
"2026-04-08 00:00:00","1.8784842086e+08","6.5935880603e+03"
"2026-04-08 02:00:00","1.1921555085e+08","6.5973991525e+03"
"2026-04-08 04:00:00","6.2485264225e+07","6.5886419586e+03"
"2026-04-08 06:00:00","4.9253281739e+07","6.5998807878e+03"
"2026-04-08 08:00:00","5.4778371043e+07","6.5902244815e+03"
"2026-04-08 10:00:00","7.4410078083e+07","6.5920870370e+03"
"2026-04-08 12:00:00","4.9880626021e+07","6.5849173735e+03"
"2026-04-08 14:00:00","9.8192787350e+07","6.5937379228e+03"
"2026-04-08 16:00:00","1.2751680297e+08","6.5934220926e+03"
"2026-04-08 18:00:00","1.0444419067e+08","6.5699485722e+03"
"2026-04-08 20:00:00","1.0383739116e+08","6.6049060328e+03"
"2026-04-08 22:00:00","1.6170146987e+08","6.6013347016e+03"
"2026-04-09 00:00:00","2.1357957876e+08","6.6032964156e+03"
"2026-04-09 02:00:00","1.4305990928e+08","6.5965087963e+03"
"2026-04-09 04:00:00","7.4106430959e+07","6.6028924630e+03"
"2026-04-09 06:00:00","4.9484693335e+07","6.5786094633e+03"
"2026-04-09 08:00:00","5.5619909445e+07","6.5989344991e+03"
"2026-04-09 10:00:00","6.1282414434e+07","6.5957651730e+03"
"2026-04-09 12:00:00","6.2906384556e+07","6.5851732969e+03"
"2026-04-09 14:00:00","1.0730706703e+08","6.6019297045e+03"
"2026-04-09 16:00:00","9.6027582732e+07","6.5954763817e+03"
"2026-04-09 18:00:00","9.4913504920e+07","6.5930156334e+03"
"2026-04-09 20:00:00","1.6802207831e+08","6.6019270888e+03"
"2026-04-09 22:00:00","1.4202134375e+08","6.5950006890e+03"
"2026-04-10 00:00:00","1.7586205600e+08","6.6024856210e+03"
"2026-04-10 02:00:00","1.1442138835e+08","6.5936650638e+03"
"2026-04-10 04:00:00","7.6905509220e+07","6.5973753855e+03"
"2026-04-10 06:00:00","5.1574990086e+07","6.6012741481e+03"
"2026-04-10 08:00:00","4.9675848318e+07","6.5984007037e+03"
"2026-04-10 10:00:00","5.5712615925e+07","6.5925232775e+03"
"2026-04-10 12:00:00","8.3550521162e+07","6.5891874633e+03"
"2026-04-10 14:00:00","9.7987294925e+07","6.5951448908e+03"
"2026-04-10 16:00:00","9.5811590413e+07","6.5878904055e+03"
"2026-04-10 18:00:00","1.8333442184e+08","6.5978794997e+03"
"2026-04-10 20:00:00","1.2416483635e+08","6.5893482680e+03"
"2026-04-10 22:00:00","1.1820024901e+08","6.6120353434e+03"
"2026-04-11 00:00:00","1.5615551929e+08","6.5965906296e+03"
"2026-04-11 02:00:00","1.6814776137e+08","6.5922942593e+03"
"2026-04-11 04:00:00","1.3508340303e+08","6.5936595507e+03"
"2026-04-11 06:00:00","6.0673552234e+07","6.6066185604e+03"
"2026-04-11 08:00:00","6.3832553078e+07","6.5911170680e+03"
"2026-04-11 10:00:00","6.3708671028e+07","6.5931503764e+03"
"2026-04-11 12:00:00","8.9291530540e+07","6.5910190521e+03"
"2026-04-11 14:00:00","1.0960427882e+08","6.5907547245e+03"
"2026-04-11 16:00:00","1.7967385333e+08","6.6098722234e+03"
"2026-04-11 18:00:00","1.0947223887e+08","6.5908380000e+03"
"2026-04-11 20:00:00","1.3730897981e+08","6.5976059184e+03"
"2026-04-11 22:00:00","1.4729014481e+08","6.5940807798e+03"
"2026-04-12 00:00:00","1.4245345081e+08","6.5962957559e+03"
"2026-04-12 02:00:00","1.7385283668e+08","6.5914853236e+03"
"2026-04-12 04:00:00","1.6514127844e+08","6.5916060000e+03"
"2026-04-12 06:00:00","1.2849308213e+08","6.6086056296e+03"
"2026-04-12 08:00:00","4.5109651951e+07","6.5954230000e+03"
"2026-04-12 10:00:00","5.3697004643e+07","6.5868292222e+03"
"2026-04-12 12:00:00","8.6529108790e+07","6.5923794815e+03"
"2026-04-12 14:00:00","1.1044910227e+08","6.5966450000e+03"
"2026-04-12 16:00:00","1.1978791273e+08","6.6040001463e+03"
"2026-04-12 18:00:00","1.1163829251e+08","6.5910029278e+03"
"2026-04-12 20:00:00","1.2922797217e+08","6.5935975807e+03"
"2026-04-12 22:00:00","1.7922134172e+08","6.5973442858e+03"
"2026-04-13 00:00:00","2.3382669877e+08","6.6014106521e+03"
"2026-04-13 02:00:00","1.4629562399e+08","6.6062143465e+03"
"2026-04-13 04:00:00","6.8211460259e+07","6.5917475706e+03"
"2026-04-13 06:00:00","3.9512051383e+07","6.5999033606e+03"
"2026-04-13 08:00:00","5.4009353213e+07","6.5879442158e+03"
"2026-04-13 10:00:00","5.7300920652e+07","6.6077738397e+03"
"2026-04-13 12:00:00","9.4275008785e+07","6.5956796296e+03"
"2026-04-13 14:00:00","5.1491357290e+07","6.5916351111e+03"
"2026-04-13 16:00:00","9.9839124950e+07","6.4960725185e+03"
"2026-04-13 18:00:00","1.3765253067e+08","6.5389977037e+03"
"2026-04-13 20:00:00","1.2942939657e+08","6.6048578519e+03"
"2026-04-13 22:00:00","1.4639956715e+08","6.5898065370e+03"
"2026-04-14 00:00:00","1.6495287658e+08","6.6004093826e+03"
"2026-04-14 02:00:00","1.2004834746e+08","6.5887550471e+03"
"2026-04-14 04:00:00","9.4859792751e+07","6.5913274592e+03"
"2026-04-14 06:00:00","7.6532458213e+07","6.6070472037e+03"
"2026-04-14 08:00:00","5.6775648859e+07","6.5901740741e+03"
"2026-04-14 10:00:00","5.2074664026e+07","6.5938999259e+03"
"2026-04-14 12:00:00","5.5464664564e+07","6.5946373823e+03"
"2026-04-14 14:00:00","5.4722490320e+07","6.5852855503e+03"
"2026-04-14 16:00:00","8.3744039470e+07","6.5948142526e+03"
"2026-04-14 18:00:00","8.5142047384e+07","6.5865937407e+03"
"2026-04-14 20:00:00","1.0205890319e+08","6.5953480195e+03"
"2026-04-14 22:00:00","1.4727936418e+08","6.5917184934e+03"
"2026-04-15 00:00:00","1.8693053838e+08","6.5971447652e+03"
"2026-04-15 02:00:00","1.0367219921e+08","6.5952305182e+03"
"2026-04-15 04:00:00","7.4845765834e+07","6.5955101296e+03"
"2026-04-15 06:00:00","4.9812221817e+07","6.6079327602e+03"
"2026-04-15 08:00:00","5.9485808367e+07","6.5903285731e+03"
"2026-04-15 10:00:00","6.2722906162e+07","6.5992416852e+03"
"2026-04-15 12:00:00","5.6620089922e+07","6.5946571351e+03"
"2026-04-15 14:00:00","8.6813179195e+07","6.5917277353e+03"
"2026-04-15 16:00:00","8.6642585580e+07","6.5932449787e+03"
"2026-04-15 18:00:00","1.0835198486e+08","6.5919281785e+03"
"2026-04-15 20:00:00","1.2504017672e+08","6.5959549909e+03"
"2026-04-15 22:00:00","1.6272683504e+08","6.6079326958e+03"
"2026-04-16 00:00:00","2.4025859010e+08","6.5965235079e+03"
"2026-04-16 02:00:00","1.6573302469e+08","6.5961553081e+03"
"2026-04-16 04:00:00","1.2592139563e+08","6.5983280622e+03"
"2026-04-16 06:00:00","5.2492135917e+07","6.5991736839e+03"
"2026-04-16 08:00:00","5.7259184984e+07","6.5943823161e+03"
"2026-04-16 10:00:00","7.2835527584e+07","6.5935050741e+03"
"2026-04-16 12:00:00","7.4383367254e+07","6.6105247593e+03"
"2026-04-16 14:00:00","7.2973498727e+07","6.5957251667e+03"
"2026-04-16 16:00:00","1.0294555647e+08","6.6061137222e+03"
"2026-04-16 18:00:00","1.0541828054e+08","6.5944862222e+03"
"2026-04-16 20:00:00","1.3456066984e+08","6.5931778148e+03"
"2026-04-16 22:00:00","1.6743823016e+08","6.5232644074e+03"
"2026-04-17 00:00:00","1.7573442299e+08","6.5953962611e+03"
"2026-04-17 02:00:00","1.4916810047e+08","6.5976911463e+03"
"2026-04-17 04:00:00","1.2733403086e+08","6.6045545185e+03"
"2026-04-17 06:00:00","6.8974193433e+07","6.5911484595e+03"
"2026-04-17 08:00:00","5.5446089619e+07","6.5928208082e+03"
"2026-04-17 10:00:00","8.6216227818e+07","6.5978695471e+03"
"2026-04-17 12:00:00","6.0572779987e+07","6.6070370647e+03"
"2026-04-17 14:00:00","6.8560025279e+07","6.5912604724e+03"
"2026-04-17 16:00:00","8.6817047971e+07","6.5966669444e+03"
"2026-04-17 18:00:00","8.8715093794e+07","6.6074462963e+03"
"2026-04-17 20:00:00","9.3482385235e+07","6.5932449630e+03"
"2026-04-17 22:00:00","1.4952173326e+08","6.5934676630e+03"
"2026-04-18 00:00:00","1.8098081861e+08","6.6025321355e+03"
"2026-04-18 02:00:00","1.7948674095e+08","6.5910063497e+03"
"2026-04-18 04:00:00","1.1556020351e+08","6.6048511481e+03"
"2026-04-18 06:00:00","8.4106134429e+07","6.5919616481e+03"
"2026-04-18 08:00:00","3.3098743533e+07","6.6010110424e+03"
"2026-04-18 10:00:00","6.0479651315e+07","6.6049142724e+03"
"2026-04-18 12:00:00","1.0703549428e+08","6.5885821871e+03"
"2026-04-18 14:00:00","9.2331311137e+07","6.5953347759e+03"
"2026-04-18 16:00:00","9.7779500896e+07","6.6048021852e+03"
"2026-04-18 18:00:00","1.1325304395e+08","6.5967593333e+03"
"2026-04-18 20:00:00","9.9611718039e+07","6.6003899391e+03"
"2026-04-18 22:00:00","9.3739806167e+07","6.5967533074e+03"
"2026-04-19 00:00:00","1.1836315118e+08","6.6054204591e+03"
"2026-04-19 02:00:00","1.3333446104e+08","6.5964181833e+03"
"2026-04-19 04:00:00","1.0243779466e+08","6.6060849630e+03"
"2026-04-19 06:00:00","7.8908621606e+07","6.5952733892e+03"
"2026-04-19 08:00:00","8.2992050356e+07","6.5925117219e+03"
"2026-04-19 10:00:00","5.6637682534e+07","6.5971966570e+03"
"2026-04-19 12:00:00","1.1953399794e+08","6.6059859356e+03"
"2026-04-19 14:00:00","9.1087502637e+07","6.5941423704e+03"
"2026-04-19 16:00:00","8.2468650467e+07","6.5894230965e+03"
"2026-04-19 18:00:00","1.1077631074e+08","6.5922750146e+03"
"2026-04-19 20:00:00","1.1082897388e+08","6.6037458597e+03"
"2026-04-19 22:00:00","1.7752030351e+08","6.6047487033e+03"
"2026-04-20 00:00:00","2.4516371492e+08","6.5990257147e+03"
"2026-04-20 02:00:00","1.7227242249e+08","6.6094683531e+03"
"2026-04-20 04:00:00","1.2579412169e+08","6.5945325476e+03"
"2026-04-20 06:00:00","7.2543536843e+07","6.6082755252e+03"
"2026-04-20 08:00:00","4.5418290287e+07","6.5943021481e+03"
"2026-04-20 10:00:00","7.1894762696e+07","6.5961860370e+03"
"2026-04-20 12:00:00","1.0775640429e+08","6.5985205701e+03"
"2026-04-20 14:00:00","6.6192080810e+07","6.6017779669e+03"
"2026-04-20 16:00:00","9.3093209754e+07","6.5908775185e+03"
"2026-04-20 18:00:00","1.1860799182e+08","6.5954500370e+03"
"2026-04-20 20:00:00","1.4678305603e+08","6.6101474259e+03"
"2026-04-20 22:00:00","1.3658838673e+08","6.5925692407e+03"
"2026-04-21 00:00:00","1.7984447978e+08","6.5977485345e+03"
"2026-04-21 02:00:00","1.3163347258e+08","6.6109780195e+03"
"2026-04-21 04:00:00","8.3783560726e+07","6.5873039202e+03"
"2026-04-21 06:00:00","8.8250983392e+07","6.5954919632e+03"
"2026-04-21 08:00:00","5.7515643203e+07","6.5900645070e+03"
"2026-04-21 10:00:00","6.6460846611e+07","6.6017837080e+03"
"2026-04-21 12:00:00","7.4025890719e+07","6.6021713479e+03"
"2026-04-21 14:00:00","7.9770708630e+07","6.5935256648e+03"
"2026-04-21 16:00:00","7.6659886407e+07","6.6043479460e+03"
"2026-04-21 18:00:00","1.3178195848e+08","6.5942379010e+03"
"2026-04-21 20:00:00","1.2164813337e+08","6.6052457377e+03"
"2026-04-21 22:00:00","1.4092318926e+08","6.5931116020e+03"
"2026-04-22 00:00:00","1.8669774511e+08","6.6124719444e+03"
"2026-04-22 02:00:00","1.4175430340e+08","6.5901703151e+03"
"2026-04-22 04:00:00","8.8086709449e+07","6.5915840923e+03"
"2026-04-22 06:00:00","6.3589614576e+07","6.5926936855e+03"
"2026-04-22 08:00:00","4.4530001537e+07","6.6023812034e+03"
"2026-04-22 10:00:00","5.5861361243e+07","6.5993133704e+03"
"2026-04-22 12:00:00","5.1508106110e+07","6.5975474783e+03"
"2026-04-22 14:00:00","5.3304853662e+07","6.6053040402e+03"
"2026-04-22 16:00:00","9.5964101265e+07","6.5936872028e+03"
"2026-04-22 18:00:00","1.1301635134e+08","6.6092306861e+03"
"2026-04-22 20:00:00","1.2361778645e+08","6.5943996296e+03"
"2026-04-22 22:00:00","1.4295299451e+08","6.5918387037e+03"
"2026-04-23 00:00:00","2.5202445726e+08","6.6042436296e+03"
"2026-04-23 02:00:00","1.5889236389e+08","6.6001642593e+03"
"2026-04-23 04:00:00","9.3203054141e+07","6.5955607407e+03"
"2026-04-23 06:00:00","5.5975009851e+07","6.5919627407e+03"
"2026-04-23 08:00:00","5.2907015821e+07","6.6077819071e+03"
"2026-04-23 10:00:00","4.8294873619e+07","6.5963319633e+03"
"2026-04-23 12:00:00","5.4457820640e+07","6.5898545577e+03"
"2026-04-23 14:00:00","6.1721260945e+07","6.5911887942e+03"
"2026-04-23 16:00:00","8.8254047289e+07","6.5940097037e+03"
"2026-04-23 18:00:00","1.1061057602e+08","6.5998544444e+03"
"2026-04-23 20:00:00","9.9044640298e+07","6.6045284074e+03"
"2026-04-23 22:00:00","9.7952826021e+07","6.5910042593e+03"
"2026-04-24 00:00:00","1.5861728266e+08","6.5975221833e+03"
"2026-04-24 02:00:00","1.2317247260e+08","6.6091325574e+03"
"2026-04-24 04:00:00","7.7257336946e+07","6.5927857100e+03"
"2026-04-24 06:00:00","5.5259884642e+07","6.5897647600e+03"
"2026-04-24 08:00:00","4.2095093878e+07","6.5890924560e+03"
"2026-04-24 10:00:00","4.9021218555e+07","6.5908515741e+03"
"2026-04-24 12:00:00","6.2745218065e+07","6.6085450706e+03"
"2026-04-24 14:00:00","7.4384860335e+07","6.5938060906e+03"
"2026-04-24 16:00:00","9.5922013869e+07","6.6016595240e+03"
"2026-04-24 18:00:00","9.0570046080e+07","6.6012874928e+03"
"2026-04-24 20:00:00","9.2388449907e+07","6.5961642583e+03"
"2026-04-24 22:00:00","1.1124505488e+08","6.5924348045e+03"
"2026-04-25 00:00:00","1.5647110764e+08","6.5962264159e+03"
"2026-04-25 02:00:00","1.1340628187e+08","6.5975309836e+03"
"2026-04-25 04:00:00","6.0808245546e+07","6.6011146375e+03"
"2026-04-25 06:00:00","6.8330055225e+07","6.5948025185e+03"
"2026-04-25 08:00:00","5.5194335109e+07","6.6066342963e+03"
"2026-04-25 10:00:00","5.9969000901e+07","6.5972249259e+03"
"2026-04-25 12:00:00","8.1462080310e+07","6.6149408694e+03"
"2026-04-25 14:00:00","8.2614036586e+07","6.5987516861e+03"
"2026-04-25 16:00:00","9.3752490459e+07","6.5997114074e+03"
"2026-04-25 18:00:00","1.1501667578e+08","6.5990406111e+03"
"2026-04-25 20:00:00","8.4875017138e+07","6.6016063883e+03"
"2026-04-25 22:00:00","1.2309519715e+08","6.6046543534e+03"
"2026-04-26 00:00:00","1.2526075155e+08","6.6146933315e+03"
"2026-04-26 02:00:00","1.0400836237e+08","6.5967544639e+03"
"2026-04-26 04:00:00","6.2500595077e+07","6.6035271773e+03"
"2026-04-26 06:00:00","6.2416288382e+07","6.5937573412e+03"
"2026-04-26 08:00:00","4.2902679441e+07","6.5957995185e+03"
"2026-04-26 10:00:00","7.8063173035e+07","6.6069300113e+03"
"2026-04-26 12:00:00","1.0164773593e+08","6.5989095443e+03"
"2026-04-26 14:00:00","9.1430937509e+07","6.5998353333e+03"
"2026-04-26 16:00:00","1.1105848595e+08","6.5958030000e+03"
"2026-04-26 18:00:00","1.1042126390e+08","6.6032284572e+03"
"2026-04-26 20:00:00","1.2569029128e+08","6.5954967161e+03"
"2026-04-26 22:00:00","1.5579304908e+08","6.5994162165e+03"
"2026-04-27 00:00:00","1.9653106932e+08","6.6082163070e+03"
"2026-04-27 02:00:00","1.1522245518e+08","6.5911035995e+03"
"2026-04-27 04:00:00","7.4429486813e+07","6.6077449022e+03"
"2026-04-27 06:00:00","4.5862909353e+07","6.5921123940e+03"
"2026-04-27 08:00:00","4.6652220694e+07","6.6073167134e+03"
"2026-04-27 10:00:00","6.3280078097e+07","6.5950128421e+03"
"2026-04-27 12:00:00","5.7390759332e+07","6.5905908669e+03"
"2026-04-27 14:00:00","5.8336129954e+07","6.5975198738e+03"
"2026-04-27 16:00:00","8.3214599668e+07","6.6076341852e+03"
"2026-04-27 18:00:00","NaN","NaN"
